{
  "floorplan": "1K\n\nM\n",
  "packing": {
    "CLK_UNCERTAINTY": 150,
    "ENABLE_HIGH_DENSITY_IO_PACKING": false,
    "ENABLE_HIGH_DENSITY_PACKING": true,
    "ENABLE_HIGH_DENSITY_RBBM_PACKING": true,
    "ENABLE_INNER_EDGE_IO": false,
    "EXT_RAM_TDP_TO_2SP_MAP": true,
    "EXT_RAM_list": [],
    "EXT_RAM_list_inst": [],
    "FP_AUTO_GEN": false,
    "GENERATE_VIRTUAL_ARRAY": false,
    "HIGH_DENSITY_PACKING_RBB_THR": 50,
    "HOLD_TIME_THRESHOLD": 150,
    "IGNORE_INPUT_OUTPUT_DELAY": 0,
    "INTERCONNECT_DELAY": [
      5000,
      10000
    ],
    "LOGIC_DELAY": [
      0,
      10000,
      10000,
      10000,
      10000,
      1000,
      250,
      1000,
      710,
      0,
      0,
      10000,
      10000,
      10000,
      0,
      0,
      0,
      0,
      10000,
      10000,
      10000,
      10000,
      10000,
      0,
      0,
      10000,
      10000,
      0
    ],
    "MAX_MUXF8_INPUTS": 24,
    "MIN_NET_CRIT": 0.05,
    "RBB_L_DELAY": [
      [
        1800,
        1800,
        1800,
        1800,
        1800,
        1800,
        1800,
        1800,
        1800,
        1800,
        1800,
        1800,
        1800,
        1800,
        1800,
        1800,
        1800,
        1800,
        1800,
        1800,
        1800,
        1800,
        1800,
        1800,
        1800
      ],
      [
        1800,
        1800,
        1800,
        1800,
        1800,
        1800,
        1800,
        1800,
        1800,
        1800,
        1800,
        1800,
        1800,
        1800,
        1800,
        1800,
        1800,
        1800,
        1800,
        1800,
        1800,
        1800,
        1800,
        1800,
        1800
      ],
      [
        1800,
        1800,
        1800,
        1800,
        1800,
        1800,
        1800,
        1800,
        1800,
        1800,
        1800,
        1800,
        1800,
        1800,
        1800,
        1800,
        1800,
        1800,
        1800,
        1800,
        1800,
        1800,
        1800,
        1800,
        1800
      ],
      [
        1800,
        1800,
        1800,
        1800,
        1800,
        1800,
        1800,
        1800,
        1800,
        1800,
        1800,
        1800,
        1800,
        1800,
        1800,
        1800,
        1800,
        1800,
        1800,
        1800,
        1800,
        1800,
        1800,
        1800,
        1800
      ],
      [
        1800,
        1800,
        1800,
        1800,
        1800,
        1800,
        1800,
        1800,
        1800,
        1800,
        1800,
        1800,
        1800,
        1800,
        1800,
        1800,
        1800,
        1800,
        1800,
        1800,
        1800,
        1800,
        1800,
        1800,
        1800
      ],
      [
        1800,
        1800,
        1800,
        1800,
        1800,
        1800,
        1800,
        1800,
        1800,
        1800,
        1800,
        1800,
        1800,
        1800,
        1800,
        1800,
        1800,
        1800,
        1800,
        1800,
        1800,
        1800,
        1800,
        1800,
        1800
      ],
      [
        1800,
        1800,
        1800,
        1800,
        1800,
        1800,
        1800,
        1800,
        1800,
        1800,
        1800,
        1800,
        1800,
        1800,
        1800,
        1800,
        1800,
        1800,
        1800,
        1800,
        1800,
        1800,
        1800,
        1800,
        1800
      ],
      [
        1800,
        1800,
        1800,
        1800,
        1800,
        1800,
        1800,
        1800,
        1800,
        1800,
        1800,
        1800,
        1800,
        1800,
        1800,
        1800,
        1800,
        1800,
        1800,
        1800,
        1800,
        1800,
        1800,
        1800,
        1800
      ],
      [
        1800,
        1800,
        1800,
        1800,
        1800,
        1800,
        1800,
        1800,
        1800,
        1800,
        1800,
        1800,
        1800,
        1800,
        1800,
        1800,
        1800,
        1800,
        1800,
        1800,
        1800,
        1800,
        1800,
        1800,
        1800
      ],
      [
        1800,
        1800,
        1800,
        1800,
        1800,
        1800,
        1800,
        1800,
        1800,
        1800,
        1800,
        1800,
        1800,
        1800,
        1800,
        1800,
        1800,
        1800,
        1800,
        1800,
        1800,
        1800,
        1800,
        1800,
        1800
      ],
      [
        1800,
        1800,
        1800,
        1800,
        1800,
        1800,
        1800,
        1800,
        1800,
        1800,
        1800,
        1800,
        1800,
        1800,
        1800,
        1800,
        1800,
        1800,
        1800,
        1800,
        1800,
        1800,
        1800,
        1800,
        1800
      ],
      [
        1800,
        1800,
        1800,
        1800,
        1800,
        1800,
        1800,
        1800,
        1800,
        1800,
        1800,
        1800,
        1800,
        1800,
        1800,
        1800,
        1800,
        1800,
        1800,
        1800,
        1800,
        1800,
        1800,
        1800,
        1800
      ],
      [
        3000,
        3000,
        3000,
        3000,
        3000,
        3000,
        3000,
        3000,
        3000,
        3000,
        3000,
        3000,
        3000,
        3000,
        3000,
        3000,
        3000,
        3000,
        3000,
        3000,
        3000,
        3000,
        3000,
        3000,
        710
      ]
    ],
    "TIMING_DRIVEN_PACKING_THR": 0.7,
    "TIMING_REPORT_IO_PATHS": false,
    "avail_ext_ram_2p": 0,
    "avail_ext_ram_dp": 0,
    "avail_ext_ram_sp": 0,
    "clock_net": [
      {
        "clk_in": [],
        "clk_is_input": false,
        "clk_is_inverted": false,
        "clk_net": 14,
        "clk_net_has_parent": -1,
        "clk_out": [],
        "json_ref": 108
      }
    ],
    "curr_carry_len": 0,
    "debug_net": [],
    "dsp_errors": {},
    "holdtime_to_fix": [],
    "loop_clks": [],
    "max_carry_len": 40,
    "module_name": "full_adder",
    "name_to_clk_net": {
      "virtual_clock": 14
    },
    "num_physical_loops": 0,
    "packed_inst": [
      {
        "IOB": {
          "FF_CE_used": [
            -1,
            -1
          ],
          "FF_async_PRECLR": [
            -1,
            -1
          ],
          "FF_sync_SR": [
            -1,
            -1
          ],
          "clock_input": [
            14
          ],
          "clock_polarity": [
            0
          ],
          "in_len": 4,
          "inst_EFLX_input": [
            11,
            -1
          ],
          "inst_EFLX_output": [
            -1,
            -1
          ],
          "inst_FD_input": [
            -1,
            -1
          ],
          "inst_FD_output": [
            -1,
            -1
          ],
          "json_ref": 111,
          "net_EFLX_input": [
            1,
            -1
          ],
          "net_EFLX_output": [
            -1,
            -1
          ],
          "net_input": [
            -1,
            -1,
            -1,
            -1
          ],
          "net_input_timing": [
            -1,
            -1,
            -1,
            -1
          ],
          "net_input_timing_min": [
            -1,
            -1,
            -1,
            -1
          ],
          "net_output": [
            1,
            -1
          ],
          "net_output_timing": [
            -1,
            -1
          ],
          "net_output_timing_min": [
            -1,
            -1
          ],
          "out_len": 2,
          "port_EFLX_INPUT": [
            "a",
            ""
          ],
          "port_EFLX_INPUT_DELAY": [
            -1,
            -2
          ],
          "port_EFLX_OUTPUT": [
            "",
            ""
          ],
          "port_EFLX_OUTPUT_DELAY": [
            -2,
            -2
          ]
        },
        "RBB_phy_version": 0,
        "already_packed": -1,
        "clk_i": -1,
        "clock_latency": {
          "clk_source": "",
          "fall_avg": 0,
          "fall_max": 0,
          "fall_min": 0,
          "json_ref": 110,
          "rise_avg": 0,
          "rise_max": 0,
          "rise_min": 0
        },
        "clustering_index": -1,
        "dont_pack": false,
        "dont_place": false,
        "dont_touch": false,
        "in_len": 4,
        "in_out_FF": [
          {
            "in_port": []
          },
          {
            "in_port": []
          }
        ],
        "in_out_timing": [
          {
            "in_port": []
          },
          {
            "in_port": []
          }
        ],
        "input_timing_propagated": [
          true,
          true,
          true,
          true
        ],
        "input_timing_traced": [
          true,
          true,
          true,
          true
        ],
        "inst_name": "RBB_0",
        "inst_type": "type_IOB",
        "internal_timing": -1,
        "json_ref": 109,
        "net_input_branch": [
          -1,
          -1,
          -1,
          -1
        ],
        "net_input_output_timing_branch": [
          0,
          0,
          0,
          0,
          0,
          0,
          0,
          0,
          0,
          0,
          0,
          0,
          0,
          0,
          0,
          0,
          0,
          0,
          0,
          0,
          0,
          0,
          0,
          0,
          0,
          0,
          0,
          0,
          0,
          0,
          0,
          0
        ],
        "net_input_timing_branch": [
          0,
          0,
          0,
          0,
          0,
          0,
          0,
          0,
          0,
          0,
          0,
          0,
          0,
          0,
          0,
          0
        ],
        "net_output_timing_branch": [
          0,
          0,
          0,
          0,
          0,
          0,
          0,
          0
        ],
        "out_len": 2,
        "output_timing_propagated": [
          true,
          true
        ],
        "output_timing_traced": [
          true,
          true
        ],
        "placed_at_RBBM": false,
        "placed_b": 0,
        "placed_tile_x": 0,
        "placed_tile_y": 0,
        "placed_x": 6,
        "placed_y": 0,
        "prefer_place_at_RBBM": -1
      },
      {
        "IOB": {
          "FF_CE_used": [
            -1,
            -1
          ],
          "FF_async_PRECLR": [
            -1,
            -1
          ],
          "FF_sync_SR": [
            -1,
            -1
          ],
          "clock_input": [
            14
          ],
          "clock_polarity": [
            0
          ],
          "in_len": 4,
          "inst_EFLX_input": [
            12,
            -1
          ],
          "inst_EFLX_output": [
            -1,
            -1
          ],
          "inst_FD_input": [
            -1,
            -1
          ],
          "inst_FD_output": [
            -1,
            -1
          ],
          "json_ref": 114,
          "net_EFLX_input": [
            2,
            -1
          ],
          "net_EFLX_output": [
            -1,
            -1
          ],
          "net_input": [
            -1,
            -1,
            -1,
            -1
          ],
          "net_input_timing": [
            -1,
            -1,
            -1,
            -1
          ],
          "net_input_timing_min": [
            -1,
            -1,
            -1,
            -1
          ],
          "net_output": [
            2,
            -1
          ],
          "net_output_timing": [
            -1,
            -1
          ],
          "net_output_timing_min": [
            -1,
            -1
          ],
          "out_len": 2,
          "port_EFLX_INPUT": [
            "b",
            ""
          ],
          "port_EFLX_INPUT_DELAY": [
            -1,
            -2
          ],
          "port_EFLX_OUTPUT": [
            "",
            ""
          ],
          "port_EFLX_OUTPUT_DELAY": [
            -2,
            -2
          ]
        },
        "RBB_phy_version": 0,
        "already_packed": -1,
        "clk_i": -1,
        "clock_latency": {
          "clk_source": "",
          "fall_avg": 0,
          "fall_max": 0,
          "fall_min": 0,
          "json_ref": 113,
          "rise_avg": 0,
          "rise_max": 0,
          "rise_min": 0
        },
        "clustering_index": -1,
        "dont_pack": false,
        "dont_place": false,
        "dont_touch": false,
        "in_len": 4,
        "in_out_FF": [
          {
            "in_port": []
          },
          {
            "in_port": []
          }
        ],
        "in_out_timing": [
          {
            "in_port": []
          },
          {
            "in_port": []
          }
        ],
        "input_timing_propagated": [
          true,
          true,
          true,
          true
        ],
        "input_timing_traced": [
          true,
          true,
          true,
          true
        ],
        "inst_name": "RBB_1",
        "inst_type": "type_IOB",
        "internal_timing": -1,
        "json_ref": 112,
        "net_input_branch": [
          -1,
          -1,
          -1,
          -1
        ],
        "net_input_output_timing_branch": [
          0,
          0,
          0,
          0,
          0,
          0,
          0,
          0,
          0,
          0,
          0,
          0,
          0,
          0,
          0,
          0,
          0,
          0,
          0,
          0,
          0,
          0,
          0,
          0,
          0,
          0,
          0,
          0,
          0,
          0,
          0,
          0
        ],
        "net_input_timing_branch": [
          0,
          0,
          0,
          0,
          0,
          0,
          0,
          0,
          0,
          0,
          0,
          0,
          0,
          0,
          0,
          0
        ],
        "net_output_timing_branch": [
          0,
          0,
          0,
          0,
          0,
          0,
          0,
          0
        ],
        "out_len": 2,
        "output_timing_propagated": [
          true,
          true
        ],
        "output_timing_traced": [
          true,
          true
        ],
        "placed_at_RBBM": false,
        "placed_b": 0,
        "placed_tile_x": 0,
        "placed_tile_y": 0,
        "placed_x": 7,
        "placed_y": 0,
        "prefer_place_at_RBBM": -1
      },
      {
        "IOB": {
          "FF_CE_used": [
            -1,
            -1
          ],
          "FF_async_PRECLR": [
            -1,
            -1
          ],
          "FF_sync_SR": [
            -1,
            -1
          ],
          "clock_input": [
            14
          ],
          "clock_polarity": [
            0
          ],
          "in_len": 4,
          "inst_EFLX_input": [
            13,
            -1
          ],
          "inst_EFLX_output": [
            -1,
            -1
          ],
          "inst_FD_input": [
            -1,
            -1
          ],
          "inst_FD_output": [
            -1,
            -1
          ],
          "json_ref": 117,
          "net_EFLX_input": [
            3,
            -1
          ],
          "net_EFLX_output": [
            -1,
            -1
          ],
          "net_input": [
            -1,
            -1,
            -1,
            -1
          ],
          "net_input_timing": [
            -1,
            -1,
            -1,
            -1
          ],
          "net_input_timing_min": [
            -1,
            -1,
            -1,
            -1
          ],
          "net_output": [
            3,
            -1
          ],
          "net_output_timing": [
            -1,
            -1
          ],
          "net_output_timing_min": [
            -1,
            -1
          ],
          "out_len": 2,
          "port_EFLX_INPUT": [
            "c_in",
            ""
          ],
          "port_EFLX_INPUT_DELAY": [
            -1,
            -2
          ],
          "port_EFLX_OUTPUT": [
            "",
            ""
          ],
          "port_EFLX_OUTPUT_DELAY": [
            -2,
            -2
          ]
        },
        "RBB_phy_version": 0,
        "already_packed": -1,
        "clk_i": -1,
        "clock_latency": {
          "clk_source": "",
          "fall_avg": 0,
          "fall_max": 0,
          "fall_min": 0,
          "json_ref": 116,
          "rise_avg": 0,
          "rise_max": 0,
          "rise_min": 0
        },
        "clustering_index": -1,
        "dont_pack": false,
        "dont_place": false,
        "dont_touch": false,
        "in_len": 4,
        "in_out_FF": [
          {
            "in_port": []
          },
          {
            "in_port": []
          }
        ],
        "in_out_timing": [
          {
            "in_port": []
          },
          {
            "in_port": []
          }
        ],
        "input_timing_propagated": [
          true,
          true,
          true,
          true
        ],
        "input_timing_traced": [
          true,
          true,
          true,
          true
        ],
        "inst_name": "RBB_2",
        "inst_type": "type_IOB",
        "internal_timing": -1,
        "json_ref": 115,
        "net_input_branch": [
          -1,
          -1,
          -1,
          -1
        ],
        "net_input_output_timing_branch": [
          0,
          0,
          0,
          0,
          0,
          0,
          0,
          0,
          0,
          0,
          0,
          0,
          0,
          0,
          0,
          0,
          0,
          0,
          0,
          0,
          0,
          0,
          0,
          0,
          0,
          0,
          0,
          0,
          0,
          0,
          0,
          0
        ],
        "net_input_timing_branch": [
          0,
          0,
          0,
          0,
          0,
          0,
          0,
          0,
          0,
          0,
          0,
          0,
          0,
          0,
          0,
          0
        ],
        "net_output_timing_branch": [
          0,
          0,
          0,
          0,
          0,
          0,
          0,
          0
        ],
        "out_len": 2,
        "output_timing_propagated": [
          true,
          true
        ],
        "output_timing_traced": [
          true,
          true
        ],
        "placed_at_RBBM": false,
        "placed_b": 0,
        "placed_tile_x": 0,
        "placed_tile_y": 0,
        "placed_x": 24,
        "placed_y": 0,
        "prefer_place_at_RBBM": -1
      },
      {
        "IOB": {
          "FF_CE_used": [
            -1,
            -1
          ],
          "FF_async_PRECLR": [
            -1,
            -1
          ],
          "FF_sync_SR": [
            -1,
            -1
          ],
          "clock_input": [
            14
          ],
          "clock_polarity": [
            0
          ],
          "in_len": 4,
          "inst_EFLX_input": [
            -1,
            -1
          ],
          "inst_EFLX_output": [
            16,
            17
          ],
          "inst_FD_input": [
            -1,
            -1
          ],
          "inst_FD_output": [
            -1,
            -1
          ],
          "json_ref": 120,
          "net_EFLX_input": [
            -1,
            -1
          ],
          "net_EFLX_output": [
            4,
            0
          ],
          "net_input": [
            4,
            0,
            -1,
            -1
          ],
          "net_input_timing": [
            -1,
            -1,
            -1,
            -1
          ],
          "net_input_timing_min": [
            -1,
            -1,
            -1,
            -1
          ],
          "net_output": [
            -1,
            -1
          ],
          "net_output_timing": [
            -1,
            -1
          ],
          "net_output_timing_min": [
            -1,
            -1
          ],
          "out_len": 2,
          "port_EFLX_INPUT": [
            "",
            ""
          ],
          "port_EFLX_INPUT_DELAY": [
            -2,
            -2
          ],
          "port_EFLX_OUTPUT": [
            "sum",
            "sum_en"
          ],
          "port_EFLX_OUTPUT_DELAY": [
            -1,
            -1
          ]
        },
        "RBB_phy_version": 0,
        "already_packed": -1,
        "clk_i": -1,
        "clock_latency": {
          "clk_source": "",
          "fall_avg": 0,
          "fall_max": 0,
          "fall_min": 0,
          "json_ref": 119,
          "rise_avg": 0,
          "rise_max": 0,
          "rise_min": 0
        },
        "clustering_index": -1,
        "dont_pack": false,
        "dont_place": false,
        "dont_touch": false,
        "in_len": 4,
        "in_out_FF": [
          {
            "in_port": []
          },
          {
            "in_port": []
          }
        ],
        "in_out_timing": [
          {
            "in_port": []
          },
          {
            "in_port": []
          }
        ],
        "input_timing_propagated": [
          true,
          true,
          true,
          true
        ],
        "input_timing_traced": [
          true,
          true,
          true,
          true
        ],
        "inst_name": "RBB_3",
        "inst_type": "type_IOB",
        "internal_timing": -1,
        "json_ref": 118,
        "net_input_branch": [
          -1,
          -1,
          -1,
          -1
        ],
        "net_input_output_timing_branch": [
          0,
          0,
          0,
          0,
          0,
          0,
          0,
          0,
          0,
          0,
          0,
          0,
          0,
          0,
          0,
          0,
          0,
          0,
          0,
          0,
          0,
          0,
          0,
          0,
          0,
          0,
          0,
          0,
          0,
          0,
          0,
          0
        ],
        "net_input_timing_branch": [
          0,
          0,
          0,
          0,
          0,
          0,
          0,
          0,
          0,
          0,
          0,
          0,
          0,
          0,
          0,
          0
        ],
        "net_output_timing_branch": [
          0,
          0,
          0,
          0,
          0,
          0,
          0,
          0
        ],
        "out_len": 2,
        "output_timing_propagated": [
          true,
          true
        ],
        "output_timing_traced": [
          true,
          true
        ],
        "placed_at_RBBM": false,
        "placed_b": 0,
        "placed_tile_x": 0,
        "placed_tile_y": 0,
        "placed_x": 4,
        "placed_y": 31,
        "prefer_place_at_RBBM": -1
      },
      {
        "IOB": {
          "FF_CE_used": [
            -1,
            -1
          ],
          "FF_async_PRECLR": [
            -1,
            -1
          ],
          "FF_sync_SR": [
            -1,
            -1
          ],
          "clock_input": [
            14
          ],
          "clock_polarity": [
            0
          ],
          "in_len": 4,
          "inst_EFLX_input": [
            -1,
            -1
          ],
          "inst_EFLX_output": [
            14,
            15
          ],
          "inst_FD_input": [
            -1,
            -1
          ],
          "inst_FD_output": [
            -1,
            -1
          ],
          "json_ref": 123,
          "net_EFLX_input": [
            -1,
            -1
          ],
          "net_EFLX_output": [
            5,
            0
          ],
          "net_input": [
            5,
            0,
            -1,
            -1
          ],
          "net_input_timing": [
            -1,
            -1,
            -1,
            -1
          ],
          "net_input_timing_min": [
            -1,
            -1,
            -1,
            -1
          ],
          "net_output": [
            -1,
            -1
          ],
          "net_output_timing": [
            -1,
            -1
          ],
          "net_output_timing_min": [
            -1,
            -1
          ],
          "out_len": 2,
          "port_EFLX_INPUT": [
            "",
            ""
          ],
          "port_EFLX_INPUT_DELAY": [
            -2,
            -2
          ],
          "port_EFLX_OUTPUT": [
            "carry",
            "carry_en"
          ],
          "port_EFLX_OUTPUT_DELAY": [
            -1,
            -1
          ]
        },
        "RBB_phy_version": 0,
        "already_packed": -1,
        "clk_i": -1,
        "clock_latency": {
          "clk_source": "",
          "fall_avg": 0,
          "fall_max": 0,
          "fall_min": 0,
          "json_ref": 122,
          "rise_avg": 0,
          "rise_max": 0,
          "rise_min": 0
        },
        "clustering_index": -1,
        "dont_pack": false,
        "dont_place": false,
        "dont_touch": false,
        "in_len": 4,
        "in_out_FF": [
          {
            "in_port": []
          },
          {
            "in_port": []
          }
        ],
        "in_out_timing": [
          {
            "in_port": []
          },
          {
            "in_port": []
          }
        ],
        "input_timing_propagated": [
          true,
          true,
          true,
          true
        ],
        "input_timing_traced": [
          true,
          true,
          true,
          true
        ],
        "inst_name": "RBB_4",
        "inst_type": "type_IOB",
        "internal_timing": -1,
        "json_ref": 121,
        "net_input_branch": [
          -1,
          -1,
          -1,
          -1
        ],
        "net_input_output_timing_branch": [
          0,
          0,
          0,
          0,
          0,
          0,
          0,
          0,
          0,
          0,
          0,
          0,
          0,
          0,
          0,
          0,
          0,
          0,
          0,
          0,
          0,
          0,
          0,
          0,
          0,
          0,
          0,
          0,
          0,
          0,
          0,
          0
        ],
        "net_input_timing_branch": [
          0,
          0,
          0,
          0,
          0,
          0,
          0,
          0,
          0,
          0,
          0,
          0,
          0,
          0,
          0,
          0
        ],
        "net_output_timing_branch": [
          0,
          0,
          0,
          0,
          0,
          0,
          0,
          0
        ],
        "out_len": 2,
        "output_timing_propagated": [
          true,
          true
        ],
        "output_timing_traced": [
          true,
          true
        ],
        "placed_at_RBBM": false,
        "placed_b": 0,
        "placed_tile_x": 0,
        "placed_tile_y": 0,
        "placed_x": 5,
        "placed_y": 31,
        "prefer_place_at_RBBM": -1
      },
      {
        "RBB_6L": {
          "FF_CE_used": -1,
          "FF_SR_used": -1,
          "FF_async_PRECLR": [
            -1,
            -1
          ],
          "FF_latch_mode": false,
          "RAM_SRL": [
            -1,
            -1,
            -1,
            -1
          ],
          "RAM_SRL_used": false,
          "carry_len": 0,
          "clock_input": [
            -1
          ],
          "clock_polarity": [
            0
          ],
          "dual_SR_CP": false,
          "in_len": 26,
          "inst_FD": [
            -1,
            -1,
            -1,
            -1
          ],
          "inst_FDO": [
            -1,
            -1,
            -1,
            -1
          ],
          "inst_LUT4": [
            -1,
            -1,
            -1,
            9
          ],
          "inst_LUT4O": [
            -1,
            -1,
            -1,
            10
          ],
          "inst_MUXCY": [
            -1,
            -1,
            -1,
            -1
          ],
          "inst_MUXF5": [
            -1,
            -1,
            -1,
            -1
          ],
          "inst_MUXF6": [
            -1,
            -1
          ],
          "inst_MUXF7": [
            -1,
            -1
          ],
          "inst_MUXF8": -1,
          "inst_MUXFX": -1,
          "inst_XORCY": [
            -1,
            -1,
            -1,
            -1
          ],
          "json_ref": 126,
          "net_ABCD5": [
            -1,
            -1,
            -1,
            -1
          ],
          "net_ABCD6": [
            -1,
            -1,
            -1,
            -1
          ],
          "net_ABCDI": [
            -1,
            -1,
            -1,
            -1
          ],
          "net_CE": -1,
          "net_CEin": -1,
          "net_CEout": -1,
          "net_Cin": [
            -1,
            -1,
            -1,
            -1
          ],
          "net_Cout": [
            -1,
            -1,
            -1,
            -1
          ],
          "net_DI": [
            -1,
            -1,
            -1,
            -1
          ],
          "net_F5": [
            -1,
            -1,
            -1,
            -1
          ],
          "net_F6": [
            -1,
            -1
          ],
          "net_F7": [
            -1,
            -1
          ],
          "net_F8": -1,
          "net_FX": -1,
          "net_LUT4": [
            -1,
            -1,
            -1,
            5
          ],
          "net_LUT4O": [
            -1,
            -1,
            -1,
            4
          ],
          "net_Q15": [
            -1,
            -1,
            -1,
            -1
          ],
          "net_SR": -1,
          "net_SRin": -1,
          "net_SRout": -1,
          "net_Sout": [
            -1,
            -1,
            -1,
            -1
          ],
          "net_WE": -1,
          "net_WEin": -1,
          "net_WEout": -1,
          "net_input": [
            -1,
            -1,
            -1,
            -1,
            -1,
            -1,
            -1,
            -1,
            -1,
            -1,
            -1,
            -1,
            -1,
            -1,
            -1,
            -1,
            -1,
            -1,
            3,
            2,
            1,
            -1,
            -1,
            -1,
            -1,
            -1
          ],
          "net_input_timing": [
            -1,
            -1,
            -1,
            -1,
            -1,
            -1,
            -1,
            -1,
            -1,
            -1,
            -1,
            -1,
            -1,
            -1,
            -1,
            -1,
            -1,
            -1,
            -1,
            -1,
            -1,
            -1,
            -1,
            -1,
            -1,
            -1
          ],
          "net_input_timing_min": [
            -1,
            -1,
            -1,
            -1,
            -1,
            -1,
            -1,
            -1,
            -1,
            -1,
            -1,
            -1,
            -1,
            -1,
            -1,
            -1,
            -1,
            -1,
            -1,
            -1,
            -1,
            -1,
            -1,
            -1,
            -1,
            -1
          ],
          "net_output": [
            -1,
            -1,
            -1,
            -1,
            -1,
            -1,
            -1,
            -1,
            -1,
            5,
            4,
            -1,
            -1,
            -1
          ],
          "net_output_timing": [
            -1,
            -1,
            -1,
            -1,
            -1,
            -1,
            -1,
            -1,
            -1,
            -1,
            -1,
            -1,
            -1,
            -1
          ],
          "net_output_timing_min": [
            -1,
            -1,
            -1,
            -1,
            -1,
            -1,
            -1,
            -1,
            -1,
            -1,
            -1,
            -1,
            -1,
            -1
          ],
          "out_len": 14
        },
        "RBB_phy_version": 0,
        "already_packed": -1,
        "clk_i": -1,
        "clock_latency": {
          "clk_source": "",
          "fall_avg": 0,
          "fall_max": 0,
          "fall_min": 0,
          "json_ref": 125,
          "rise_avg": 0,
          "rise_max": 0,
          "rise_min": 0
        },
        "clustering_index": -1,
        "dont_pack": false,
        "dont_place": false,
        "dont_touch": false,
        "in_len": 26,
        "in_out_FF": [
          {
            "in_port": []
          },
          {
            "in_port": []
          },
          {
            "in_port": []
          },
          {
            "in_port": []
          },
          {
            "in_port": []
          },
          {
            "in_port": []
          },
          {
            "in_port": []
          },
          {
            "in_port": []
          },
          {
            "in_port": []
          },
          {
            "in_port": []
          },
          {
            "in_port": []
          },
          {
            "in_port": []
          },
          {
            "in_port": []
          },
          {
            "in_port": []
          }
        ],
        "in_out_timing": [
          {
            "in_port": []
          },
          {
            "in_port": []
          },
          {
            "in_port": []
          },
          {
            "in_port": []
          },
          {
            "in_port": []
          },
          {
            "in_port": []
          },
          {
            "in_port": []
          },
          {
            "in_port": []
          },
          {
            "in_port": []
          },
          {
            "in_port": [
              18,
              19,
              20
            ]
          },
          {
            "in_port": [
              18,
              19,
              20
            ]
          },
          {
            "in_port": []
          },
          {
            "in_port": []
          },
          {
            "in_port": []
          }
        ],
        "input_timing_propagated": [
          true,
          true,
          true,
          true,
          true,
          true,
          true,
          true,
          true,
          true,
          true,
          true,
          true,
          true,
          true,
          true,
          true,
          true,
          true,
          true,
          true,
          true,
          true,
          true,
          true,
          true
        ],
        "input_timing_traced": [
          true,
          true,
          true,
          true,
          true,
          true,
          true,
          true,
          true,
          true,
          true,
          true,
          true,
          true,
          true,
          true,
          true,
          true,
          true,
          true,
          true,
          true,
          true,
          true,
          true,
          true
        ],
        "inst_name": "RBB_5",
        "inst_type": "type_RBB_6L",
        "internal_timing": -1,
        "json_ref": 124,
        "net_input_branch": [
          -1,
          -1,
          -1,
          -1,
          -1,
          -1,
          -1,
          -1,
          -1,
          -1,
          -1,
          -1,
          -1,
          -1,
          -1,
          -1,
          -1,
          -1,
          -1,
          -1,
          -1,
          -1,
          -1,
          -1,
          -1,
          -1
        ],
        "net_input_output_timing_branch": [
          0,
          0,
          0,
          0,
          0,
          0,
          0,
          0,
          0,
          0,
          0,
          0,
          0,
          0,
          0,
          0,
          0,
          0,
          0,
          0,
          0,
          0,
          0,
          0,
          0,
          0,
          0,
          0,
          0,
          0,
          0,
          0,
          0,
          0,
          0,
          0,
          0,
          0,
          0,
          0,
          0,
          0,
          0,
          0,
          0,
          0,
          0,
          0,
          0,
          0,
          0,
          0,
          0,
          0,
          0,
          0,
          0,
          0,
          0,
          0,
          0,
          0,
          0,
          0,
          0,
          0,
          0,
          0,
          0,
          0,
          0,
          0,
          0,
          0,
          0,
          0,
          0,
          0,
          0,
          0,
          0,
          0,
          0,
          0,
          0,
          0,
          0,
          0,
          0,
          0,
          0,
          0,
          0,
          0,
          0,
          0,
          0,
          0,
          0,
          0,
          0,
          0,
          0,
          0,
          0,
          0,
          0,
          0,
          0,
          0,
          0,
          0,
          0,
          0,
          0,
          0,
          0,
          0,
          0,
          0,
          0,
          0,
          0,
          0,
          0,
          0,
          0,
          0,
          0,
          0,
          0,
          0,
          0,
          0,
          0,
          0,
          0,
          0,
          0,
          0,
          0,
          0,
          0,
          0,
          0,
          0,
          0,
          0,
          0,
          0,
          0,
          0,
          0,
          0,
          0,
          0,
          0,
          0,
          0,
          0,
          0,
          0,
          0,
          0,
          0,
          0,
          0,
          0,
          0,
          0,
          0,
          0,
          0,
          0,
          0,
          0,
          0,
          0,
          0,
          0,
          0,
          0,
          0,
          0,
          0,
          0,
          0,
          0,
          0,
          0,
          0,
          0,
          0,
          0,
          0,
          0,
          0,
          0,
          0,
          0,
          0,
          0,
          0,
          0,
          0,
          0,
          0,
          0,
          0,
          0,
          0,
          0,
          0,
          0,
          0,
          0,
          0,
          0,
          0,
          0,
          0,
          0,
          0,
          0,
          0,
          0,
          0,
          0,
          0,
          0,
          0,
          0,
          0,
          0,
          0,
          0,
          0,
          0,
          0,
          0,
          0,
          0,
          0,
          0,
          0,
          0,
          0,
          0,
          0,
          0,
          0,
          0,
          0,
          0,
          0,
          0,
          0,
          0,
          0,
          0,
          0,
          0,
          0,
          0,
          0,
          0,
          0,
          0,
          0,
          0,
          0,
          0,
          0,
          0,
          0,
          0,
          0,
          0,
          0,
          0,
          0,
          0,
          0,
          0,
          0,
          0,
          0,
          0,
          0,
          0,
          0,
          0,
          0,
          0,
          0,
          0,
          0,
          0,
          0,
          0,
          0,
          0,
          0,
          0,
          0,
          0,
          0,
          0,
          0,
          0,
          0,
          0,
          0,
          0,
          0,
          0,
          0,
          0,
          0,
          0,
          0,
          0,
          0,
          0,
          0,
          0,
          0,
          0,
          0,
          0,
          0,
          0,
          0,
          0,
          0,
          0,
          0,
          0,
          0,
          0,
          0,
          0,
          0,
          0,
          0,
          0,
          0,
          0,
          0,
          0,
          0,
          0,
          0,
          0,
          0,
          0,
          0,
          0,
          0,
          0,
          0,
          0,
          0,
          0,
          0,
          0,
          0,
          0,
          0,
          0,
          0,
          0,
          0,
          0,
          0,
          0,
          0,
          0,
          0,
          0,
          0,
          0,
          0,
          0,
          0,
          0,
          0,
          0,
          0,
          0,
          0,
          0,
          0,
          0,
          0,
          0,
          0,
          0,
          0,
          0,
          0,
          0,
          0,
          0,
          0,
          0,
          0,
          0,
          0,
          0,
          0,
          0,
          0,
          0,
          0,
          0,
          0,
          0,
          0,
          0,
          0,
          0,
          0,
          0,
          0,
          0,
          0,
          0,
          0,
          0,
          0,
          0,
          0,
          0,
          0,
          0,
          0,
          0,
          0,
          0,
          0,
          0,
          0,
          0,
          0,
          0,
          0,
          0,
          0,
          0,
          0,
          0,
          0,
          0,
          0,
          0,
          0,
          0,
          0,
          0,
          0,
          0,
          0,
          0,
          0,
          0,
          0,
          0,
          0,
          0,
          0,
          0,
          0,
          0,
          0,
          0,
          0,
          0,
          0,
          0,
          0,
          0,
          0,
          0,
          0,
          0,
          0,
          0,
          0,
          0,
          0,
          0,
          0,
          0,
          0,
          0,
          0,
          0,
          0,
          0,
          0,
          0,
          0,
          0,
          0,
          0,
          0,
          0,
          0,
          0,
          0,
          0,
          0,
          0,
          0,
          0,
          0,
          0,
          0,
          0,
          0,
          0,
          0,
          0,
          0,
          0,
          0,
          0,
          0,
          0,
          0,
          0,
          0,
          0,
          0,
          0,
          0,
          0,
          0,
          0,
          0,
          0,
          0,
          0,
          0,
          0,
          0,
          0,
          0,
          0,
          0,
          0,
          0,
          0,
          0,
          0,
          0,
          0,
          0,
          0,
          0,
          0,
          0,
          0,
          0,
          0,
          0,
          0,
          0,
          0,
          0,
          0,
          0,
          0,
          0,
          0,
          0,
          0,
          0,
          0,
          0,
          0,
          0,
          0,
          0,
          0,
          0,
          0,
          0,
          0,
          0,
          0,
          0,
          0,
          0,
          0,
          0,
          0,
          0,
          0,
          0,
          0,
          0,
          0,
          0,
          0,
          0,
          0,
          0,
          0,
          0,
          0,
          0,
          0,
          0,
          0,
          0,
          0,
          0,
          0,
          0,
          0,
          0,
          0,
          0,
          0,
          0,
          0,
          0,
          0,
          0,
          0,
          0,
          0,
          0,
          0,
          0,
          0,
          0,
          0,
          0,
          0,
          0,
          0,
          0,
          0,
          0,
          0,
          0,
          0,
          0,
          0,
          0,
          0,
          0,
          0,
          0,
          0,
          0,
          0,
          0,
          0,
          0,
          0,
          0,
          0,
          0,
          0,
          0,
          0,
          0,
          0,
          0,
          0,
          0,
          0,
          0,
          0,
          0,
          0,
          0,
          0,
          0,
          0,
          0,
          0,
          0,
          0,
          0,
          0,
          0,
          0,
          0,
          0,
          0,
          0,
          0,
          0,
          0,
          0,
          0,
          0,
          0,
          0,
          0,
          0,
          0,
          0,
          0,
          0,
          0,
          0,
          0,
          0,
          0,
          0,
          0,
          0,
          0,
          0,
          0,
          0,
          0,
          0,
          0,
          0,
          0,
          0,
          0,
          0,
          0,
          0,
          0,
          0,
          0,
          0,
          0,
          0,
          0,
          0,
          0,
          0,
          0,
          0,
          0,
          0,
          0,
          0,
          0,
          0,
          0,
          0,
          0,
          0,
          0,
          0,
          0,
          0,
          0,
          0,
          0,
          0,
          0,
          0,
          0,
          0,
          0,
          0,
          0,
          0,
          0,
          0,
          0,
          0,
          0,
          0,
          0,
          0,
          0,
          0,
          0,
          0,
          0,
          0,
          0,
          0,
          0,
          0,
          0,
          0,
          0,
          0,
          0,
          0,
          0,
          0,
          0,
          0,
          0,
          0,
          0,
          0,
          0,
          0,
          0,
          0,
          0,
          0,
          0,
          0,
          0,
          0,
          0,
          0,
          0,
          0,
          0,
          0,
          0,
          0,
          0,
          0,
          0,
          0,
          0,
          0,
          0,
          0,
          0,
          0,
          0,
          0,
          0,
          0,
          0,
          0,
          0,
          0,
          0,
          0,
          0,
          0,
          0,
          0,
          0,
          0,
          0,
          0,
          0,
          0,
          0,
          0,
          0,
          0,
          0,
          0,
          0,
          0,
          0,
          0,
          0,
          0,
          0,
          0,
          0,
          0,
          0,
          0,
          0,
          0,
          0,
          0,
          0,
          0,
          0,
          0,
          0,
          0,
          0,
          0,
          0,
          0,
          0,
          0,
          0,
          0,
          0,
          0,
          0,
          0,
          0,
          0,
          0,
          0,
          0,
          0,
          0,
          0,
          0,
          0,
          0,
          0,
          0,
          0,
          0,
          0,
          0,
          0,
          0,
          0,
          0,
          0,
          0,
          0,
          0,
          0,
          0,
          0,
          0,
          0,
          0,
          0,
          0,
          0,
          0,
          0,
          0,
          0,
          0,
          0,
          0,
          0,
          0,
          0,
          0,
          0,
          0,
          0,
          0,
          0,
          0,
          0,
          0,
          0,
          0,
          0,
          0,
          0,
          0,
          0,
          0,
          0,
          0,
          0,
          0,
          0,
          0,
          0,
          0,
          0,
          0,
          0,
          0,
          0,
          0,
          0,
          0,
          0,
          0,
          0,
          0,
          0,
          0,
          0,
          0,
          0,
          0,
          0,
          0,
          0,
          0,
          0,
          0,
          0,
          0,
          0,
          0,
          0,
          0,
          0,
          0,
          0,
          0,
          0,
          0,
          0,
          0,
          0,
          0,
          0,
          0,
          0,
          0,
          0,
          0,
          0,
          0,
          0,
          0,
          0,
          0,
          0,
          0,
          0,
          0,
          0,
          0,
          0,
          0,
          0,
          0,
          0,
          0,
          0,
          0,
          0,
          0,
          0,
          0,
          0,
          0,
          0,
          0,
          0,
          0,
          0,
          0,
          0,
          0,
          0,
          0,
          0,
          0,
          0,
          0,
          0,
          0,
          0,
          0,
          0,
          0,
          0,
          0,
          0,
          0,
          0,
          0,
          0,
          0,
          0,
          0,
          0,
          0,
          0,
          0,
          0,
          0,
          0,
          0,
          0,
          0,
          0,
          0,
          0,
          0,
          0,
          0,
          0,
          0,
          0,
          0,
          0,
          0,
          0,
          0,
          0,
          0,
          0,
          0,
          0,
          0,
          0,
          0,
          0,
          0,
          0,
          0,
          0,
          0,
          0,
          0,
          0,
          0,
          0,
          0,
          0,
          0,
          0,
          0,
          0,
          0,
          0,
          0,
          0,
          0,
          0,
          0,
          0,
          0,
          0,
          0,
          0,
          0,
          0,
          0,
          0,
          0,
          0,
          0,
          0,
          0,
          0,
          0,
          0,
          0,
          0,
          0,
          0,
          0,
          0,
          0,
          0,
          0,
          0,
          0,
          0,
          0,
          0,
          0,
          0,
          0,
          0,
          0,
          0,
          0,
          0,
          0,
          0,
          0,
          0,
          0,
          0,
          0,
          0,
          0,
          0,
          0,
          0,
          0,
          0,
          0,
          0,
          0,
          0,
          0,
          0,
          0,
          0,
          0,
          0,
          0,
          0,
          0,
          0,
          0,
          0,
          0,
          0,
          0,
          0,
          0,
          0,
          0,
          0,
          0,
          0,
          0,
          0,
          0,
          0,
          0,
          0,
          0,
          0,
          0,
          0,
          0,
          0,
          0,
          0,
          0,
          0,
          0,
          0,
          0,
          0,
          0,
          0,
          0,
          0,
          0,
          0,
          0,
          0,
          0,
          0,
          0,
          0,
          0,
          0,
          0,
          0,
          0,
          0,
          0,
          0,
          0,
          0,
          0,
          0,
          0,
          0,
          0,
          0,
          0,
          0,
          0,
          0,
          0,
          0,
          0,
          0,
          0,
          0,
          0,
          0,
          0,
          0,
          0,
          0,
          0,
          0,
          0,
          0,
          0,
          0,
          0,
          0,
          0,
          0,
          0,
          0,
          0,
          0,
          0,
          0,
          0,
          0,
          0,
          0,
          0,
          0,
          0,
          0,
          0,
          0,
          0,
          0,
          0,
          0,
          0,
          0,
          0,
          0,
          0,
          0,
          0,
          0,
          0,
          0,
          0,
          0,
          0,
          0,
          0,
          0,
          0,
          0,
          0,
          0,
          0,
          0,
          0,
          0,
          0,
          0,
          0,
          0,
          0,
          0,
          0,
          0,
          0,
          0,
          0,
          0,
          0,
          0,
          0,
          0,
          0,
          0,
          0,
          0,
          0,
          0,
          0,
          0,
          0,
          0,
          0,
          0,
          0,
          0,
          0,
          0,
          0,
          0,
          0,
          0,
          0,
          0,
          0,
          0,
          0,
          0,
          0,
          0,
          0,
          0,
          0,
          0,
          0,
          0,
          0,
          0,
          0,
          0,
          0,
          0,
          0,
          0,
          0,
          0,
          0,
          0,
          0,
          0,
          0,
          0,
          0,
          0,
          0,
          0,
          0,
          0,
          0,
          0,
          0,
          0,
          0,
          0,
          0,
          0,
          0,
          0,
          0,
          0,
          0,
          0,
          0,
          0,
          0,
          0,
          0,
          0,
          0,
          0,
          0,
          0,
          0,
          0,
          0,
          0,
          0,
          0,
          0,
          0,
          0,
          0,
          0,
          0,
          0,
          0,
          0,
          0,
          0,
          0,
          0,
          0,
          0,
          0,
          0,
          0,
          0,
          0,
          0,
          0,
          0,
          0,
          0,
          0,
          0,
          0,
          0,
          0,
          0,
          0,
          0,
          0,
          0,
          0,
          0,
          0,
          0,
          0
        ],
        "net_input_timing_branch": [
          0,
          0,
          0,
          0,
          0,
          0,
          0,
          0,
          0,
          0,
          0,
          0,
          0,
          0,
          0,
          0,
          0,
          0,
          0,
          0,
          0,
          0,
          0,
          0,
          0,
          0,
          0,
          0,
          0,
          0,
          0,
          0,
          0,
          0,
          0,
          0,
          0,
          0,
          0,
          0,
          0,
          0,
          0,
          0,
          0,
          0,
          0,
          0,
          0,
          0,
          0,
          0,
          0,
          0,
          0,
          0,
          0,
          0,
          0,
          0,
          0,
          0,
          0,
          0,
          0,
          0,
          0,
          0,
          0,
          0,
          0,
          0,
          0,
          0,
          0,
          0,
          0,
          0,
          0,
          0,
          0,
          0,
          0,
          0,
          0,
          0,
          0,
          0,
          0,
          0,
          0,
          0,
          0,
          0,
          0,
          0,
          0,
          0,
          0,
          0,
          0,
          0,
          0,
          0
        ],
        "net_output_timing_branch": [
          0,
          0,
          0,
          0,
          0,
          0,
          0,
          0,
          0,
          0,
          0,
          0,
          0,
          0,
          0,
          0,
          0,
          0,
          0,
          0,
          0,
          0,
          0,
          0,
          0,
          0,
          0,
          0,
          0,
          0,
          0,
          0,
          0,
          0,
          0,
          0,
          191,
          197,
          203,
          208,
          163,
          179,
          179,
          190,
          0,
          0,
          0,
          0,
          0,
          0,
          0,
          0,
          0,
          0,
          0,
          0
        ],
        "out_len": 14,
        "output_timing_propagated": [
          true,
          true,
          true,
          true,
          true,
          true,
          true,
          true,
          true,
          true,
          true,
          true,
          true,
          true
        ],
        "output_timing_traced": [
          true,
          true,
          true,
          true,
          true,
          true,
          true,
          true,
          true,
          true,
          true,
          true,
          true,
          true
        ],
        "placed_at_RBBM": false,
        "placed_b": -1,
        "placed_tile_x": -1,
        "placed_tile_y": -1,
        "placed_x": -1,
        "placed_y": -1,
        "prefer_place_at_RBBM": -1
      }
    ],
    "packed_net": [
      {
        "Anet": 0.0,
        "Anet_best_timing": 0.0,
        "Anet_saved": 0.0,
        "clock_domain": -1,
        "clock_synchronizer_net": false,
        "dont_route": true,
        "fixed_route": false,
        "ignore_timing": true,
        "inst_input": [
          {
            "Anet": 0.0,
            "Anet_best_timing": 0.0,
            "Anet_saved": 0.0,
            "clk": -1,
            "inst": 3,
            "is_internal_timing": false,
            "json_ref": 128,
            "loop": -1,
            "path_num": 0,
            "port": 1,
            "timing": -1,
            "timing_min": -1
          },
          {
            "Anet": 0.0,
            "Anet_best_timing": 0.0,
            "Anet_saved": 0.0,
            "clk": -1,
            "inst": 4,
            "is_internal_timing": false,
            "json_ref": 129,
            "loop": -1,
            "path_num": 0,
            "port": 1,
            "timing": -1,
            "timing_min": -1
          }
        ],
        "inst_output": [],
        "json_ref": 127,
        "net_name": "VCC_NET"
      },
      {
        "Anet": 0.0,
        "Anet_best_timing": 0.0,
        "Anet_saved": 0.0,
        "clock_domain": 14,
        "clock_synchronizer_net": false,
        "dont_route": false,
        "fixed_route": false,
        "ignore_timing": true,
        "inst_input": [
          {
            "Anet": 0.0,
            "Anet_best_timing": 0.0,
            "Anet_saved": 0.0,
            "clk": -1,
            "inst": 5,
            "is_internal_timing": false,
            "json_ref": 131,
            "loop": -1,
            "path_num": 0,
            "port": 20,
            "timing": -1,
            "timing_min": -1
          }
        ],
        "inst_output": [
          {
            "Anet": 0.0,
            "Anet_best_timing": 0.0,
            "Anet_saved": 0.0,
            "clk": -1,
            "inst": 0,
            "is_internal_timing": false,
            "json_ref": 132,
            "loop": -1,
            "path_num": 0,
            "port": 0,
            "timing": -1,
            "timing_min": -1
          }
        ],
        "json_ref": 130,
        "net_name": "a"
      },
      {
        "Anet": 0.0,
        "Anet_best_timing": 0.0,
        "Anet_saved": 0.0,
        "clock_domain": 14,
        "clock_synchronizer_net": false,
        "dont_route": false,
        "fixed_route": false,
        "ignore_timing": true,
        "inst_input": [
          {
            "Anet": 0.0,
            "Anet_best_timing": 0.0,
            "Anet_saved": 0.0,
            "clk": -1,
            "inst": 5,
            "is_internal_timing": false,
            "json_ref": 134,
            "loop": -1,
            "path_num": 0,
            "port": 19,
            "timing": -1,
            "timing_min": -1
          }
        ],
        "inst_output": [
          {
            "Anet": 0.0,
            "Anet_best_timing": 0.0,
            "Anet_saved": 0.0,
            "clk": -1,
            "inst": 1,
            "is_internal_timing": false,
            "json_ref": 135,
            "loop": -1,
            "path_num": 0,
            "port": 0,
            "timing": -1,
            "timing_min": -1
          }
        ],
        "json_ref": 133,
        "net_name": "b"
      },
      {
        "Anet": 0.0,
        "Anet_best_timing": 0.0,
        "Anet_saved": 0.0,
        "clock_domain": 14,
        "clock_synchronizer_net": false,
        "dont_route": false,
        "fixed_route": false,
        "ignore_timing": true,
        "inst_input": [
          {
            "Anet": 0.0,
            "Anet_best_timing": 0.0,
            "Anet_saved": 0.0,
            "clk": -1,
            "inst": 5,
            "is_internal_timing": false,
            "json_ref": 137,
            "loop": -1,
            "path_num": 0,
            "port": 18,
            "timing": -1,
            "timing_min": -1
          }
        ],
        "inst_output": [
          {
            "Anet": 0.0,
            "Anet_best_timing": 0.0,
            "Anet_saved": 0.0,
            "clk": -1,
            "inst": 2,
            "is_internal_timing": false,
            "json_ref": 138,
            "loop": -1,
            "path_num": 0,
            "port": 0,
            "timing": -1,
            "timing_min": -1
          }
        ],
        "json_ref": 136,
        "net_name": "c_in"
      },
      {
        "Anet": 0.0,
        "Anet_best_timing": 0.0,
        "Anet_saved": 0.0,
        "clock_domain": -1,
        "clock_synchronizer_net": false,
        "dont_route": false,
        "fixed_route": false,
        "ignore_timing": true,
        "inst_input": [
          {
            "Anet": 0.0,
            "Anet_best_timing": 0.0,
            "Anet_saved": 0.0,
            "clk": -1,
            "inst": 3,
            "is_internal_timing": false,
            "json_ref": 140,
            "loop": -1,
            "path_num": 0,
            "port": 0,
            "timing": -1,
            "timing_min": -1
          }
        ],
        "inst_output": [
          {
            "Anet": 0.0,
            "Anet_best_timing": 0.0,
            "Anet_saved": 0.0,
            "clk": -1,
            "inst": 5,
            "is_internal_timing": false,
            "json_ref": 141,
            "loop": -1,
            "path_num": 0,
            "port": 10,
            "timing": -1,
            "timing_min": -1
          }
        ],
        "json_ref": 139,
        "net_name": "sum"
      },
      {
        "Anet": 0.0,
        "Anet_best_timing": 0.0,
        "Anet_saved": 0.0,
        "clock_domain": -1,
        "clock_synchronizer_net": false,
        "dont_route": false,
        "fixed_route": false,
        "ignore_timing": true,
        "inst_input": [
          {
            "Anet": 0.0,
            "Anet_best_timing": 0.0,
            "Anet_saved": 0.0,
            "clk": -1,
            "inst": 4,
            "is_internal_timing": false,
            "json_ref": 143,
            "loop": -1,
            "path_num": 0,
            "port": 0,
            "timing": -1,
            "timing_min": -1
          }
        ],
        "inst_output": [
          {
            "Anet": 0.0,
            "Anet_best_timing": 0.0,
            "Anet_saved": 0.0,
            "clk": -1,
            "inst": 5,
            "is_internal_timing": false,
            "json_ref": 144,
            "loop": -1,
            "path_num": 0,
            "port": 9,
            "timing": -1,
            "timing_min": -1
          }
        ],
        "json_ref": 142,
        "net_name": "carry"
      },
      {
        "Anet": 0.0,
        "Anet_best_timing": 0.0,
        "Anet_saved": 0.0,
        "clock_domain": -1,
        "clock_synchronizer_net": false,
        "dont_route": true,
        "fixed_route": false,
        "ignore_timing": false,
        "inst_input": [],
        "inst_output": [],
        "json_ref": 145,
        "net_name": "a_ibuf"
      },
      {
        "Anet": 0.0,
        "Anet_best_timing": 0.0,
        "Anet_saved": 0.0,
        "clock_domain": -1,
        "clock_synchronizer_net": false,
        "dont_route": true,
        "fixed_route": false,
        "ignore_timing": false,
        "inst_input": [],
        "inst_output": [],
        "json_ref": 146,
        "net_name": "b_ibuf"
      },
      {
        "Anet": 0.0,
        "Anet_best_timing": 0.0,
        "Anet_saved": 0.0,
        "clock_domain": -1,
        "clock_synchronizer_net": false,
        "dont_route": true,
        "fixed_route": false,
        "ignore_timing": false,
        "inst_input": [],
        "inst_output": [],
        "json_ref": 147,
        "net_name": "c_in_ibuf"
      },
      {
        "Anet": 0.0,
        "Anet_best_timing": 0.0,
        "Anet_saved": 0.0,
        "clock_domain": -1,
        "clock_synchronizer_net": false,
        "dont_route": true,
        "fixed_route": false,
        "ignore_timing": false,
        "inst_input": [],
        "inst_output": [],
        "json_ref": 148,
        "net_name": "carry_obuf"
      },
      {
        "Anet": 0.0,
        "Anet_best_timing": 0.0,
        "Anet_saved": 0.0,
        "clock_domain": -1,
        "clock_synchronizer_net": false,
        "dont_route": true,
        "fixed_route": false,
        "ignore_timing": false,
        "inst_input": [],
        "inst_output": [],
        "json_ref": 149,
        "net_name": "carry_en_obuf"
      },
      {
        "Anet": 0.0,
        "Anet_best_timing": 0.0,
        "Anet_saved": 0.0,
        "clock_domain": -1,
        "clock_synchronizer_net": false,
        "dont_route": true,
        "fixed_route": false,
        "ignore_timing": false,
        "inst_input": [],
        "inst_output": [],
        "json_ref": 150,
        "net_name": "sum_obuf"
      },
      {
        "Anet": 0.0,
        "Anet_best_timing": 0.0,
        "Anet_saved": 0.0,
        "clock_domain": -1,
        "clock_synchronizer_net": false,
        "dont_route": true,
        "fixed_route": false,
        "ignore_timing": false,
        "inst_input": [],
        "inst_output": [],
        "json_ref": 151,
        "net_name": "sum_en_obuf"
      },
      {
        "Anet": 0.0,
        "Anet_best_timing": 0.0,
        "Anet_saved": 0.0,
        "clock_domain": -1,
        "clock_synchronizer_net": false,
        "dont_route": true,
        "fixed_route": false,
        "ignore_timing": true,
        "inst_input": [],
        "inst_output": [],
        "json_ref": 152,
        "net_name": "GND_net"
      },
      {
        "Anet": 0.0,
        "Anet_best_timing": 0.0,
        "Anet_saved": 0.0,
        "clock_domain": -1,
        "clock_synchronizer_net": false,
        "dont_route": true,
        "fixed_route": false,
        "ignore_timing": false,
        "inst_input": [],
        "inst_output": [],
        "json_ref": 153,
        "net_name": "virtual_clock"
      }
    ],
    "prepack_inst": [
      {
        "RBB_phy_version": 0,
        "UNUSED": {
          "in_len": 0,
          "json_ref": 3,
          "net_input": [],
          "net_input_timing": [],
          "net_input_timing_min": [],
          "net_output": [
            6
          ],
          "net_output_timing": [
            -1
          ],
          "net_output_timing_min": [
            -1
          ],
          "out_len": 1
        },
        "already_packed": -1,
        "clk_i": -1,
        "clock_latency": {
          "clk_source": "",
          "fall_avg": 0,
          "fall_max": 0,
          "fall_min": 0,
          "json_ref": 2,
          "rise_avg": 0,
          "rise_max": 0,
          "rise_min": 0
        },
        "clustering_index": -1,
        "dont_pack": true,
        "dont_place": true,
        "dont_touch": false,
        "in_len": 0,
        "in_out_FF": [
          {
            "in_port": []
          }
        ],
        "in_out_timing": [
          {
            "in_port": []
          }
        ],
        "input_timing_propagated": [],
        "input_timing_traced": [],
        "inst_name": "a",
        "inst_type": "type_UNUSED",
        "internal_timing": -1,
        "json_ref": 1,
        "net_input_branch": [],
        "net_input_output_timing_branch": [],
        "net_input_timing_branch": [],
        "net_output_timing_branch": [
          0,
          0,
          0,
          0
        ],
        "out_len": 1,
        "output_timing_propagated": [
          true
        ],
        "output_timing_traced": [
          true
        ],
        "placed_at_RBBM": false,
        "placed_b": -1,
        "placed_tile_x": -1,
        "placed_tile_y": -1,
        "placed_x": -1,
        "placed_y": -1,
        "prefer_place_at_RBBM": -1
      },
      {
        "RBB_phy_version": 0,
        "UNUSED": {
          "in_len": 0,
          "json_ref": 6,
          "net_input": [],
          "net_input_timing": [],
          "net_input_timing_min": [],
          "net_output": [
            7
          ],
          "net_output_timing": [
            -1
          ],
          "net_output_timing_min": [
            -1
          ],
          "out_len": 1
        },
        "already_packed": -1,
        "clk_i": -1,
        "clock_latency": {
          "clk_source": "",
          "fall_avg": 0,
          "fall_max": 0,
          "fall_min": 0,
          "json_ref": 5,
          "rise_avg": 0,
          "rise_max": 0,
          "rise_min": 0
        },
        "clustering_index": -1,
        "dont_pack": true,
        "dont_place": true,
        "dont_touch": false,
        "in_len": 0,
        "in_out_FF": [
          {
            "in_port": []
          }
        ],
        "in_out_timing": [
          {
            "in_port": []
          }
        ],
        "input_timing_propagated": [],
        "input_timing_traced": [],
        "inst_name": "b",
        "inst_type": "type_UNUSED",
        "internal_timing": -1,
        "json_ref": 4,
        "net_input_branch": [],
        "net_input_output_timing_branch": [],
        "net_input_timing_branch": [],
        "net_output_timing_branch": [
          0,
          0,
          0,
          0
        ],
        "out_len": 1,
        "output_timing_propagated": [
          true
        ],
        "output_timing_traced": [
          true
        ],
        "placed_at_RBBM": false,
        "placed_b": -1,
        "placed_tile_x": -1,
        "placed_tile_y": -1,
        "placed_x": -1,
        "placed_y": -1,
        "prefer_place_at_RBBM": -1
      },
      {
        "RBB_phy_version": 0,
        "UNUSED": {
          "in_len": 0,
          "json_ref": 9,
          "net_input": [],
          "net_input_timing": [],
          "net_input_timing_min": [],
          "net_output": [
            8
          ],
          "net_output_timing": [
            -1
          ],
          "net_output_timing_min": [
            -1
          ],
          "out_len": 1
        },
        "already_packed": -1,
        "clk_i": -1,
        "clock_latency": {
          "clk_source": "",
          "fall_avg": 0,
          "fall_max": 0,
          "fall_min": 0,
          "json_ref": 8,
          "rise_avg": 0,
          "rise_max": 0,
          "rise_min": 0
        },
        "clustering_index": -1,
        "dont_pack": true,
        "dont_place": true,
        "dont_touch": false,
        "in_len": 0,
        "in_out_FF": [
          {
            "in_port": []
          }
        ],
        "in_out_timing": [
          {
            "in_port": []
          }
        ],
        "input_timing_propagated": [],
        "input_timing_traced": [],
        "inst_name": "c_in",
        "inst_type": "type_UNUSED",
        "internal_timing": -1,
        "json_ref": 7,
        "net_input_branch": [],
        "net_input_output_timing_branch": [],
        "net_input_timing_branch": [],
        "net_output_timing_branch": [
          0,
          0,
          0,
          0
        ],
        "out_len": 1,
        "output_timing_propagated": [
          true
        ],
        "output_timing_traced": [
          true
        ],
        "placed_at_RBBM": false,
        "placed_b": -1,
        "placed_tile_x": -1,
        "placed_tile_y": -1,
        "placed_x": -1,
        "placed_y": -1,
        "prefer_place_at_RBBM": -1
      },
      {
        "RBB_phy_version": 0,
        "UNUSED": {
          "in_len": 1,
          "json_ref": 12,
          "net_input": [
            9
          ],
          "net_input_timing": [
            -1
          ],
          "net_input_timing_min": [
            -1
          ],
          "net_output": [],
          "net_output_timing": [],
          "net_output_timing_min": [],
          "out_len": 0
        },
        "already_packed": -1,
        "clk_i": -1,
        "clock_latency": {
          "clk_source": "",
          "fall_avg": 0,
          "fall_max": 0,
          "fall_min": 0,
          "json_ref": 11,
          "rise_avg": 0,
          "rise_max": 0,
          "rise_min": 0
        },
        "clustering_index": -1,
        "dont_pack": true,
        "dont_place": true,
        "dont_touch": false,
        "in_len": 1,
        "in_out_FF": [],
        "in_out_timing": [],
        "input_timing_propagated": [
          true
        ],
        "input_timing_traced": [
          true
        ],
        "inst_name": "carry",
        "inst_type": "type_UNUSED",
        "internal_timing": -1,
        "json_ref": 10,
        "net_input_branch": [
          -1
        ],
        "net_input_output_timing_branch": [],
        "net_input_timing_branch": [
          0,
          0,
          0,
          0
        ],
        "net_output_timing_branch": [],
        "out_len": 0,
        "output_timing_propagated": [],
        "output_timing_traced": [],
        "placed_at_RBBM": false,
        "placed_b": -1,
        "placed_tile_x": -1,
        "placed_tile_y": -1,
        "placed_x": -1,
        "placed_y": -1,
        "prefer_place_at_RBBM": -1
      },
      {
        "RBB_phy_version": 0,
        "UNUSED": {
          "in_len": 1,
          "json_ref": 15,
          "net_input": [
            10
          ],
          "net_input_timing": [
            -1
          ],
          "net_input_timing_min": [
            -1
          ],
          "net_output": [],
          "net_output_timing": [],
          "net_output_timing_min": [],
          "out_len": 0
        },
        "already_packed": -1,
        "clk_i": -1,
        "clock_latency": {
          "clk_source": "",
          "fall_avg": 0,
          "fall_max": 0,
          "fall_min": 0,
          "json_ref": 14,
          "rise_avg": 0,
          "rise_max": 0,
          "rise_min": 0
        },
        "clustering_index": -1,
        "dont_pack": true,
        "dont_place": true,
        "dont_touch": false,
        "in_len": 1,
        "in_out_FF": [],
        "in_out_timing": [],
        "input_timing_propagated": [
          true
        ],
        "input_timing_traced": [
          true
        ],
        "inst_name": "carry_en",
        "inst_type": "type_UNUSED",
        "internal_timing": -1,
        "json_ref": 13,
        "net_input_branch": [
          -1
        ],
        "net_input_output_timing_branch": [],
        "net_input_timing_branch": [
          0,
          0,
          0,
          0
        ],
        "net_output_timing_branch": [],
        "out_len": 0,
        "output_timing_propagated": [],
        "output_timing_traced": [],
        "placed_at_RBBM": false,
        "placed_b": -1,
        "placed_tile_x": -1,
        "placed_tile_y": -1,
        "placed_x": -1,
        "placed_y": -1,
        "prefer_place_at_RBBM": -1
      },
      {
        "RBB_phy_version": 0,
        "UNUSED": {
          "in_len": 1,
          "json_ref": 18,
          "net_input": [
            11
          ],
          "net_input_timing": [
            -1
          ],
          "net_input_timing_min": [
            -1
          ],
          "net_output": [],
          "net_output_timing": [],
          "net_output_timing_min": [],
          "out_len": 0
        },
        "already_packed": -1,
        "clk_i": -1,
        "clock_latency": {
          "clk_source": "",
          "fall_avg": 0,
          "fall_max": 0,
          "fall_min": 0,
          "json_ref": 17,
          "rise_avg": 0,
          "rise_max": 0,
          "rise_min": 0
        },
        "clustering_index": -1,
        "dont_pack": true,
        "dont_place": true,
        "dont_touch": false,
        "in_len": 1,
        "in_out_FF": [],
        "in_out_timing": [],
        "input_timing_propagated": [
          true
        ],
        "input_timing_traced": [
          true
        ],
        "inst_name": "sum",
        "inst_type": "type_UNUSED",
        "internal_timing": -1,
        "json_ref": 16,
        "net_input_branch": [
          -1
        ],
        "net_input_output_timing_branch": [],
        "net_input_timing_branch": [
          0,
          0,
          0,
          0
        ],
        "net_output_timing_branch": [],
        "out_len": 0,
        "output_timing_propagated": [],
        "output_timing_traced": [],
        "placed_at_RBBM": false,
        "placed_b": -1,
        "placed_tile_x": -1,
        "placed_tile_y": -1,
        "placed_x": -1,
        "placed_y": -1,
        "prefer_place_at_RBBM": -1
      },
      {
        "RBB_phy_version": 0,
        "UNUSED": {
          "in_len": 1,
          "json_ref": 21,
          "net_input": [
            12
          ],
          "net_input_timing": [
            -1
          ],
          "net_input_timing_min": [
            -1
          ],
          "net_output": [],
          "net_output_timing": [],
          "net_output_timing_min": [],
          "out_len": 0
        },
        "already_packed": -1,
        "clk_i": -1,
        "clock_latency": {
          "clk_source": "",
          "fall_avg": 0,
          "fall_max": 0,
          "fall_min": 0,
          "json_ref": 20,
          "rise_avg": 0,
          "rise_max": 0,
          "rise_min": 0
        },
        "clustering_index": -1,
        "dont_pack": true,
        "dont_place": true,
        "dont_touch": false,
        "in_len": 1,
        "in_out_FF": [],
        "in_out_timing": [],
        "input_timing_propagated": [
          true
        ],
        "input_timing_traced": [
          true
        ],
        "inst_name": "sum_en",
        "inst_type": "type_UNUSED",
        "internal_timing": -1,
        "json_ref": 19,
        "net_input_branch": [
          -1
        ],
        "net_input_output_timing_branch": [],
        "net_input_timing_branch": [
          0,
          0,
          0,
          0
        ],
        "net_output_timing_branch": [],
        "out_len": 0,
        "output_timing_propagated": [],
        "output_timing_traced": [],
        "placed_at_RBBM": false,
        "placed_b": -1,
        "placed_tile_x": -1,
        "placed_tile_y": -1,
        "placed_x": -1,
        "placed_y": -1,
        "prefer_place_at_RBBM": -1
      },
      {
        "RBB_phy_version": 0,
        "VDDGND": {
          "in_len": 0,
          "is_VDD": false,
          "json_ref": 24,
          "net_input_timing": [],
          "net_input_timing_min": [],
          "net_output": [
            -1
          ],
          "net_output_timing": [
            -1
          ],
          "net_output_timing_min": [
            -1
          ],
          "out_len": 1
        },
        "already_packed": -1,
        "clk_i": -1,
        "clock_latency": {
          "clk_source": "",
          "fall_avg": 0,
          "fall_max": 0,
          "fall_min": 0,
          "json_ref": 23,
          "rise_avg": 0,
          "rise_max": 0,
          "rise_min": 0
        },
        "clustering_index": -1,
        "dont_pack": true,
        "dont_place": false,
        "dont_touch": false,
        "in_len": 0,
        "in_out_FF": [
          {
            "in_port": []
          }
        ],
        "in_out_timing": [
          {
            "in_port": []
          }
        ],
        "input_timing_propagated": [],
        "input_timing_traced": [],
        "inst_name": "GND",
        "inst_type": "type_VDDGND",
        "internal_timing": -1,
        "json_ref": 22,
        "net_input_branch": [],
        "net_input_output_timing_branch": [],
        "net_input_timing_branch": [],
        "net_output_timing_branch": [
          0,
          0,
          0,
          0
        ],
        "out_len": 1,
        "output_timing_propagated": [
          true
        ],
        "output_timing_traced": [
          true
        ],
        "placed_at_RBBM": false,
        "placed_b": -1,
        "placed_tile_x": -1,
        "placed_tile_y": -1,
        "placed_x": -1,
        "placed_y": -1,
        "prefer_place_at_RBBM": -1
      },
      {
        "RBB_phy_version": 0,
        "VDDGND": {
          "in_len": 0,
          "is_VDD": true,
          "json_ref": 27,
          "net_input_timing": [],
          "net_input_timing_min": [],
          "net_output": [
            0
          ],
          "net_output_timing": [
            -1
          ],
          "net_output_timing_min": [
            -1
          ],
          "out_len": 1
        },
        "already_packed": -1,
        "clk_i": -1,
        "clock_latency": {
          "clk_source": "",
          "fall_avg": 0,
          "fall_max": 0,
          "fall_min": 0,
          "json_ref": 26,
          "rise_avg": 0,
          "rise_max": 0,
          "rise_min": 0
        },
        "clustering_index": -1,
        "dont_pack": true,
        "dont_place": false,
        "dont_touch": false,
        "in_len": 0,
        "in_out_FF": [
          {
            "in_port": []
          }
        ],
        "in_out_timing": [
          {
            "in_port": []
          }
        ],
        "input_timing_propagated": [],
        "input_timing_traced": [],
        "inst_name": "VCC",
        "inst_type": "type_VDDGND",
        "internal_timing": -1,
        "json_ref": 25,
        "net_input_branch": [],
        "net_input_output_timing_branch": [],
        "net_input_timing_branch": [],
        "net_output_timing_branch": [
          0,
          0,
          0,
          0
        ],
        "out_len": 1,
        "output_timing_propagated": [
          true
        ],
        "output_timing_traced": [
          true
        ],
        "placed_at_RBBM": false,
        "placed_b": -1,
        "placed_tile_x": -1,
        "placed_tile_y": -1,
        "placed_x": -1,
        "placed_y": -1,
        "prefer_place_at_RBBM": -1
      },
      {
        "LUT": {
          "INIT": [
            0,
            0,
            0,
            1,
            0,
            1,
            1,
            1,
            0,
            0,
            0,
            1,
            0,
            1,
            1,
            1
          ],
          "LUT_N": 3,
          "ROM_val": [],
          "in_len": 8,
          "json_ref": 30,
          "net_input": [
            3,
            2,
            1,
            -1,
            -1,
            -1,
            -1,
            -1
          ],
          "net_input_timing": [
            -1,
            -1,
            -1,
            -1,
            -1,
            -1,
            -1,
            -1
          ],
          "net_input_timing_min": [
            -1,
            -1,
            -1,
            -1,
            -1,
            -1,
            -1,
            -1
          ],
          "net_output": [
            5,
            -1
          ],
          "net_output_timing": [
            -1,
            -1
          ],
          "net_output_timing_min": [
            -1,
            -1
          ],
          "out_len": 2,
          "output_local": false
        },
        "RBB_phy_version": 0,
        "already_packed": 5,
        "clk_i": -1,
        "clock_latency": {
          "clk_source": "",
          "fall_avg": 0,
          "fall_max": 0,
          "fall_min": 0,
          "json_ref": 29,
          "rise_avg": 0,
          "rise_max": 0,
          "rise_min": 0
        },
        "clustering_index": -1,
        "dont_pack": false,
        "dont_place": false,
        "dont_touch": false,
        "in_len": 8,
        "in_out_FF": [
          {
            "in_port": []
          },
          {
            "in_port": []
          }
        ],
        "in_out_timing": [
          {
            "in_port": [
              0,
              1,
              2,
              3,
              4,
              5,
              6,
              7
            ]
          },
          {
            "in_port": [
              0,
              1,
              2,
              3,
              4
            ]
          }
        ],
        "input_timing_propagated": [
          true,
          true,
          true,
          true,
          true,
          true,
          true,
          true
        ],
        "input_timing_traced": [
          true,
          true,
          true,
          true,
          true,
          true,
          true,
          true
        ],
        "inst_name": "carry_LUT3_O",
        "inst_type": "type_LUT",
        "internal_timing": -1,
        "json_ref": 28,
        "net_input_branch": [
          -1,
          -1,
          -1,
          -1,
          -1,
          -1,
          -1,
          -1
        ],
        "net_input_output_timing_branch": [
          0,
          0,
          0,
          0,
          0,
          0,
          0,
          0,
          0,
          0,
          0,
          0,
          0,
          0,
          0,
          0,
          0,
          0,
          0,
          0,
          0,
          0,
          0,
          0,
          0,
          0,
          0,
          0,
          0,
          0,
          0,
          0,
          0,
          0,
          0,
          0,
          0,
          0,
          0,
          0,
          0,
          0,
          0,
          0,
          0,
          0,
          0,
          0,
          0,
          0,
          0,
          0,
          0,
          0,
          0,
          0,
          0,
          0,
          0,
          0,
          0,
          0,
          0,
          0
        ],
        "net_input_timing_branch": [
          0,
          0,
          0,
          0,
          0,
          0,
          0,
          0,
          0,
          0,
          0,
          0,
          0,
          0,
          0,
          0,
          0,
          0,
          0,
          0,
          0,
          0,
          0,
          0,
          0,
          0,
          0,
          0,
          0,
          0,
          0,
          0
        ],
        "net_output_timing_branch": [
          0,
          0,
          0,
          0,
          0,
          0,
          0,
          0
        ],
        "out_len": 2,
        "output_timing_propagated": [
          true,
          true
        ],
        "output_timing_traced": [
          true,
          true
        ],
        "placed_at_RBBM": false,
        "placed_b": -1,
        "placed_tile_x": -1,
        "placed_tile_y": -1,
        "placed_x": -1,
        "placed_y": -1,
        "prefer_place_at_RBBM": -1
      },
      {
        "LUT": {
          "INIT": [
            0,
            1,
            1,
            0,
            1,
            0,
            0,
            1,
            0,
            1,
            1,
            0,
            1,
            0,
            0,
            1
          ],
          "LUT_N": 3,
          "ROM_val": [],
          "in_len": 8,
          "json_ref": 33,
          "net_input": [
            3,
            2,
            1,
            -1,
            -1,
            -1,
            -1,
            -1
          ],
          "net_input_timing": [
            -1,
            -1,
            -1,
            -1,
            -1,
            -1,
            -1,
            -1
          ],
          "net_input_timing_min": [
            -1,
            -1,
            -1,
            -1,
            -1,
            -1,
            -1,
            -1
          ],
          "net_output": [
            4,
            -1
          ],
          "net_output_timing": [
            -1,
            -1
          ],
          "net_output_timing_min": [
            -1,
            -1
          ],
          "out_len": 2,
          "output_local": false
        },
        "RBB_phy_version": 0,
        "already_packed": 5,
        "clk_i": -1,
        "clock_latency": {
          "clk_source": "",
          "fall_avg": 0,
          "fall_max": 0,
          "fall_min": 0,
          "json_ref": 32,
          "rise_avg": 0,
          "rise_max": 0,
          "rise_min": 0
        },
        "clustering_index": -1,
        "dont_pack": false,
        "dont_place": false,
        "dont_touch": false,
        "in_len": 8,
        "in_out_FF": [
          {
            "in_port": []
          },
          {
            "in_port": []
          }
        ],
        "in_out_timing": [
          {
            "in_port": [
              0,
              1,
              2,
              3,
              4,
              5,
              6,
              7
            ]
          },
          {
            "in_port": [
              0,
              1,
              2,
              3,
              4
            ]
          }
        ],
        "input_timing_propagated": [
          true,
          true,
          true,
          true,
          true,
          true,
          true,
          true
        ],
        "input_timing_traced": [
          true,
          true,
          true,
          true,
          true,
          true,
          true,
          true
        ],
        "inst_name": "sum_LUT3_O",
        "inst_type": "type_LUT",
        "internal_timing": -1,
        "json_ref": 31,
        "net_input_branch": [
          -1,
          -1,
          -1,
          -1,
          -1,
          -1,
          -1,
          -1
        ],
        "net_input_output_timing_branch": [
          0,
          0,
          0,
          0,
          0,
          0,
          0,
          0,
          0,
          0,
          0,
          0,
          0,
          0,
          0,
          0,
          0,
          0,
          0,
          0,
          0,
          0,
          0,
          0,
          0,
          0,
          0,
          0,
          0,
          0,
          0,
          0,
          0,
          0,
          0,
          0,
          0,
          0,
          0,
          0,
          0,
          0,
          0,
          0,
          0,
          0,
          0,
          0,
          0,
          0,
          0,
          0,
          0,
          0,
          0,
          0,
          0,
          0,
          0,
          0,
          0,
          0,
          0,
          0
        ],
        "net_input_timing_branch": [
          0,
          0,
          0,
          0,
          0,
          0,
          0,
          0,
          0,
          0,
          0,
          0,
          0,
          0,
          0,
          0,
          0,
          0,
          0,
          0,
          0,
          0,
          0,
          0,
          0,
          0,
          0,
          0,
          0,
          0,
          0,
          0
        ],
        "net_output_timing_branch": [
          0,
          0,
          0,
          0,
          0,
          0,
          0,
          0
        ],
        "out_len": 2,
        "output_timing_propagated": [
          true,
          true
        ],
        "output_timing_traced": [
          true,
          true
        ],
        "placed_at_RBBM": false,
        "placed_b": -1,
        "placed_tile_x": -1,
        "placed_tile_y": -1,
        "placed_x": -1,
        "placed_y": -1,
        "prefer_place_at_RBBM": -1
      },
      {
        "IO": {
          "clock_input": [
            14
          ],
          "clock_polarity": [
            0
          ],
          "in_len": 2,
          "input_output_delay": -1,
          "is_input": true,
          "json_ref": 36,
          "net_input": [
            6,
            -1
          ],
          "net_input_timing": [
            -1,
            -1
          ],
          "net_input_timing_min": [
            -1,
            -1
          ],
          "net_output": [
            1
          ],
          "net_output_timing": [
            -1
          ],
          "net_output_timing_min": [
            -1
          ],
          "out_len": 1
        },
        "RBB_phy_version": 0,
        "already_packed": 0,
        "clk_i": -1,
        "clock_latency": {
          "clk_source": "",
          "fall_avg": 0,
          "fall_max": 0,
          "fall_min": 0,
          "json_ref": 35,
          "rise_avg": 0,
          "rise_max": 0,
          "rise_min": 0
        },
        "clustering_index": -1,
        "dont_pack": false,
        "dont_place": false,
        "dont_touch": false,
        "in_len": 2,
        "in_out_FF": [
          {
            "in_port": []
          }
        ],
        "in_out_timing": [
          {
            "in_port": [
              0,
              1
            ]
          }
        ],
        "input_timing_propagated": [
          true,
          true
        ],
        "input_timing_traced": [
          true,
          true
        ],
        "inst_name": "g_11_a_ibuf",
        "inst_type": "type_IO",
        "internal_timing": -1,
        "json_ref": 34,
        "net_input_branch": [
          -1,
          -1
        ],
        "net_input_output_timing_branch": [
          0,
          0,
          0,
          0,
          0,
          0,
          0,
          0
        ],
        "net_input_timing_branch": [
          0,
          0,
          0,
          0,
          0,
          0,
          0,
          0
        ],
        "net_output_timing_branch": [
          0,
          0,
          0,
          0
        ],
        "out_len": 1,
        "output_timing_propagated": [
          true
        ],
        "output_timing_traced": [
          true
        ],
        "placed_at_RBBM": false,
        "placed_b": -1,
        "placed_tile_x": -1,
        "placed_tile_y": -1,
        "placed_x": -1,
        "placed_y": -1,
        "prefer_place_at_RBBM": -1
      },
      {
        "IO": {
          "clock_input": [
            14
          ],
          "clock_polarity": [
            0
          ],
          "in_len": 2,
          "input_output_delay": -1,
          "is_input": true,
          "json_ref": 39,
          "net_input": [
            7,
            -1
          ],
          "net_input_timing": [
            -1,
            -1
          ],
          "net_input_timing_min": [
            -1,
            -1
          ],
          "net_output": [
            2
          ],
          "net_output_timing": [
            -1
          ],
          "net_output_timing_min": [
            -1
          ],
          "out_len": 1
        },
        "RBB_phy_version": 0,
        "already_packed": 1,
        "clk_i": -1,
        "clock_latency": {
          "clk_source": "",
          "fall_avg": 0,
          "fall_max": 0,
          "fall_min": 0,
          "json_ref": 38,
          "rise_avg": 0,
          "rise_max": 0,
          "rise_min": 0
        },
        "clustering_index": -1,
        "dont_pack": false,
        "dont_place": false,
        "dont_touch": false,
        "in_len": 2,
        "in_out_FF": [
          {
            "in_port": []
          }
        ],
        "in_out_timing": [
          {
            "in_port": [
              0,
              1
            ]
          }
        ],
        "input_timing_propagated": [
          true,
          true
        ],
        "input_timing_traced": [
          true,
          true
        ],
        "inst_name": "g_12_b_ibuf",
        "inst_type": "type_IO",
        "internal_timing": -1,
        "json_ref": 37,
        "net_input_branch": [
          -1,
          -1
        ],
        "net_input_output_timing_branch": [
          0,
          0,
          0,
          0,
          0,
          0,
          0,
          0
        ],
        "net_input_timing_branch": [
          0,
          0,
          0,
          0,
          0,
          0,
          0,
          0
        ],
        "net_output_timing_branch": [
          0,
          0,
          0,
          0
        ],
        "out_len": 1,
        "output_timing_propagated": [
          true
        ],
        "output_timing_traced": [
          true
        ],
        "placed_at_RBBM": false,
        "placed_b": -1,
        "placed_tile_x": -1,
        "placed_tile_y": -1,
        "placed_x": -1,
        "placed_y": -1,
        "prefer_place_at_RBBM": -1
      },
      {
        "IO": {
          "clock_input": [
            14
          ],
          "clock_polarity": [
            0
          ],
          "in_len": 2,
          "input_output_delay": -1,
          "is_input": true,
          "json_ref": 42,
          "net_input": [
            8,
            -1
          ],
          "net_input_timing": [
            -1,
            -1
          ],
          "net_input_timing_min": [
            -1,
            -1
          ],
          "net_output": [
            3
          ],
          "net_output_timing": [
            -1
          ],
          "net_output_timing_min": [
            -1
          ],
          "out_len": 1
        },
        "RBB_phy_version": 0,
        "already_packed": 2,
        "clk_i": -1,
        "clock_latency": {
          "clk_source": "",
          "fall_avg": 0,
          "fall_max": 0,
          "fall_min": 0,
          "json_ref": 41,
          "rise_avg": 0,
          "rise_max": 0,
          "rise_min": 0
        },
        "clustering_index": -1,
        "dont_pack": false,
        "dont_place": false,
        "dont_touch": false,
        "in_len": 2,
        "in_out_FF": [
          {
            "in_port": []
          }
        ],
        "in_out_timing": [
          {
            "in_port": [
              0,
              1
            ]
          }
        ],
        "input_timing_propagated": [
          true,
          true
        ],
        "input_timing_traced": [
          true,
          true
        ],
        "inst_name": "g_13_c_in_ibuf",
        "inst_type": "type_IO",
        "internal_timing": -1,
        "json_ref": 40,
        "net_input_branch": [
          -1,
          -1
        ],
        "net_input_output_timing_branch": [
          0,
          0,
          0,
          0,
          0,
          0,
          0,
          0
        ],
        "net_input_timing_branch": [
          0,
          0,
          0,
          0,
          0,
          0,
          0,
          0
        ],
        "net_output_timing_branch": [
          0,
          0,
          0,
          0
        ],
        "out_len": 1,
        "output_timing_propagated": [
          true
        ],
        "output_timing_traced": [
          true
        ],
        "placed_at_RBBM": false,
        "placed_b": -1,
        "placed_tile_x": -1,
        "placed_tile_y": -1,
        "placed_x": -1,
        "placed_y": -1,
        "prefer_place_at_RBBM": -1
      },
      {
        "IO": {
          "clock_input": [
            14
          ],
          "clock_polarity": [
            0
          ],
          "in_len": 2,
          "input_output_delay": -1,
          "is_input": false,
          "json_ref": 45,
          "net_input": [
            5,
            -1
          ],
          "net_input_timing": [
            -1,
            -1
          ],
          "net_input_timing_min": [
            -1,
            -1
          ],
          "net_output": [
            9
          ],
          "net_output_timing": [
            -1
          ],
          "net_output_timing_min": [
            -1
          ],
          "out_len": 1
        },
        "RBB_phy_version": 0,
        "already_packed": 4,
        "clk_i": -1,
        "clock_latency": {
          "clk_source": "",
          "fall_avg": 0,
          "fall_max": 0,
          "fall_min": 0,
          "json_ref": 44,
          "rise_avg": 0,
          "rise_max": 0,
          "rise_min": 0
        },
        "clustering_index": -1,
        "dont_pack": false,
        "dont_place": false,
        "dont_touch": false,
        "in_len": 2,
        "in_out_FF": [
          {
            "in_port": []
          }
        ],
        "in_out_timing": [
          {
            "in_port": [
              0,
              1
            ]
          }
        ],
        "input_timing_propagated": [
          true,
          true
        ],
        "input_timing_traced": [
          true,
          true
        ],
        "inst_name": "g_14_carry_obuf",
        "inst_type": "type_IO",
        "internal_timing": -1,
        "json_ref": 43,
        "net_input_branch": [
          -1,
          -1
        ],
        "net_input_output_timing_branch": [
          0,
          0,
          0,
          0,
          0,
          0,
          0,
          0
        ],
        "net_input_timing_branch": [
          0,
          0,
          0,
          0,
          0,
          0,
          0,
          0
        ],
        "net_output_timing_branch": [
          0,
          0,
          0,
          0
        ],
        "out_len": 1,
        "output_timing_propagated": [
          true
        ],
        "output_timing_traced": [
          true
        ],
        "placed_at_RBBM": false,
        "placed_b": -1,
        "placed_tile_x": -1,
        "placed_tile_y": -1,
        "placed_x": -1,
        "placed_y": -1,
        "prefer_place_at_RBBM": -1
      },
      {
        "IO": {
          "clock_input": [
            14
          ],
          "clock_polarity": [
            0
          ],
          "in_len": 2,
          "input_output_delay": -1,
          "is_input": false,
          "json_ref": 48,
          "net_input": [
            0,
            -1
          ],
          "net_input_timing": [
            -1,
            -1
          ],
          "net_input_timing_min": [
            -1,
            -1
          ],
          "net_output": [
            10
          ],
          "net_output_timing": [
            -1
          ],
          "net_output_timing_min": [
            -1
          ],
          "out_len": 1
        },
        "RBB_phy_version": 0,
        "already_packed": 4,
        "clk_i": -1,
        "clock_latency": {
          "clk_source": "",
          "fall_avg": 0,
          "fall_max": 0,
          "fall_min": 0,
          "json_ref": 47,
          "rise_avg": 0,
          "rise_max": 0,
          "rise_min": 0
        },
        "clustering_index": -1,
        "dont_pack": false,
        "dont_place": false,
        "dont_touch": false,
        "in_len": 2,
        "in_out_FF": [
          {
            "in_port": []
          }
        ],
        "in_out_timing": [
          {
            "in_port": [
              0,
              1
            ]
          }
        ],
        "input_timing_propagated": [
          true,
          true
        ],
        "input_timing_traced": [
          true,
          true
        ],
        "inst_name": "g_15_carry_en_obuf",
        "inst_type": "type_IO",
        "internal_timing": -1,
        "json_ref": 46,
        "net_input_branch": [
          -1,
          -1
        ],
        "net_input_output_timing_branch": [
          0,
          0,
          0,
          0,
          0,
          0,
          0,
          0
        ],
        "net_input_timing_branch": [
          0,
          0,
          0,
          0,
          0,
          0,
          0,
          0
        ],
        "net_output_timing_branch": [
          0,
          0,
          0,
          0
        ],
        "out_len": 1,
        "output_timing_propagated": [
          true
        ],
        "output_timing_traced": [
          true
        ],
        "placed_at_RBBM": false,
        "placed_b": -1,
        "placed_tile_x": -1,
        "placed_tile_y": -1,
        "placed_x": -1,
        "placed_y": -1,
        "prefer_place_at_RBBM": -1
      },
      {
        "IO": {
          "clock_input": [
            14
          ],
          "clock_polarity": [
            0
          ],
          "in_len": 2,
          "input_output_delay": -1,
          "is_input": false,
          "json_ref": 51,
          "net_input": [
            4,
            -1
          ],
          "net_input_timing": [
            -1,
            -1
          ],
          "net_input_timing_min": [
            -1,
            -1
          ],
          "net_output": [
            11
          ],
          "net_output_timing": [
            -1
          ],
          "net_output_timing_min": [
            -1
          ],
          "out_len": 1
        },
        "RBB_phy_version": 0,
        "already_packed": 3,
        "clk_i": -1,
        "clock_latency": {
          "clk_source": "",
          "fall_avg": 0,
          "fall_max": 0,
          "fall_min": 0,
          "json_ref": 50,
          "rise_avg": 0,
          "rise_max": 0,
          "rise_min": 0
        },
        "clustering_index": -1,
        "dont_pack": false,
        "dont_place": false,
        "dont_touch": false,
        "in_len": 2,
        "in_out_FF": [
          {
            "in_port": []
          }
        ],
        "in_out_timing": [
          {
            "in_port": [
              0,
              1
            ]
          }
        ],
        "input_timing_propagated": [
          true,
          true
        ],
        "input_timing_traced": [
          true,
          true
        ],
        "inst_name": "g_16_sum_obuf",
        "inst_type": "type_IO",
        "internal_timing": -1,
        "json_ref": 49,
        "net_input_branch": [
          -1,
          -1
        ],
        "net_input_output_timing_branch": [
          0,
          0,
          0,
          0,
          0,
          0,
          0,
          0
        ],
        "net_input_timing_branch": [
          0,
          0,
          0,
          0,
          0,
          0,
          0,
          0
        ],
        "net_output_timing_branch": [
          0,
          0,
          0,
          0
        ],
        "out_len": 1,
        "output_timing_propagated": [
          true
        ],
        "output_timing_traced": [
          true
        ],
        "placed_at_RBBM": false,
        "placed_b": -1,
        "placed_tile_x": -1,
        "placed_tile_y": -1,
        "placed_x": -1,
        "placed_y": -1,
        "prefer_place_at_RBBM": -1
      },
      {
        "IO": {
          "clock_input": [
            14
          ],
          "clock_polarity": [
            0
          ],
          "in_len": 2,
          "input_output_delay": -1,
          "is_input": false,
          "json_ref": 54,
          "net_input": [
            0,
            -1
          ],
          "net_input_timing": [
            -1,
            -1
          ],
          "net_input_timing_min": [
            -1,
            -1
          ],
          "net_output": [
            12
          ],
          "net_output_timing": [
            -1
          ],
          "net_output_timing_min": [
            -1
          ],
          "out_len": 1
        },
        "RBB_phy_version": 0,
        "already_packed": 3,
        "clk_i": -1,
        "clock_latency": {
          "clk_source": "",
          "fall_avg": 0,
          "fall_max": 0,
          "fall_min": 0,
          "json_ref": 53,
          "rise_avg": 0,
          "rise_max": 0,
          "rise_min": 0
        },
        "clustering_index": -1,
        "dont_pack": false,
        "dont_place": false,
        "dont_touch": false,
        "in_len": 2,
        "in_out_FF": [
          {
            "in_port": []
          }
        ],
        "in_out_timing": [
          {
            "in_port": [
              0,
              1
            ]
          }
        ],
        "input_timing_propagated": [
          true,
          true
        ],
        "input_timing_traced": [
          true,
          true
        ],
        "inst_name": "g_17_sum_en_obuf",
        "inst_type": "type_IO",
        "internal_timing": -1,
        "json_ref": 52,
        "net_input_branch": [
          -1,
          -1
        ],
        "net_input_output_timing_branch": [
          0,
          0,
          0,
          0,
          0,
          0,
          0,
          0
        ],
        "net_input_timing_branch": [
          0,
          0,
          0,
          0,
          0,
          0,
          0,
          0
        ],
        "net_output_timing_branch": [
          0,
          0,
          0,
          0
        ],
        "out_len": 1,
        "output_timing_propagated": [
          true
        ],
        "output_timing_traced": [
          true
        ],
        "placed_at_RBBM": false,
        "placed_b": -1,
        "placed_tile_x": -1,
        "placed_tile_y": -1,
        "placed_x": -1,
        "placed_y": -1,
        "prefer_place_at_RBBM": -1
      },
      {
        "RBB_phy_version": 0,
        "VDDGND": {
          "in_len": 0,
          "is_VDD": false,
          "json_ref": 57,
          "net_input_timing": [],
          "net_input_timing_min": [],
          "net_output": [
            13
          ],
          "net_output_timing": [
            -1
          ],
          "net_output_timing_min": [
            -1
          ],
          "out_len": 1
        },
        "already_packed": -1,
        "clk_i": -1,
        "clock_latency": {
          "clk_source": "",
          "fall_avg": 0,
          "fall_max": 0,
          "fall_min": 0,
          "json_ref": 56,
          "rise_avg": 0,
          "rise_max": 0,
          "rise_min": 0
        },
        "clustering_index": -1,
        "dont_pack": true,
        "dont_place": false,
        "dont_touch": false,
        "in_len": 0,
        "in_out_FF": [
          {
            "in_port": []
          }
        ],
        "in_out_timing": [
          {
            "in_port": []
          }
        ],
        "input_timing_propagated": [],
        "input_timing_traced": [],
        "inst_name": "GND_inst",
        "inst_type": "type_VDDGND",
        "internal_timing": -1,
        "json_ref": 55,
        "net_input_branch": [],
        "net_input_output_timing_branch": [],
        "net_input_timing_branch": [],
        "net_output_timing_branch": [
          0,
          0,
          0,
          0
        ],
        "out_len": 1,
        "output_timing_propagated": [
          true
        ],
        "output_timing_traced": [
          true
        ],
        "placed_at_RBBM": false,
        "placed_b": -1,
        "placed_tile_x": -1,
        "placed_tile_y": -1,
        "placed_x": -1,
        "placed_y": -1,
        "prefer_place_at_RBBM": -1
      },
      {
        "CLKBUF": {
          "clock_polarity": [
            0
          ],
          "in_len": 1,
          "json_ref": 60,
          "net_input": [
            -1
          ],
          "net_input_timing": [
            -1
          ],
          "net_input_timing_min": [
            -1
          ],
          "net_output": [
            14
          ],
          "net_output_timing": [
            -1
          ],
          "net_output_timing_min": [
            -1
          ],
          "out_len": 1
        },
        "RBB_phy_version": 0,
        "already_packed": -1,
        "clk_i": -1,
        "clock_latency": {
          "clk_source": "",
          "fall_avg": 0,
          "fall_max": 0,
          "fall_min": 0,
          "json_ref": 59,
          "rise_avg": 0,
          "rise_max": 0,
          "rise_min": 0
        },
        "clustering_index": -1,
        "dont_pack": true,
        "dont_place": true,
        "dont_touch": false,
        "in_len": 1,
        "in_out_FF": [
          {
            "in_port": []
          }
        ],
        "in_out_timing": [
          {
            "in_port": [
              0
            ]
          }
        ],
        "input_timing_propagated": [
          true
        ],
        "input_timing_traced": [
          true
        ],
        "inst_name": "virtual_clock",
        "inst_type": "type_CLKBUF",
        "internal_timing": -1,
        "json_ref": 58,
        "net_input_branch": [
          -1
        ],
        "net_input_output_timing_branch": [
          0,
          0,
          0,
          0
        ],
        "net_input_timing_branch": [
          0,
          0,
          0,
          0
        ],
        "net_output_timing_branch": [
          0,
          0,
          0,
          0
        ],
        "out_len": 1,
        "output_timing_propagated": [
          true
        ],
        "output_timing_traced": [
          true
        ],
        "placed_at_RBBM": false,
        "placed_b": -1,
        "placed_tile_x": -1,
        "placed_tile_y": -1,
        "placed_x": -1,
        "placed_y": -1,
        "prefer_place_at_RBBM": -1
      }
    ],
    "prepack_net": [
      {
        "Anet": 0.0,
        "Anet_best_timing": 0.0,
        "Anet_saved": 0.0,
        "clock_domain": -1,
        "clock_synchronizer_net": false,
        "dont_route": true,
        "fixed_route": false,
        "ignore_timing": true,
        "inst_input": [
          {
            "Anet": 0.0,
            "Anet_best_timing": 0.0,
            "Anet_saved": 0.0,
            "clk": -1,
            "inst": 15,
            "is_internal_timing": false,
            "json_ref": 62,
            "loop": -1,
            "path_num": 0,
            "port": 0,
            "timing": -1,
            "timing_min": -1
          },
          {
            "Anet": 0.0,
            "Anet_best_timing": 0.0,
            "Anet_saved": 0.0,
            "clk": -1,
            "inst": 17,
            "is_internal_timing": false,
            "json_ref": 63,
            "loop": -1,
            "path_num": 0,
            "port": 0,
            "timing": -1,
            "timing_min": -1
          }
        ],
        "inst_output": [
          {
            "Anet": 0.0,
            "Anet_best_timing": 0.0,
            "Anet_saved": 0.0,
            "clk": -1,
            "inst": 8,
            "is_internal_timing": false,
            "json_ref": 64,
            "loop": -1,
            "path_num": 0,
            "port": 0,
            "timing": -1,
            "timing_min": -1
          }
        ],
        "json_ref": 61,
        "net_name": "VCC_NET"
      },
      {
        "Anet": 0.0,
        "Anet_best_timing": 0.0,
        "Anet_saved": 0.0,
        "clock_domain": 14,
        "clock_synchronizer_net": false,
        "dont_route": false,
        "fixed_route": false,
        "ignore_timing": true,
        "inst_input": [
          {
            "Anet": 0.0,
            "Anet_best_timing": 0.0,
            "Anet_saved": 0.0,
            "clk": -1,
            "inst": 9,
            "is_internal_timing": false,
            "json_ref": 66,
            "loop": -1,
            "path_num": 0,
            "port": 2,
            "timing": -1,
            "timing_min": -1
          },
          {
            "Anet": 0.0,
            "Anet_best_timing": 0.0,
            "Anet_saved": 0.0,
            "clk": -1,
            "inst": 10,
            "is_internal_timing": false,
            "json_ref": 67,
            "loop": -1,
            "path_num": 0,
            "port": 2,
            "timing": -1,
            "timing_min": -1
          }
        ],
        "inst_output": [
          {
            "Anet": 0.0,
            "Anet_best_timing": 0.0,
            "Anet_saved": 0.0,
            "clk": -1,
            "inst": 11,
            "is_internal_timing": false,
            "json_ref": 68,
            "loop": -1,
            "path_num": 0,
            "port": 0,
            "timing": -1,
            "timing_min": -1
          }
        ],
        "json_ref": 65,
        "net_name": "a"
      },
      {
        "Anet": 0.0,
        "Anet_best_timing": 0.0,
        "Anet_saved": 0.0,
        "clock_domain": 14,
        "clock_synchronizer_net": false,
        "dont_route": false,
        "fixed_route": false,
        "ignore_timing": true,
        "inst_input": [
          {
            "Anet": 0.0,
            "Anet_best_timing": 0.0,
            "Anet_saved": 0.0,
            "clk": -1,
            "inst": 9,
            "is_internal_timing": false,
            "json_ref": 70,
            "loop": -1,
            "path_num": 0,
            "port": 1,
            "timing": -1,
            "timing_min": -1
          },
          {
            "Anet": 0.0,
            "Anet_best_timing": 0.0,
            "Anet_saved": 0.0,
            "clk": -1,
            "inst": 10,
            "is_internal_timing": false,
            "json_ref": 71,
            "loop": -1,
            "path_num": 0,
            "port": 1,
            "timing": -1,
            "timing_min": -1
          }
        ],
        "inst_output": [
          {
            "Anet": 0.0,
            "Anet_best_timing": 0.0,
            "Anet_saved": 0.0,
            "clk": -1,
            "inst": 12,
            "is_internal_timing": false,
            "json_ref": 72,
            "loop": -1,
            "path_num": 0,
            "port": 0,
            "timing": -1,
            "timing_min": -1
          }
        ],
        "json_ref": 69,
        "net_name": "b"
      },
      {
        "Anet": 0.0,
        "Anet_best_timing": 0.0,
        "Anet_saved": 0.0,
        "clock_domain": 14,
        "clock_synchronizer_net": false,
        "dont_route": false,
        "fixed_route": false,
        "ignore_timing": true,
        "inst_input": [
          {
            "Anet": 0.0,
            "Anet_best_timing": 0.0,
            "Anet_saved": 0.0,
            "clk": -1,
            "inst": 9,
            "is_internal_timing": false,
            "json_ref": 74,
            "loop": -1,
            "path_num": 0,
            "port": 0,
            "timing": -1,
            "timing_min": -1
          },
          {
            "Anet": 0.0,
            "Anet_best_timing": 0.0,
            "Anet_saved": 0.0,
            "clk": -1,
            "inst": 10,
            "is_internal_timing": false,
            "json_ref": 75,
            "loop": -1,
            "path_num": 0,
            "port": 0,
            "timing": -1,
            "timing_min": -1
          }
        ],
        "inst_output": [
          {
            "Anet": 0.0,
            "Anet_best_timing": 0.0,
            "Anet_saved": 0.0,
            "clk": -1,
            "inst": 13,
            "is_internal_timing": false,
            "json_ref": 76,
            "loop": -1,
            "path_num": 0,
            "port": 0,
            "timing": -1,
            "timing_min": -1
          }
        ],
        "json_ref": 73,
        "net_name": "c_in"
      },
      {
        "Anet": 0.0,
        "Anet_best_timing": 0.0,
        "Anet_saved": 0.0,
        "clock_domain": -1,
        "clock_synchronizer_net": false,
        "dont_route": false,
        "fixed_route": false,
        "ignore_timing": true,
        "inst_input": [
          {
            "Anet": 0.0,
            "Anet_best_timing": 0.0,
            "Anet_saved": 0.0,
            "clk": -1,
            "inst": 16,
            "is_internal_timing": false,
            "json_ref": 78,
            "loop": -1,
            "path_num": 0,
            "port": 0,
            "timing": -1,
            "timing_min": -1
          }
        ],
        "inst_output": [
          {
            "Anet": 0.0,
            "Anet_best_timing": 0.0,
            "Anet_saved": 0.0,
            "clk": -1,
            "inst": 10,
            "is_internal_timing": false,
            "json_ref": 79,
            "loop": -1,
            "path_num": 0,
            "port": 0,
            "timing": -1,
            "timing_min": -1
          }
        ],
        "json_ref": 77,
        "net_name": "sum"
      },
      {
        "Anet": 0.0,
        "Anet_best_timing": 0.0,
        "Anet_saved": 0.0,
        "clock_domain": -1,
        "clock_synchronizer_net": false,
        "dont_route": false,
        "fixed_route": false,
        "ignore_timing": true,
        "inst_input": [
          {
            "Anet": 0.0,
            "Anet_best_timing": 0.0,
            "Anet_saved": 0.0,
            "clk": -1,
            "inst": 14,
            "is_internal_timing": false,
            "json_ref": 81,
            "loop": -1,
            "path_num": 0,
            "port": 0,
            "timing": -1,
            "timing_min": -1
          }
        ],
        "inst_output": [
          {
            "Anet": 0.0,
            "Anet_best_timing": 0.0,
            "Anet_saved": 0.0,
            "clk": -1,
            "inst": 9,
            "is_internal_timing": false,
            "json_ref": 82,
            "loop": -1,
            "path_num": 0,
            "port": 0,
            "timing": -1,
            "timing_min": -1
          }
        ],
        "json_ref": 80,
        "net_name": "carry"
      },
      {
        "Anet": 0.0,
        "Anet_best_timing": 0.0,
        "Anet_saved": 0.0,
        "clock_domain": -1,
        "clock_synchronizer_net": false,
        "dont_route": true,
        "fixed_route": false,
        "ignore_timing": false,
        "inst_input": [
          {
            "Anet": 0.0,
            "Anet_best_timing": 0.0,
            "Anet_saved": 0.0,
            "clk": -1,
            "inst": 11,
            "is_internal_timing": false,
            "json_ref": 84,
            "loop": -1,
            "path_num": 0,
            "port": 0,
            "timing": -1,
            "timing_min": -1
          }
        ],
        "inst_output": [
          {
            "Anet": 0.0,
            "Anet_best_timing": 0.0,
            "Anet_saved": 0.0,
            "clk": -1,
            "inst": 0,
            "is_internal_timing": false,
            "json_ref": 85,
            "loop": -1,
            "path_num": 0,
            "port": 0,
            "timing": -1,
            "timing_min": -1
          }
        ],
        "json_ref": 83,
        "net_name": "a_ibuf"
      },
      {
        "Anet": 0.0,
        "Anet_best_timing": 0.0,
        "Anet_saved": 0.0,
        "clock_domain": -1,
        "clock_synchronizer_net": false,
        "dont_route": true,
        "fixed_route": false,
        "ignore_timing": false,
        "inst_input": [
          {
            "Anet": 0.0,
            "Anet_best_timing": 0.0,
            "Anet_saved": 0.0,
            "clk": -1,
            "inst": 12,
            "is_internal_timing": false,
            "json_ref": 87,
            "loop": -1,
            "path_num": 0,
            "port": 0,
            "timing": -1,
            "timing_min": -1
          }
        ],
        "inst_output": [
          {
            "Anet": 0.0,
            "Anet_best_timing": 0.0,
            "Anet_saved": 0.0,
            "clk": -1,
            "inst": 1,
            "is_internal_timing": false,
            "json_ref": 88,
            "loop": -1,
            "path_num": 0,
            "port": 0,
            "timing": -1,
            "timing_min": -1
          }
        ],
        "json_ref": 86,
        "net_name": "b_ibuf"
      },
      {
        "Anet": 0.0,
        "Anet_best_timing": 0.0,
        "Anet_saved": 0.0,
        "clock_domain": -1,
        "clock_synchronizer_net": false,
        "dont_route": true,
        "fixed_route": false,
        "ignore_timing": false,
        "inst_input": [
          {
            "Anet": 0.0,
            "Anet_best_timing": 0.0,
            "Anet_saved": 0.0,
            "clk": -1,
            "inst": 13,
            "is_internal_timing": false,
            "json_ref": 90,
            "loop": -1,
            "path_num": 0,
            "port": 0,
            "timing": -1,
            "timing_min": -1
          }
        ],
        "inst_output": [
          {
            "Anet": 0.0,
            "Anet_best_timing": 0.0,
            "Anet_saved": 0.0,
            "clk": -1,
            "inst": 2,
            "is_internal_timing": false,
            "json_ref": 91,
            "loop": -1,
            "path_num": 0,
            "port": 0,
            "timing": -1,
            "timing_min": -1
          }
        ],
        "json_ref": 89,
        "net_name": "c_in_ibuf"
      },
      {
        "Anet": 0.0,
        "Anet_best_timing": 0.0,
        "Anet_saved": 0.0,
        "clock_domain": 14,
        "clock_synchronizer_net": false,
        "dont_route": true,
        "fixed_route": false,
        "ignore_timing": false,
        "inst_input": [
          {
            "Anet": 0.0,
            "Anet_best_timing": 0.0,
            "Anet_saved": 0.0,
            "clk": -1,
            "inst": 3,
            "is_internal_timing": false,
            "json_ref": 93,
            "loop": -1,
            "path_num": 0,
            "port": 0,
            "timing": -1,
            "timing_min": -1
          }
        ],
        "inst_output": [
          {
            "Anet": 0.0,
            "Anet_best_timing": 0.0,
            "Anet_saved": 0.0,
            "clk": -1,
            "inst": 14,
            "is_internal_timing": false,
            "json_ref": 94,
            "loop": -1,
            "path_num": 0,
            "port": 0,
            "timing": -1,
            "timing_min": -1
          }
        ],
        "json_ref": 92,
        "net_name": "carry_obuf"
      },
      {
        "Anet": 0.0,
        "Anet_best_timing": 0.0,
        "Anet_saved": 0.0,
        "clock_domain": 14,
        "clock_synchronizer_net": false,
        "dont_route": true,
        "fixed_route": false,
        "ignore_timing": false,
        "inst_input": [
          {
            "Anet": 0.0,
            "Anet_best_timing": 0.0,
            "Anet_saved": 0.0,
            "clk": -1,
            "inst": 4,
            "is_internal_timing": false,
            "json_ref": 96,
            "loop": -1,
            "path_num": 0,
            "port": 0,
            "timing": -1,
            "timing_min": -1
          }
        ],
        "inst_output": [
          {
            "Anet": 0.0,
            "Anet_best_timing": 0.0,
            "Anet_saved": 0.0,
            "clk": -1,
            "inst": 15,
            "is_internal_timing": false,
            "json_ref": 97,
            "loop": -1,
            "path_num": 0,
            "port": 0,
            "timing": -1,
            "timing_min": -1
          }
        ],
        "json_ref": 95,
        "net_name": "carry_en_obuf"
      },
      {
        "Anet": 0.0,
        "Anet_best_timing": 0.0,
        "Anet_saved": 0.0,
        "clock_domain": 14,
        "clock_synchronizer_net": false,
        "dont_route": true,
        "fixed_route": false,
        "ignore_timing": false,
        "inst_input": [
          {
            "Anet": 0.0,
            "Anet_best_timing": 0.0,
            "Anet_saved": 0.0,
            "clk": -1,
            "inst": 5,
            "is_internal_timing": false,
            "json_ref": 99,
            "loop": -1,
            "path_num": 0,
            "port": 0,
            "timing": -1,
            "timing_min": -1
          }
        ],
        "inst_output": [
          {
            "Anet": 0.0,
            "Anet_best_timing": 0.0,
            "Anet_saved": 0.0,
            "clk": -1,
            "inst": 16,
            "is_internal_timing": false,
            "json_ref": 100,
            "loop": -1,
            "path_num": 0,
            "port": 0,
            "timing": -1,
            "timing_min": -1
          }
        ],
        "json_ref": 98,
        "net_name": "sum_obuf"
      },
      {
        "Anet": 0.0,
        "Anet_best_timing": 0.0,
        "Anet_saved": 0.0,
        "clock_domain": 14,
        "clock_synchronizer_net": false,
        "dont_route": true,
        "fixed_route": false,
        "ignore_timing": false,
        "inst_input": [
          {
            "Anet": 0.0,
            "Anet_best_timing": 0.0,
            "Anet_saved": 0.0,
            "clk": -1,
            "inst": 6,
            "is_internal_timing": false,
            "json_ref": 102,
            "loop": -1,
            "path_num": 0,
            "port": 0,
            "timing": -1,
            "timing_min": -1
          }
        ],
        "inst_output": [
          {
            "Anet": 0.0,
            "Anet_best_timing": 0.0,
            "Anet_saved": 0.0,
            "clk": -1,
            "inst": 17,
            "is_internal_timing": false,
            "json_ref": 103,
            "loop": -1,
            "path_num": 0,
            "port": 0,
            "timing": -1,
            "timing_min": -1
          }
        ],
        "json_ref": 101,
        "net_name": "sum_en_obuf"
      },
      {
        "Anet": 0.0,
        "Anet_best_timing": 0.0,
        "Anet_saved": 0.0,
        "clock_domain": -1,
        "clock_synchronizer_net": false,
        "dont_route": true,
        "fixed_route": false,
        "ignore_timing": true,
        "inst_input": [],
        "inst_output": [
          {
            "Anet": 0.0,
            "Anet_best_timing": 0.0,
            "Anet_saved": 0.0,
            "clk": -1,
            "inst": 18,
            "is_internal_timing": false,
            "json_ref": 105,
            "loop": -1,
            "path_num": 0,
            "port": 0,
            "timing": -1,
            "timing_min": -1
          }
        ],
        "json_ref": 104,
        "net_name": "GND_net"
      },
      {
        "Anet": 0.0,
        "Anet_best_timing": 0.0,
        "Anet_saved": 0.0,
        "clock_domain": -1,
        "clock_synchronizer_net": false,
        "dont_route": true,
        "fixed_route": false,
        "ignore_timing": false,
        "inst_input": [],
        "inst_output": [
          {
            "Anet": 0.0,
            "Anet_best_timing": 0.0,
            "Anet_saved": 0.0,
            "clk": -1,
            "inst": 19,
            "is_internal_timing": false,
            "json_ref": 107,
            "loop": -1,
            "path_num": 0,
            "port": 0,
            "timing": -1,
            "timing_min": -1
          }
        ],
        "json_ref": 106,
        "net_name": "virtual_clock"
      }
    ],
    "ram_inst_list": [],
    "ram_inverted_clk_net": [],
    "sdc_cache": "",
    "ta_process_corner": "TSMC 40nm ULP tt1p1v25c_Typical",
    "timing_trace": [
      []
    ],
    "total_bram": 0,
    "total_dsp": 0,
    "total_dual_ff": 0,
    "total_dual_lut": 1,
    "total_ext_ram_2p": 0,
    "total_ext_ram_dp": 0,
    "total_ext_ram_sp": 0,
    "total_ff": 0,
    "total_io": 5,
    "total_logic": 1,
    "total_logic_memory": 0,
    "total_lut": 1,
    "worst_timing": [
      -99999999
    ]
  },
  "placement": {
    "CLK_UNCERTAINTY": 150,
    "ENABLE_HIGH_DENSITY_IO_PACKING": true,
    "ENABLE_HIGH_DENSITY_PACKING": true,
    "ENABLE_HIGH_DENSITY_RBBM_PACKING": true,
    "ENABLE_INNER_EDGE_IO": false,
    "EXT_RAM_TDP_TO_2SP_MAP": true,
    "EXT_RAM_list": [],
    "EXT_RAM_list_inst": [],
    "FP_AUTO_GEN": false,
    "GENERATE_VIRTUAL_ARRAY": false,
    "HIGH_DENSITY_PACKING_RBB_THR": 50,
    "HOLD_TIME_THRESHOLD": 150,
    "IGNORE_INPUT_OUTPUT_DELAY": 0,
    "INTERCONNECT_DELAY": [
      5000,
      10000
    ],
    "LOGIC_DELAY": [
      0,
      10000,
      10000,
      10000,
      10000,
      1000,
      250,
      1000,
      710,
      0,
      0,
      10000,
      10000,
      10000,
      0,
      0,
      0,
      0,
      10000,
      10000,
      10000,
      10000,
      10000,
      0,
      0,
      10000,
      10000,
      0
    ],
    "MAX_MUXF8_INPUTS": 24,
    "MIN_NET_CRIT": 0.05,
    "RBB_L_DELAY": [
      [
        1800,
        1800,
        1800,
        1800,
        1800,
        1800,
        1800,
        1800,
        1800,
        1800,
        1800,
        1800,
        1800,
        1800,
        1800,
        1800,
        1800,
        1800,
        1800,
        1800,
        1800,
        1800,
        1800,
        1800,
        1800
      ],
      [
        1800,
        1800,
        1800,
        1800,
        1800,
        1800,
        1800,
        1800,
        1800,
        1800,
        1800,
        1800,
        1800,
        1800,
        1800,
        1800,
        1800,
        1800,
        1800,
        1800,
        1800,
        1800,
        1800,
        1800,
        1800
      ],
      [
        1800,
        1800,
        1800,
        1800,
        1800,
        1800,
        1800,
        1800,
        1800,
        1800,
        1800,
        1800,
        1800,
        1800,
        1800,
        1800,
        1800,
        1800,
        1800,
        1800,
        1800,
        1800,
        1800,
        1800,
        1800
      ],
      [
        1800,
        1800,
        1800,
        1800,
        1800,
        1800,
        1800,
        1800,
        1800,
        1800,
        1800,
        1800,
        1800,
        1800,
        1800,
        1800,
        1800,
        1800,
        1800,
        1800,
        1800,
        1800,
        1800,
        1800,
        1800
      ],
      [
        1800,
        1800,
        1800,
        1800,
        1800,
        1800,
        1800,
        1800,
        1800,
        1800,
        1800,
        1800,
        1800,
        1800,
        1800,
        1800,
        1800,
        1800,
        1800,
        1800,
        1800,
        1800,
        1800,
        1800,
        1800
      ],
      [
        1800,
        1800,
        1800,
        1800,
        1800,
        1800,
        1800,
        1800,
        1800,
        1800,
        1800,
        1800,
        1800,
        1800,
        1800,
        1800,
        1800,
        1800,
        1800,
        1800,
        1800,
        1800,
        1800,
        1800,
        1800
      ],
      [
        1800,
        1800,
        1800,
        1800,
        1800,
        1800,
        1800,
        1800,
        1800,
        1800,
        1800,
        1800,
        1800,
        1800,
        1800,
        1800,
        1800,
        1800,
        1800,
        1800,
        1800,
        1800,
        1800,
        1800,
        1800
      ],
      [
        1800,
        1800,
        1800,
        1800,
        1800,
        1800,
        1800,
        1800,
        1800,
        1800,
        1800,
        1800,
        1800,
        1800,
        1800,
        1800,
        1800,
        1800,
        1800,
        1800,
        1800,
        1800,
        1800,
        1800,
        1800
      ],
      [
        1800,
        1800,
        1800,
        1800,
        1800,
        1800,
        1800,
        1800,
        1800,
        1800,
        1800,
        1800,
        1800,
        1800,
        1800,
        1800,
        1800,
        1800,
        1800,
        1800,
        1800,
        1800,
        1800,
        1800,
        1800
      ],
      [
        1800,
        1800,
        1800,
        1800,
        1800,
        1800,
        1800,
        1800,
        1800,
        1800,
        1800,
        1800,
        1800,
        1800,
        1800,
        1800,
        1800,
        1800,
        1800,
        1800,
        1800,
        1800,
        1800,
        1800,
        1800
      ],
      [
        1800,
        1800,
        1800,
        1800,
        1800,
        1800,
        1800,
        1800,
        1800,
        1800,
        1800,
        1800,
        1800,
        1800,
        1800,
        1800,
        1800,
        1800,
        1800,
        1800,
        1800,
        1800,
        1800,
        1800,
        1800
      ],
      [
        1800,
        1800,
        1800,
        1800,
        1800,
        1800,
        1800,
        1800,
        1800,
        1800,
        1800,
        1800,
        1800,
        1800,
        1800,
        1800,
        1800,
        1800,
        1800,
        1800,
        1800,
        1800,
        1800,
        1800,
        1800
      ],
      [
        3000,
        3000,
        3000,
        3000,
        3000,
        3000,
        3000,
        3000,
        3000,
        3000,
        3000,
        3000,
        3000,
        3000,
        3000,
        3000,
        3000,
        3000,
        3000,
        3000,
        3000,
        3000,
        3000,
        3000,
        710
      ]
    ],
    "TIMING_DRIVEN_PACKING_THR": 0.7,
    "TIMING_REPORT_IO_PATHS": false,
    "avail_ext_ram_2p": 0,
    "avail_ext_ram_dp": 0,
    "avail_ext_ram_sp": 0,
    "clock_net": [
      {
        "clk_in": [
          {
            "delays": [
              {
                "clk_source": "",
                "fall_avg": 0,
                "fall_max": 0,
                "fall_min": 0,
                "json_ref": 110,
                "rise_avg": 0,
                "rise_max": 0,
                "rise_min": 0
              },
              {
                "clk_source": "",
                "fall_avg": 0,
                "fall_max": 0,
                "fall_min": 0,
                "json_ref": 111,
                "rise_avg": 0,
                "rise_max": 0,
                "rise_min": 0
              },
              {
                "clk_source": "",
                "fall_avg": 0,
                "fall_max": 0,
                "fall_min": 0,
                "json_ref": 112,
                "rise_avg": 0,
                "rise_max": 0,
                "rise_min": 0
              },
              {
                "clk_source": "",
                "fall_avg": 0,
                "fall_max": 0,
                "fall_min": 0,
                "json_ref": 113,
                "rise_avg": 0,
                "rise_max": 0,
                "rise_min": 0
              },
              {
                "clk_source": "",
                "fall_avg": 0,
                "fall_max": 0,
                "fall_min": 0,
                "json_ref": 114,
                "rise_avg": 0,
                "rise_max": 0,
                "rise_min": 0
              }
            ],
            "index": 1,
            "json_ref": 109,
            "side": 2,
            "tile_x": 0,
            "tile_y": 0
          }
        ],
        "clk_is_input": true,
        "clk_is_inverted": false,
        "clk_net": 14,
        "clk_net_has_parent": -1,
        "clk_out": [],
        "json_ref": 108
      }
    ],
    "curr_carry_len": 0,
    "debug_net": [],
    "dsp_errors": {},
    "holdtime_to_fix": [],
    "loop_clks": [],
    "max_carry_len": 40,
    "module_name": "full_adder",
    "name_to_clk_net": {
      "virtual_clock": 14
    },
    "num_physical_loops": 0,
    "packed_inst": [
      {
        "IOB": {
          "FF_CE_used": [
            -1,
            -1
          ],
          "FF_async_PRECLR": [
            -1,
            -1
          ],
          "FF_sync_SR": [
            -1,
            -1
          ],
          "clock_input": [
            14
          ],
          "clock_polarity": [
            0
          ],
          "in_len": 4,
          "inst_EFLX_input": [
            11,
            -1
          ],
          "inst_EFLX_output": [
            -1,
            -1
          ],
          "inst_FD_input": [
            -1,
            -1
          ],
          "inst_FD_output": [
            -1,
            -1
          ],
          "json_ref": 117,
          "net_EFLX_input": [
            1,
            -1
          ],
          "net_EFLX_output": [
            -1,
            -1
          ],
          "net_input": [
            -1,
            -1,
            -1,
            -1
          ],
          "net_input_timing": [
            -1,
            -1,
            -1,
            -1
          ],
          "net_input_timing_min": [
            -1,
            -1,
            -1,
            -1
          ],
          "net_output": [
            1,
            -1
          ],
          "net_output_timing": [
            -1,
            -1
          ],
          "net_output_timing_min": [
            -1,
            -1
          ],
          "out_len": 2,
          "port_EFLX_INPUT": [
            "a",
            ""
          ],
          "port_EFLX_INPUT_DELAY": [
            -1,
            -2
          ],
          "port_EFLX_OUTPUT": [
            "",
            ""
          ],
          "port_EFLX_OUTPUT_DELAY": [
            -2,
            -2
          ]
        },
        "RBB_phy_version": 2,
        "already_packed": -1,
        "clk_i": 0,
        "clock_latency": {
          "clk_source": "",
          "fall_avg": 0,
          "fall_max": 997,
          "fall_min": 997,
          "json_ref": 116,
          "rise_avg": 0,
          "rise_max": 1036,
          "rise_min": 1036
        },
        "clustering_index": -1,
        "dont_pack": false,
        "dont_place": false,
        "dont_touch": false,
        "in_len": 4,
        "in_out_FF": [
          {
            "in_port": []
          },
          {
            "in_port": []
          }
        ],
        "in_out_timing": [
          {
            "in_port": []
          },
          {
            "in_port": []
          }
        ],
        "input_timing_propagated": [
          true,
          true,
          true,
          true
        ],
        "input_timing_traced": [
          true,
          true,
          true,
          true
        ],
        "inst_name": "RBB_0",
        "inst_type": "type_IOB",
        "internal_timing": -1,
        "json_ref": 115,
        "net_input_branch": [
          -1,
          -1,
          -1,
          -1
        ],
        "net_input_output_timing_branch": [
          0,
          0,
          0,
          0,
          0,
          0,
          0,
          0,
          0,
          0,
          0,
          0,
          0,
          0,
          0,
          0,
          0,
          0,
          0,
          0,
          0,
          0,
          0,
          0,
          0,
          0,
          0,
          0,
          0,
          0,
          0,
          0
        ],
        "net_input_timing_branch": [
          0,
          0,
          0,
          0,
          0,
          0,
          0,
          0,
          0,
          0,
          0,
          0,
          0,
          0,
          0,
          0
        ],
        "net_output_timing_branch": [
          0,
          0,
          0,
          0,
          0,
          0,
          0,
          0
        ],
        "out_len": 2,
        "output_timing_propagated": [
          true,
          true
        ],
        "output_timing_traced": [
          true,
          true
        ],
        "placed_at_RBBM": false,
        "placed_b": 0,
        "placed_tile_x": 0,
        "placed_tile_y": 0,
        "placed_x": 6,
        "placed_y": 0,
        "prefer_place_at_RBBM": -1
      },
      {
        "IOB": {
          "FF_CE_used": [
            -1,
            -1
          ],
          "FF_async_PRECLR": [
            -1,
            -1
          ],
          "FF_sync_SR": [
            -1,
            -1
          ],
          "clock_input": [
            14
          ],
          "clock_polarity": [
            0
          ],
          "in_len": 4,
          "inst_EFLX_input": [
            12,
            -1
          ],
          "inst_EFLX_output": [
            -1,
            -1
          ],
          "inst_FD_input": [
            -1,
            -1
          ],
          "inst_FD_output": [
            -1,
            -1
          ],
          "json_ref": 120,
          "net_EFLX_input": [
            2,
            -1
          ],
          "net_EFLX_output": [
            -1,
            -1
          ],
          "net_input": [
            -1,
            -1,
            -1,
            -1
          ],
          "net_input_timing": [
            -1,
            -1,
            -1,
            -1
          ],
          "net_input_timing_min": [
            -1,
            -1,
            -1,
            -1
          ],
          "net_output": [
            2,
            -1
          ],
          "net_output_timing": [
            -1,
            -1
          ],
          "net_output_timing_min": [
            -1,
            -1
          ],
          "out_len": 2,
          "port_EFLX_INPUT": [
            "b",
            ""
          ],
          "port_EFLX_INPUT_DELAY": [
            -1,
            -2
          ],
          "port_EFLX_OUTPUT": [
            "",
            ""
          ],
          "port_EFLX_OUTPUT_DELAY": [
            -2,
            -2
          ]
        },
        "RBB_phy_version": 3,
        "already_packed": -1,
        "clk_i": 0,
        "clock_latency": {
          "clk_source": "",
          "fall_avg": 0,
          "fall_max": 952,
          "fall_min": 952,
          "json_ref": 119,
          "rise_avg": 0,
          "rise_max": 1002,
          "rise_min": 1002
        },
        "clustering_index": -1,
        "dont_pack": false,
        "dont_place": false,
        "dont_touch": false,
        "in_len": 4,
        "in_out_FF": [
          {
            "in_port": []
          },
          {
            "in_port": []
          }
        ],
        "in_out_timing": [
          {
            "in_port": []
          },
          {
            "in_port": []
          }
        ],
        "input_timing_propagated": [
          true,
          true,
          true,
          true
        ],
        "input_timing_traced": [
          true,
          true,
          true,
          true
        ],
        "inst_name": "RBB_1",
        "inst_type": "type_IOB",
        "internal_timing": -1,
        "json_ref": 118,
        "net_input_branch": [
          -1,
          -1,
          -1,
          -1
        ],
        "net_input_output_timing_branch": [
          0,
          0,
          0,
          0,
          0,
          0,
          0,
          0,
          0,
          0,
          0,
          0,
          0,
          0,
          0,
          0,
          0,
          0,
          0,
          0,
          0,
          0,
          0,
          0,
          0,
          0,
          0,
          0,
          0,
          0,
          0,
          0
        ],
        "net_input_timing_branch": [
          0,
          0,
          0,
          0,
          0,
          0,
          0,
          0,
          0,
          0,
          0,
          0,
          0,
          0,
          0,
          0
        ],
        "net_output_timing_branch": [
          0,
          0,
          0,
          0,
          0,
          0,
          0,
          0
        ],
        "out_len": 2,
        "output_timing_propagated": [
          true,
          true
        ],
        "output_timing_traced": [
          true,
          true
        ],
        "placed_at_RBBM": false,
        "placed_b": 0,
        "placed_tile_x": 0,
        "placed_tile_y": 0,
        "placed_x": 7,
        "placed_y": 0,
        "prefer_place_at_RBBM": -1
      },
      {
        "IOB": {
          "FF_CE_used": [
            -1,
            -1
          ],
          "FF_async_PRECLR": [
            -1,
            -1
          ],
          "FF_sync_SR": [
            -1,
            -1
          ],
          "clock_input": [
            14
          ],
          "clock_polarity": [
            0
          ],
          "in_len": 4,
          "inst_EFLX_input": [
            13,
            -1
          ],
          "inst_EFLX_output": [
            -1,
            -1
          ],
          "inst_FD_input": [
            -1,
            -1
          ],
          "inst_FD_output": [
            -1,
            -1
          ],
          "json_ref": 123,
          "net_EFLX_input": [
            3,
            -1
          ],
          "net_EFLX_output": [
            -1,
            -1
          ],
          "net_input": [
            -1,
            -1,
            -1,
            -1
          ],
          "net_input_timing": [
            -1,
            -1,
            -1,
            -1
          ],
          "net_input_timing_min": [
            -1,
            -1,
            -1,
            -1
          ],
          "net_output": [
            3,
            -1
          ],
          "net_output_timing": [
            -1,
            -1
          ],
          "net_output_timing_min": [
            -1,
            -1
          ],
          "out_len": 2,
          "port_EFLX_INPUT": [
            "c_in",
            ""
          ],
          "port_EFLX_INPUT_DELAY": [
            -1,
            -2
          ],
          "port_EFLX_OUTPUT": [
            "",
            ""
          ],
          "port_EFLX_OUTPUT_DELAY": [
            -2,
            -2
          ]
        },
        "RBB_phy_version": 2,
        "already_packed": -1,
        "clk_i": 0,
        "clock_latency": {
          "clk_source": "",
          "fall_avg": 0,
          "fall_max": 973,
          "fall_min": 973,
          "json_ref": 122,
          "rise_avg": 0,
          "rise_max": 1029,
          "rise_min": 1029
        },
        "clustering_index": -1,
        "dont_pack": false,
        "dont_place": false,
        "dont_touch": false,
        "in_len": 4,
        "in_out_FF": [
          {
            "in_port": []
          },
          {
            "in_port": []
          }
        ],
        "in_out_timing": [
          {
            "in_port": []
          },
          {
            "in_port": []
          }
        ],
        "input_timing_propagated": [
          true,
          true,
          true,
          true
        ],
        "input_timing_traced": [
          true,
          true,
          true,
          true
        ],
        "inst_name": "RBB_2",
        "inst_type": "type_IOB",
        "internal_timing": -1,
        "json_ref": 121,
        "net_input_branch": [
          -1,
          -1,
          -1,
          -1
        ],
        "net_input_output_timing_branch": [
          0,
          0,
          0,
          0,
          0,
          0,
          0,
          0,
          0,
          0,
          0,
          0,
          0,
          0,
          0,
          0,
          0,
          0,
          0,
          0,
          0,
          0,
          0,
          0,
          0,
          0,
          0,
          0,
          0,
          0,
          0,
          0
        ],
        "net_input_timing_branch": [
          0,
          0,
          0,
          0,
          0,
          0,
          0,
          0,
          0,
          0,
          0,
          0,
          0,
          0,
          0,
          0
        ],
        "net_output_timing_branch": [
          0,
          0,
          0,
          0,
          0,
          0,
          0,
          0
        ],
        "out_len": 2,
        "output_timing_propagated": [
          true,
          true
        ],
        "output_timing_traced": [
          true,
          true
        ],
        "placed_at_RBBM": false,
        "placed_b": 0,
        "placed_tile_x": 0,
        "placed_tile_y": 0,
        "placed_x": 24,
        "placed_y": 0,
        "prefer_place_at_RBBM": -1
      },
      {
        "IOB": {
          "FF_CE_used": [
            -1,
            -1
          ],
          "FF_async_PRECLR": [
            -1,
            -1
          ],
          "FF_sync_SR": [
            -1,
            -1
          ],
          "clock_input": [
            14
          ],
          "clock_polarity": [
            0
          ],
          "in_len": 4,
          "inst_EFLX_input": [
            -1,
            -1
          ],
          "inst_EFLX_output": [
            16,
            17
          ],
          "inst_FD_input": [
            -1,
            -1
          ],
          "inst_FD_output": [
            -1,
            -1
          ],
          "json_ref": 126,
          "net_EFLX_input": [
            -1,
            -1
          ],
          "net_EFLX_output": [
            4,
            0
          ],
          "net_input": [
            4,
            0,
            -1,
            -1
          ],
          "net_input_timing": [
            0,
            0,
            -1,
            -1
          ],
          "net_input_timing_min": [
            0,
            0,
            -1,
            -1
          ],
          "net_output": [
            -1,
            -1
          ],
          "net_output_timing": [
            -1,
            -1
          ],
          "net_output_timing_min": [
            -1,
            -1
          ],
          "out_len": 2,
          "port_EFLX_INPUT": [
            "",
            ""
          ],
          "port_EFLX_INPUT_DELAY": [
            -2,
            -2
          ],
          "port_EFLX_OUTPUT": [
            "sum",
            "sum_en"
          ],
          "port_EFLX_OUTPUT_DELAY": [
            -1,
            -1
          ]
        },
        "RBB_phy_version": 0,
        "already_packed": -1,
        "clk_i": 0,
        "clock_latency": {
          "clk_source": "",
          "fall_avg": 0,
          "fall_max": 962,
          "fall_min": 962,
          "json_ref": 125,
          "rise_avg": 0,
          "rise_max": 1016,
          "rise_min": 1016
        },
        "clustering_index": -1,
        "dont_pack": false,
        "dont_place": false,
        "dont_touch": false,
        "in_len": 4,
        "in_out_FF": [
          {
            "in_port": []
          },
          {
            "in_port": []
          }
        ],
        "in_out_timing": [
          {
            "in_port": []
          },
          {
            "in_port": []
          }
        ],
        "input_timing_propagated": [
          false,
          false,
          true,
          true
        ],
        "input_timing_traced": [
          false,
          false,
          true,
          true
        ],
        "inst_name": "RBB_3",
        "inst_type": "type_IOB",
        "internal_timing": -1,
        "json_ref": 124,
        "net_input_branch": [
          -1,
          -1,
          -1,
          -1
        ],
        "net_input_output_timing_branch": [
          0,
          0,
          0,
          0,
          0,
          0,
          0,
          0,
          0,
          0,
          0,
          0,
          0,
          0,
          0,
          0,
          0,
          0,
          0,
          0,
          0,
          0,
          0,
          0,
          0,
          0,
          0,
          0,
          0,
          0,
          0,
          0
        ],
        "net_input_timing_branch": [
          0,
          0,
          0,
          0,
          0,
          0,
          0,
          0,
          0,
          0,
          0,
          0,
          0,
          0,
          0,
          0
        ],
        "net_output_timing_branch": [
          0,
          0,
          0,
          0,
          0,
          0,
          0,
          0
        ],
        "out_len": 2,
        "output_timing_propagated": [
          true,
          true
        ],
        "output_timing_traced": [
          true,
          true
        ],
        "placed_at_RBBM": false,
        "placed_b": 0,
        "placed_tile_x": 0,
        "placed_tile_y": 0,
        "placed_x": 4,
        "placed_y": 31,
        "prefer_place_at_RBBM": -1
      },
      {
        "IOB": {
          "FF_CE_used": [
            -1,
            -1
          ],
          "FF_async_PRECLR": [
            -1,
            -1
          ],
          "FF_sync_SR": [
            -1,
            -1
          ],
          "clock_input": [
            14
          ],
          "clock_polarity": [
            0
          ],
          "in_len": 4,
          "inst_EFLX_input": [
            -1,
            -1
          ],
          "inst_EFLX_output": [
            14,
            15
          ],
          "inst_FD_input": [
            -1,
            -1
          ],
          "inst_FD_output": [
            -1,
            -1
          ],
          "json_ref": 129,
          "net_EFLX_input": [
            -1,
            -1
          ],
          "net_EFLX_output": [
            5,
            0
          ],
          "net_input": [
            5,
            0,
            -1,
            -1
          ],
          "net_input_timing": [
            0,
            0,
            -1,
            -1
          ],
          "net_input_timing_min": [
            0,
            0,
            -1,
            -1
          ],
          "net_output": [
            -1,
            -1
          ],
          "net_output_timing": [
            -1,
            -1
          ],
          "net_output_timing_min": [
            -1,
            -1
          ],
          "out_len": 2,
          "port_EFLX_INPUT": [
            "",
            ""
          ],
          "port_EFLX_INPUT_DELAY": [
            -2,
            -2
          ],
          "port_EFLX_OUTPUT": [
            "carry",
            "carry_en"
          ],
          "port_EFLX_OUTPUT_DELAY": [
            -1,
            -1
          ]
        },
        "RBB_phy_version": 0,
        "already_packed": -1,
        "clk_i": 0,
        "clock_latency": {
          "clk_source": "",
          "fall_avg": 0,
          "fall_max": 962,
          "fall_min": 962,
          "json_ref": 128,
          "rise_avg": 0,
          "rise_max": 1016,
          "rise_min": 1016
        },
        "clustering_index": -1,
        "dont_pack": false,
        "dont_place": false,
        "dont_touch": false,
        "in_len": 4,
        "in_out_FF": [
          {
            "in_port": []
          },
          {
            "in_port": []
          }
        ],
        "in_out_timing": [
          {
            "in_port": []
          },
          {
            "in_port": []
          }
        ],
        "input_timing_propagated": [
          false,
          false,
          true,
          true
        ],
        "input_timing_traced": [
          false,
          false,
          true,
          true
        ],
        "inst_name": "RBB_4",
        "inst_type": "type_IOB",
        "internal_timing": -1,
        "json_ref": 127,
        "net_input_branch": [
          -1,
          -1,
          -1,
          -1
        ],
        "net_input_output_timing_branch": [
          0,
          0,
          0,
          0,
          0,
          0,
          0,
          0,
          0,
          0,
          0,
          0,
          0,
          0,
          0,
          0,
          0,
          0,
          0,
          0,
          0,
          0,
          0,
          0,
          0,
          0,
          0,
          0,
          0,
          0,
          0,
          0
        ],
        "net_input_timing_branch": [
          0,
          0,
          0,
          0,
          0,
          0,
          0,
          0,
          0,
          0,
          0,
          0,
          0,
          0,
          0,
          0
        ],
        "net_output_timing_branch": [
          0,
          0,
          0,
          0,
          0,
          0,
          0,
          0
        ],
        "out_len": 2,
        "output_timing_propagated": [
          true,
          true
        ],
        "output_timing_traced": [
          true,
          true
        ],
        "placed_at_RBBM": false,
        "placed_b": 0,
        "placed_tile_x": 0,
        "placed_tile_y": 0,
        "placed_x": 5,
        "placed_y": 31,
        "prefer_place_at_RBBM": -1
      },
      {
        "RBB_6L": {
          "FF_CE_used": -1,
          "FF_SR_used": -1,
          "FF_async_PRECLR": [
            -1,
            -1
          ],
          "FF_latch_mode": false,
          "RAM_SRL": [
            -1,
            -1,
            -1,
            -1
          ],
          "RAM_SRL_used": false,
          "carry_len": 0,
          "clock_input": [
            -1
          ],
          "clock_polarity": [
            0
          ],
          "dual_SR_CP": false,
          "in_len": 26,
          "inst_FD": [
            -1,
            -1,
            -1,
            -1
          ],
          "inst_FDO": [
            -1,
            -1,
            -1,
            -1
          ],
          "inst_LUT4": [
            -1,
            -1,
            -1,
            9
          ],
          "inst_LUT4O": [
            -1,
            -1,
            -1,
            10
          ],
          "inst_MUXCY": [
            -1,
            -1,
            -1,
            -1
          ],
          "inst_MUXF5": [
            -1,
            -1,
            -1,
            -1
          ],
          "inst_MUXF6": [
            -1,
            -1
          ],
          "inst_MUXF7": [
            -1,
            -1
          ],
          "inst_MUXF8": -1,
          "inst_MUXFX": -1,
          "inst_XORCY": [
            -1,
            -1,
            -1,
            -1
          ],
          "json_ref": 132,
          "net_ABCD5": [
            -1,
            -1,
            -1,
            -1
          ],
          "net_ABCD6": [
            -1,
            -1,
            -1,
            -1
          ],
          "net_ABCDI": [
            -1,
            -1,
            -1,
            -1
          ],
          "net_CE": -1,
          "net_CEin": -1,
          "net_CEout": -1,
          "net_Cin": [
            -1,
            -1,
            -1,
            -1
          ],
          "net_Cout": [
            -1,
            -1,
            -1,
            -1
          ],
          "net_DI": [
            -1,
            -1,
            -1,
            -1
          ],
          "net_F5": [
            -1,
            -1,
            -1,
            -1
          ],
          "net_F6": [
            -1,
            -1
          ],
          "net_F7": [
            -1,
            -1
          ],
          "net_F8": -1,
          "net_FX": -1,
          "net_LUT4": [
            -1,
            -1,
            -1,
            5
          ],
          "net_LUT4O": [
            -1,
            -1,
            -1,
            4
          ],
          "net_Q15": [
            -1,
            -1,
            -1,
            -1
          ],
          "net_SR": -1,
          "net_SRin": -1,
          "net_SRout": -1,
          "net_Sout": [
            -1,
            -1,
            -1,
            -1
          ],
          "net_WE": -1,
          "net_WEin": -1,
          "net_WEout": -1,
          "net_input": [
            -1,
            -1,
            -1,
            -1,
            -1,
            -1,
            -1,
            -1,
            -1,
            -1,
            -1,
            -1,
            -1,
            -1,
            -1,
            -1,
            -1,
            -1,
            3,
            2,
            1,
            -1,
            -1,
            -1,
            -1,
            -1
          ],
          "net_input_timing": [
            -1,
            -1,
            -1,
            -1,
            -1,
            -1,
            -1,
            -1,
            -1,
            -1,
            -1,
            -1,
            -1,
            -1,
            -1,
            -1,
            -1,
            -1,
            0,
            0,
            0,
            -1,
            -1,
            -1,
            -1,
            -1
          ],
          "net_input_timing_min": [
            -1,
            -1,
            -1,
            -1,
            -1,
            -1,
            -1,
            -1,
            -1,
            -1,
            -1,
            -1,
            -1,
            -1,
            -1,
            -1,
            -1,
            -1,
            0,
            0,
            0,
            -1,
            -1,
            -1,
            -1,
            -1
          ],
          "net_output": [
            -1,
            -1,
            -1,
            -1,
            -1,
            -1,
            -1,
            -1,
            -1,
            5,
            4,
            -1,
            -1,
            -1
          ],
          "net_output_timing": [
            -1,
            -1,
            -1,
            -1,
            -1,
            -1,
            -1,
            -1,
            -1,
            0,
            0,
            -1,
            -1,
            -1
          ],
          "net_output_timing_min": [
            -1,
            -1,
            -1,
            -1,
            -1,
            -1,
            -1,
            -1,
            -1,
            0,
            0,
            -1,
            -1,
            -1
          ],
          "out_len": 14
        },
        "RBB_phy_version": 0,
        "already_packed": -1,
        "clk_i": -1,
        "clock_latency": {
          "clk_source": "",
          "fall_avg": 0,
          "fall_max": 0,
          "fall_min": 0,
          "json_ref": 131,
          "rise_avg": 0,
          "rise_max": 0,
          "rise_min": 0
        },
        "clustering_index": -1,
        "dont_pack": false,
        "dont_place": false,
        "dont_touch": false,
        "in_len": 26,
        "in_out_FF": [
          {
            "in_port": []
          },
          {
            "in_port": []
          },
          {
            "in_port": []
          },
          {
            "in_port": []
          },
          {
            "in_port": []
          },
          {
            "in_port": []
          },
          {
            "in_port": []
          },
          {
            "in_port": []
          },
          {
            "in_port": []
          },
          {
            "in_port": []
          },
          {
            "in_port": []
          },
          {
            "in_port": []
          },
          {
            "in_port": []
          },
          {
            "in_port": []
          }
        ],
        "in_out_timing": [
          {
            "in_port": []
          },
          {
            "in_port": []
          },
          {
            "in_port": []
          },
          {
            "in_port": []
          },
          {
            "in_port": []
          },
          {
            "in_port": []
          },
          {
            "in_port": []
          },
          {
            "in_port": []
          },
          {
            "in_port": []
          },
          {
            "in_port": [
              18,
              19,
              20
            ]
          },
          {
            "in_port": [
              18,
              19,
              20
            ]
          },
          {
            "in_port": []
          },
          {
            "in_port": []
          },
          {
            "in_port": []
          }
        ],
        "input_timing_propagated": [
          true,
          true,
          true,
          true,
          true,
          true,
          true,
          true,
          true,
          true,
          true,
          true,
          true,
          true,
          true,
          true,
          true,
          true,
          false,
          false,
          false,
          true,
          true,
          true,
          true,
          true
        ],
        "input_timing_traced": [
          true,
          true,
          true,
          true,
          true,
          true,
          true,
          true,
          true,
          true,
          true,
          true,
          true,
          true,
          true,
          true,
          true,
          true,
          false,
          false,
          false,
          true,
          true,
          true,
          true,
          true
        ],
        "inst_name": "RBB_5",
        "inst_type": "type_RBB_6L",
        "internal_timing": -1,
        "json_ref": 130,
        "net_input_branch": [
          -1,
          -1,
          -1,
          -1,
          -1,
          -1,
          -1,
          -1,
          -1,
          -1,
          -1,
          -1,
          -1,
          -1,
          -1,
          -1,
          -1,
          -1,
          -1,
          -1,
          -1,
          -1,
          -1,
          -1,
          -1,
          -1
        ],
        "net_input_output_timing_branch": [
          0,
          0,
          0,
          0,
          0,
          0,
          0,
          0,
          0,
          0,
          0,
          0,
          0,
          0,
          0,
          0,
          0,
          0,
          0,
          0,
          0,
          0,
          0,
          0,
          0,
          0,
          0,
          0,
          0,
          0,
          0,
          0,
          0,
          0,
          0,
          0,
          0,
          0,
          0,
          0,
          0,
          0,
          0,
          0,
          0,
          0,
          0,
          0,
          0,
          0,
          0,
          0,
          0,
          0,
          0,
          0,
          0,
          0,
          0,
          0,
          0,
          0,
          0,
          0,
          0,
          0,
          0,
          0,
          0,
          0,
          0,
          0,
          0,
          0,
          0,
          0,
          0,
          0,
          0,
          0,
          0,
          0,
          0,
          0,
          0,
          0,
          0,
          0,
          0,
          0,
          0,
          0,
          0,
          0,
          0,
          0,
          0,
          0,
          0,
          0,
          0,
          0,
          0,
          0,
          0,
          0,
          0,
          0,
          0,
          0,
          0,
          0,
          0,
          0,
          0,
          0,
          0,
          0,
          0,
          0,
          0,
          0,
          0,
          0,
          0,
          0,
          0,
          0,
          0,
          0,
          0,
          0,
          0,
          0,
          0,
          0,
          0,
          0,
          0,
          0,
          0,
          0,
          0,
          0,
          0,
          0,
          0,
          0,
          0,
          0,
          0,
          0,
          0,
          0,
          0,
          0,
          0,
          0,
          0,
          0,
          0,
          0,
          0,
          0,
          0,
          0,
          0,
          0,
          0,
          0,
          0,
          0,
          0,
          0,
          0,
          0,
          0,
          0,
          0,
          0,
          0,
          0,
          0,
          0,
          0,
          0,
          0,
          0,
          0,
          0,
          0,
          0,
          0,
          0,
          0,
          0,
          0,
          0,
          0,
          0,
          0,
          0,
          0,
          0,
          0,
          0,
          0,
          0,
          0,
          0,
          0,
          0,
          0,
          0,
          0,
          0,
          0,
          0,
          0,
          0,
          0,
          0,
          0,
          0,
          0,
          0,
          0,
          0,
          0,
          0,
          0,
          0,
          0,
          0,
          0,
          0,
          0,
          0,
          0,
          0,
          0,
          0,
          0,
          0,
          0,
          0,
          0,
          0,
          0,
          0,
          0,
          0,
          0,
          0,
          0,
          0,
          0,
          0,
          0,
          0,
          0,
          0,
          0,
          0,
          0,
          0,
          0,
          0,
          0,
          0,
          0,
          0,
          0,
          0,
          0,
          0,
          0,
          0,
          0,
          0,
          0,
          0,
          0,
          0,
          0,
          0,
          0,
          0,
          0,
          0,
          0,
          0,
          0,
          0,
          0,
          0,
          0,
          0,
          0,
          0,
          0,
          0,
          0,
          0,
          0,
          0,
          0,
          0,
          0,
          0,
          0,
          0,
          0,
          0,
          0,
          0,
          0,
          0,
          0,
          0,
          0,
          0,
          0,
          0,
          0,
          0,
          0,
          0,
          0,
          0,
          0,
          0,
          0,
          0,
          0,
          0,
          0,
          0,
          0,
          0,
          0,
          0,
          0,
          0,
          0,
          0,
          0,
          0,
          0,
          0,
          0,
          0,
          0,
          0,
          0,
          0,
          0,
          0,
          0,
          0,
          0,
          0,
          0,
          0,
          0,
          0,
          0,
          0,
          0,
          0,
          0,
          0,
          0,
          0,
          0,
          0,
          0,
          0,
          0,
          0,
          0,
          0,
          0,
          0,
          0,
          0,
          0,
          0,
          0,
          0,
          0,
          0,
          0,
          0,
          0,
          0,
          0,
          0,
          0,
          0,
          0,
          0,
          0,
          0,
          0,
          0,
          0,
          0,
          0,
          0,
          0,
          0,
          0,
          0,
          0,
          0,
          0,
          0,
          0,
          0,
          0,
          0,
          0,
          0,
          0,
          0,
          0,
          0,
          0,
          0,
          0,
          0,
          0,
          0,
          0,
          0,
          0,
          0,
          0,
          0,
          0,
          0,
          0,
          0,
          0,
          0,
          0,
          0,
          0,
          0,
          0,
          0,
          0,
          0,
          0,
          0,
          0,
          0,
          0,
          0,
          0,
          0,
          0,
          0,
          0,
          0,
          0,
          0,
          0,
          0,
          0,
          0,
          0,
          0,
          0,
          0,
          0,
          0,
          0,
          0,
          0,
          0,
          0,
          0,
          0,
          0,
          0,
          0,
          0,
          0,
          0,
          0,
          0,
          0,
          0,
          0,
          0,
          0,
          0,
          0,
          0,
          0,
          0,
          0,
          0,
          0,
          0,
          0,
          0,
          0,
          0,
          0,
          0,
          0,
          0,
          0,
          0,
          0,
          0,
          0,
          0,
          0,
          0,
          0,
          0,
          0,
          0,
          0,
          0,
          0,
          0,
          0,
          0,
          0,
          0,
          0,
          0,
          0,
          0,
          0,
          0,
          0,
          0,
          0,
          0,
          0,
          0,
          0,
          0,
          0,
          0,
          0,
          0,
          0,
          0,
          0,
          0,
          0,
          0,
          0,
          0,
          0,
          0,
          0,
          0,
          0,
          0,
          0,
          0,
          0,
          0,
          0,
          0,
          0,
          0,
          0,
          0,
          0,
          0,
          0,
          0,
          0,
          0,
          0,
          0,
          0,
          0,
          0,
          0,
          0,
          0,
          0,
          0,
          0,
          0,
          0,
          0,
          0,
          0,
          0,
          0,
          0,
          0,
          0,
          0,
          0,
          0,
          0,
          0,
          0,
          0,
          0,
          0,
          0,
          0,
          0,
          0,
          0,
          0,
          0,
          0,
          0,
          0,
          0,
          0,
          0,
          0,
          0,
          0,
          0,
          0,
          0,
          0,
          0,
          0,
          0,
          0,
          0,
          0,
          0,
          0,
          0,
          0,
          0,
          0,
          0,
          0,
          0,
          0,
          0,
          0,
          0,
          0,
          0,
          0,
          0,
          0,
          0,
          0,
          0,
          0,
          0,
          0,
          0,
          0,
          0,
          0,
          0,
          0,
          0,
          0,
          0,
          0,
          0,
          0,
          0,
          0,
          0,
          0,
          0,
          0,
          0,
          0,
          0,
          0,
          0,
          0,
          0,
          0,
          0,
          0,
          0,
          0,
          0,
          0,
          0,
          0,
          0,
          0,
          0,
          0,
          0,
          0,
          0,
          0,
          0,
          0,
          0,
          0,
          0,
          0,
          0,
          0,
          0,
          0,
          0,
          0,
          0,
          0,
          0,
          0,
          0,
          0,
          0,
          0,
          0,
          0,
          0,
          0,
          0,
          0,
          0,
          0,
          0,
          0,
          0,
          0,
          0,
          0,
          0,
          0,
          0,
          0,
          0,
          0,
          0,
          0,
          0,
          0,
          0,
          0,
          0,
          0,
          0,
          0,
          0,
          0,
          0,
          0,
          0,
          0,
          0,
          0,
          0,
          0,
          0,
          0,
          0,
          0,
          0,
          0,
          0,
          0,
          0,
          0,
          0,
          0,
          0,
          0,
          0,
          0,
          0,
          0,
          0,
          0,
          0,
          0,
          0,
          0,
          0,
          0,
          0,
          0,
          0,
          0,
          0,
          0,
          0,
          0,
          0,
          0,
          0,
          0,
          0,
          0,
          0,
          0,
          0,
          0,
          0,
          0,
          0,
          0,
          0,
          0,
          0,
          0,
          0,
          0,
          0,
          0,
          0,
          0,
          0,
          0,
          0,
          0,
          0,
          0,
          0,
          0,
          0,
          0,
          0,
          0,
          0,
          0,
          0,
          0,
          0,
          0,
          0,
          0,
          0,
          0,
          0,
          0,
          0,
          0,
          0,
          0,
          0,
          0,
          0,
          0,
          0,
          0,
          0,
          0,
          0,
          0,
          0,
          0,
          0,
          0,
          0,
          0,
          0,
          0,
          0,
          0,
          0,
          0,
          0,
          0,
          0,
          0,
          0,
          0,
          0,
          0,
          0,
          0,
          0,
          0,
          0,
          0,
          0,
          0,
          0,
          0,
          0,
          0,
          0,
          0,
          0,
          0,
          0,
          0,
          0,
          0,
          0,
          0,
          0,
          0,
          0,
          0,
          0,
          0,
          0,
          0,
          0,
          0,
          0,
          0,
          0,
          0,
          0,
          0,
          0,
          0,
          0,
          0,
          0,
          0,
          0,
          0,
          0,
          0,
          0,
          0,
          0,
          0,
          0,
          0,
          0,
          0,
          0,
          0,
          0,
          0,
          0,
          0,
          0,
          0,
          0,
          0,
          0,
          0,
          0,
          0,
          0,
          0,
          0,
          0,
          0,
          0,
          0,
          0,
          0,
          0,
          0,
          0,
          0,
          0,
          0,
          0,
          0,
          0,
          0,
          0,
          0,
          0,
          0,
          0,
          0,
          0,
          0,
          0,
          0,
          0,
          0,
          0,
          0,
          0,
          0,
          0,
          0,
          0,
          0,
          0,
          0,
          0,
          0,
          0,
          0,
          0,
          0,
          0,
          0,
          0,
          0,
          0,
          0,
          0,
          0,
          0,
          0,
          0,
          0,
          0,
          0,
          0,
          0,
          0,
          0,
          0,
          0,
          0,
          0,
          0,
          0,
          0,
          0,
          0,
          0,
          0,
          0,
          0,
          0,
          0,
          0,
          0,
          0,
          0,
          0,
          0,
          0,
          0,
          0,
          0,
          0,
          0,
          0,
          0,
          0,
          0,
          0,
          0,
          0,
          0,
          0,
          0,
          0,
          0,
          0,
          0,
          0,
          0,
          0,
          0,
          0,
          0,
          0,
          0,
          0,
          0,
          0,
          0,
          0,
          0,
          0,
          0,
          0,
          0,
          0,
          0,
          0,
          0,
          0,
          0,
          0,
          0,
          0,
          0,
          0,
          0,
          0,
          0,
          0,
          0,
          0,
          0,
          0,
          0,
          0,
          0,
          0,
          0,
          0,
          0,
          0,
          0,
          0,
          0,
          0,
          0,
          0,
          0,
          0,
          0,
          0,
          0,
          0,
          0,
          0,
          0,
          0,
          0,
          0,
          0,
          0,
          0,
          0,
          0,
          0,
          0,
          0,
          0,
          0,
          0,
          0,
          0,
          0,
          0,
          0,
          0,
          0,
          0,
          0,
          0,
          0,
          0,
          0,
          0,
          0,
          0,
          0,
          0,
          0,
          0,
          0,
          0,
          0,
          0,
          0,
          0,
          0,
          0,
          0,
          0,
          0,
          0,
          0,
          0,
          0,
          0,
          0,
          0,
          0,
          0,
          0,
          0,
          0,
          0,
          0,
          0,
          0,
          0,
          0,
          0,
          0,
          0,
          0,
          0,
          0,
          0,
          0,
          0,
          0,
          0,
          0,
          0,
          0,
          0,
          0,
          0,
          0,
          0,
          0,
          0,
          0,
          0,
          0,
          0,
          0,
          0,
          0,
          0,
          0,
          0,
          0,
          0,
          0,
          0,
          0,
          0,
          0,
          0,
          0,
          0,
          0,
          0,
          0,
          0,
          0,
          0,
          0,
          0,
          0,
          0,
          0,
          0,
          0,
          0,
          0,
          0,
          0,
          0,
          0,
          0,
          0,
          0,
          0,
          0,
          0,
          0,
          0,
          0,
          0,
          0,
          0,
          0,
          0,
          0,
          0,
          0,
          0,
          0,
          0,
          0,
          0,
          0,
          0,
          0,
          0,
          0,
          0,
          0,
          0,
          0,
          0,
          0,
          0,
          0,
          0,
          0,
          0,
          0,
          0,
          0,
          0,
          0,
          0,
          0,
          0,
          0,
          0,
          0,
          0,
          0,
          0,
          0,
          0,
          0,
          0,
          0,
          0,
          0,
          0,
          0,
          0,
          0,
          0,
          0,
          0,
          0,
          0,
          0,
          0,
          0,
          0,
          0,
          0,
          0,
          0,
          0,
          0,
          0,
          0,
          0,
          0,
          0,
          0,
          0,
          0,
          0,
          0,
          0,
          0,
          0,
          0,
          0,
          0,
          0,
          0,
          0,
          0,
          0,
          0,
          0,
          0,
          0,
          0,
          0,
          0,
          0,
          0,
          0,
          0,
          0,
          0,
          0,
          0,
          0,
          0,
          0,
          0,
          0,
          0,
          0,
          0,
          0,
          0,
          0,
          0,
          0,
          0,
          0,
          0,
          0,
          0,
          0,
          0,
          0,
          0,
          0,
          0,
          0,
          0,
          0,
          0,
          0,
          0,
          0,
          0,
          0,
          0,
          0,
          0,
          0,
          0,
          0,
          0,
          0,
          0,
          0,
          0,
          0,
          0,
          0,
          0,
          0,
          0,
          0,
          0,
          0,
          0,
          0,
          0,
          0,
          0,
          0,
          0,
          0,
          0,
          0,
          0,
          0,
          0,
          0,
          0,
          0,
          0,
          0,
          0,
          0,
          0,
          0,
          0,
          0,
          0,
          0,
          0,
          0,
          0,
          0,
          0,
          0,
          0,
          0,
          0,
          0,
          0,
          0,
          0,
          0,
          0,
          0,
          0,
          0,
          0,
          0,
          0,
          0,
          0
        ],
        "net_input_timing_branch": [
          0,
          0,
          0,
          0,
          0,
          0,
          0,
          0,
          0,
          0,
          0,
          0,
          0,
          0,
          0,
          0,
          0,
          0,
          0,
          0,
          0,
          0,
          0,
          0,
          0,
          0,
          0,
          0,
          0,
          0,
          0,
          0,
          0,
          0,
          0,
          0,
          0,
          0,
          0,
          0,
          0,
          0,
          0,
          0,
          0,
          0,
          0,
          0,
          0,
          0,
          0,
          0,
          0,
          0,
          0,
          0,
          0,
          0,
          0,
          0,
          0,
          0,
          0,
          0,
          0,
          0,
          0,
          0,
          0,
          0,
          0,
          0,
          0,
          0,
          0,
          0,
          0,
          0,
          0,
          0,
          0,
          0,
          0,
          0,
          0,
          0,
          0,
          0,
          0,
          0,
          0,
          0,
          0,
          0,
          0,
          0,
          0,
          0,
          0,
          0,
          0,
          0,
          0,
          0
        ],
        "net_output_timing_branch": [
          0,
          0,
          0,
          0,
          0,
          0,
          0,
          0,
          0,
          0,
          0,
          0,
          0,
          0,
          0,
          0,
          0,
          0,
          0,
          0,
          0,
          0,
          0,
          0,
          0,
          0,
          0,
          0,
          0,
          0,
          0,
          0,
          0,
          0,
          0,
          0,
          191,
          197,
          203,
          208,
          163,
          179,
          179,
          190,
          0,
          0,
          0,
          0,
          0,
          0,
          0,
          0,
          0,
          0,
          0,
          0
        ],
        "out_len": 14,
        "output_timing_propagated": [
          true,
          true,
          true,
          true,
          true,
          true,
          true,
          true,
          true,
          false,
          false,
          true,
          true,
          true
        ],
        "output_timing_traced": [
          true,
          true,
          true,
          true,
          true,
          true,
          true,
          true,
          true,
          false,
          false,
          true,
          true,
          true
        ],
        "placed_at_RBBM": true,
        "placed_b": 0,
        "placed_tile_x": 0,
        "placed_tile_y": 0,
        "placed_x": 6,
        "placed_y": 1,
        "prefer_place_at_RBBM": -1
      }
    ],
    "packed_net": [
      {
        "Anet": 0.0,
        "Anet_best_timing": 0.0,
        "Anet_saved": 0.0,
        "clock_domain": -1,
        "clock_synchronizer_net": false,
        "dont_route": true,
        "fixed_route": false,
        "ignore_timing": true,
        "inst_input": [
          {
            "Anet": 0.0,
            "Anet_best_timing": 0.0,
            "Anet_saved": 0.0,
            "clk": -1,
            "inst": 3,
            "is_internal_timing": false,
            "json_ref": 134,
            "loop": -1,
            "path_num": 0,
            "port": 1,
            "timing": -1,
            "timing_min": -1
          },
          {
            "Anet": 0.0,
            "Anet_best_timing": 0.0,
            "Anet_saved": 0.0,
            "clk": -1,
            "inst": 4,
            "is_internal_timing": false,
            "json_ref": 135,
            "loop": -1,
            "path_num": 0,
            "port": 1,
            "timing": -1,
            "timing_min": -1
          }
        ],
        "inst_output": [],
        "json_ref": 133,
        "net_name": "VCC_NET"
      },
      {
        "Anet": 0.0,
        "Anet_best_timing": 0.0,
        "Anet_saved": 0.0,
        "clock_domain": 14,
        "clock_synchronizer_net": false,
        "dont_route": false,
        "fixed_route": false,
        "ignore_timing": true,
        "inst_input": [
          {
            "Anet": 0.0,
            "Anet_best_timing": 0.0,
            "Anet_saved": 0.0,
            "clk": -1,
            "inst": 5,
            "is_internal_timing": false,
            "json_ref": 137,
            "loop": -1,
            "path_num": 0,
            "port": 20,
            "timing": -1,
            "timing_min": -1
          }
        ],
        "inst_output": [
          {
            "Anet": 0.0,
            "Anet_best_timing": 0.0,
            "Anet_saved": 0.0,
            "clk": -1,
            "inst": 0,
            "is_internal_timing": false,
            "json_ref": 138,
            "loop": -1,
            "path_num": 0,
            "port": 0,
            "timing": -1,
            "timing_min": -1
          }
        ],
        "json_ref": 136,
        "net_name": "a"
      },
      {
        "Anet": 0.0,
        "Anet_best_timing": 0.0,
        "Anet_saved": 0.0,
        "clock_domain": 14,
        "clock_synchronizer_net": false,
        "dont_route": false,
        "fixed_route": false,
        "ignore_timing": true,
        "inst_input": [
          {
            "Anet": 0.0,
            "Anet_best_timing": 0.0,
            "Anet_saved": 0.0,
            "clk": -1,
            "inst": 5,
            "is_internal_timing": false,
            "json_ref": 140,
            "loop": -1,
            "path_num": 0,
            "port": 19,
            "timing": -1,
            "timing_min": -1
          }
        ],
        "inst_output": [
          {
            "Anet": 0.0,
            "Anet_best_timing": 0.0,
            "Anet_saved": 0.0,
            "clk": -1,
            "inst": 1,
            "is_internal_timing": false,
            "json_ref": 141,
            "loop": -1,
            "path_num": 0,
            "port": 0,
            "timing": -1,
            "timing_min": -1
          }
        ],
        "json_ref": 139,
        "net_name": "b"
      },
      {
        "Anet": 0.0,
        "Anet_best_timing": 0.0,
        "Anet_saved": 0.0,
        "clock_domain": 14,
        "clock_synchronizer_net": false,
        "dont_route": false,
        "fixed_route": false,
        "ignore_timing": true,
        "inst_input": [
          {
            "Anet": 0.0,
            "Anet_best_timing": 0.0,
            "Anet_saved": 0.0,
            "clk": -1,
            "inst": 5,
            "is_internal_timing": false,
            "json_ref": 143,
            "loop": -1,
            "path_num": 0,
            "port": 18,
            "timing": -1,
            "timing_min": -1
          }
        ],
        "inst_output": [
          {
            "Anet": 0.0,
            "Anet_best_timing": 0.0,
            "Anet_saved": 0.0,
            "clk": -1,
            "inst": 2,
            "is_internal_timing": false,
            "json_ref": 144,
            "loop": -1,
            "path_num": 0,
            "port": 0,
            "timing": -1,
            "timing_min": -1
          }
        ],
        "json_ref": 142,
        "net_name": "c_in"
      },
      {
        "Anet": 0.0,
        "Anet_best_timing": 0.0,
        "Anet_saved": 0.0,
        "clock_domain": -1,
        "clock_synchronizer_net": false,
        "dont_route": false,
        "fixed_route": false,
        "ignore_timing": true,
        "inst_input": [
          {
            "Anet": 0.0,
            "Anet_best_timing": 0.0,
            "Anet_saved": 0.0,
            "clk": -1,
            "inst": 3,
            "is_internal_timing": false,
            "json_ref": 146,
            "loop": -1,
            "path_num": 0,
            "port": 0,
            "timing": -1,
            "timing_min": -1
          }
        ],
        "inst_output": [
          {
            "Anet": 0.0,
            "Anet_best_timing": 0.0,
            "Anet_saved": 0.0,
            "clk": -1,
            "inst": 5,
            "is_internal_timing": false,
            "json_ref": 147,
            "loop": -1,
            "path_num": 0,
            "port": 10,
            "timing": -1,
            "timing_min": -1
          }
        ],
        "json_ref": 145,
        "net_name": "sum"
      },
      {
        "Anet": 0.0,
        "Anet_best_timing": 0.0,
        "Anet_saved": 0.0,
        "clock_domain": -1,
        "clock_synchronizer_net": false,
        "dont_route": false,
        "fixed_route": false,
        "ignore_timing": true,
        "inst_input": [
          {
            "Anet": 0.0,
            "Anet_best_timing": 0.0,
            "Anet_saved": 0.0,
            "clk": -1,
            "inst": 4,
            "is_internal_timing": false,
            "json_ref": 149,
            "loop": -1,
            "path_num": 0,
            "port": 0,
            "timing": -1,
            "timing_min": -1
          }
        ],
        "inst_output": [
          {
            "Anet": 0.0,
            "Anet_best_timing": 0.0,
            "Anet_saved": 0.0,
            "clk": -1,
            "inst": 5,
            "is_internal_timing": false,
            "json_ref": 150,
            "loop": -1,
            "path_num": 0,
            "port": 9,
            "timing": -1,
            "timing_min": -1
          }
        ],
        "json_ref": 148,
        "net_name": "carry"
      },
      {
        "Anet": 0.0,
        "Anet_best_timing": 0.0,
        "Anet_saved": 0.0,
        "clock_domain": -1,
        "clock_synchronizer_net": false,
        "dont_route": true,
        "fixed_route": false,
        "ignore_timing": false,
        "inst_input": [],
        "inst_output": [],
        "json_ref": 151,
        "net_name": "a_ibuf"
      },
      {
        "Anet": 0.0,
        "Anet_best_timing": 0.0,
        "Anet_saved": 0.0,
        "clock_domain": -1,
        "clock_synchronizer_net": false,
        "dont_route": true,
        "fixed_route": false,
        "ignore_timing": false,
        "inst_input": [],
        "inst_output": [],
        "json_ref": 152,
        "net_name": "b_ibuf"
      },
      {
        "Anet": 0.0,
        "Anet_best_timing": 0.0,
        "Anet_saved": 0.0,
        "clock_domain": -1,
        "clock_synchronizer_net": false,
        "dont_route": true,
        "fixed_route": false,
        "ignore_timing": false,
        "inst_input": [],
        "inst_output": [],
        "json_ref": 153,
        "net_name": "c_in_ibuf"
      },
      {
        "Anet": 0.0,
        "Anet_best_timing": 0.0,
        "Anet_saved": 0.0,
        "clock_domain": -1,
        "clock_synchronizer_net": false,
        "dont_route": true,
        "fixed_route": false,
        "ignore_timing": false,
        "inst_input": [],
        "inst_output": [],
        "json_ref": 154,
        "net_name": "carry_obuf"
      },
      {
        "Anet": 0.0,
        "Anet_best_timing": 0.0,
        "Anet_saved": 0.0,
        "clock_domain": -1,
        "clock_synchronizer_net": false,
        "dont_route": true,
        "fixed_route": false,
        "ignore_timing": false,
        "inst_input": [],
        "inst_output": [],
        "json_ref": 155,
        "net_name": "carry_en_obuf"
      },
      {
        "Anet": 0.0,
        "Anet_best_timing": 0.0,
        "Anet_saved": 0.0,
        "clock_domain": -1,
        "clock_synchronizer_net": false,
        "dont_route": true,
        "fixed_route": false,
        "ignore_timing": false,
        "inst_input": [],
        "inst_output": [],
        "json_ref": 156,
        "net_name": "sum_obuf"
      },
      {
        "Anet": 0.0,
        "Anet_best_timing": 0.0,
        "Anet_saved": 0.0,
        "clock_domain": -1,
        "clock_synchronizer_net": false,
        "dont_route": true,
        "fixed_route": false,
        "ignore_timing": false,
        "inst_input": [],
        "inst_output": [],
        "json_ref": 157,
        "net_name": "sum_en_obuf"
      },
      {
        "Anet": 0.0,
        "Anet_best_timing": 0.0,
        "Anet_saved": 0.0,
        "clock_domain": -1,
        "clock_synchronizer_net": false,
        "dont_route": true,
        "fixed_route": false,
        "ignore_timing": true,
        "inst_input": [],
        "inst_output": [],
        "json_ref": 158,
        "net_name": "GND_net"
      },
      {
        "Anet": 0.0,
        "Anet_best_timing": 0.0,
        "Anet_saved": 0.0,
        "clock_domain": -1,
        "clock_synchronizer_net": false,
        "dont_route": true,
        "fixed_route": false,
        "ignore_timing": false,
        "inst_input": [],
        "inst_output": [],
        "json_ref": 159,
        "net_name": "virtual_clock"
      }
    ],
    "prepack_inst": [
      {
        "RBB_phy_version": 0,
        "UNUSED": {
          "in_len": 0,
          "json_ref": 3,
          "net_input": [],
          "net_input_timing": [],
          "net_input_timing_min": [],
          "net_output": [
            6
          ],
          "net_output_timing": [
            -1
          ],
          "net_output_timing_min": [
            -1
          ],
          "out_len": 1
        },
        "already_packed": -1,
        "clk_i": -1,
        "clock_latency": {
          "clk_source": "",
          "fall_avg": 0,
          "fall_max": 0,
          "fall_min": 0,
          "json_ref": 2,
          "rise_avg": 0,
          "rise_max": 0,
          "rise_min": 0
        },
        "clustering_index": -1,
        "dont_pack": true,
        "dont_place": true,
        "dont_touch": false,
        "in_len": 0,
        "in_out_FF": [
          {
            "in_port": []
          }
        ],
        "in_out_timing": [
          {
            "in_port": []
          }
        ],
        "input_timing_propagated": [],
        "input_timing_traced": [],
        "inst_name": "a",
        "inst_type": "type_UNUSED",
        "internal_timing": -1,
        "json_ref": 1,
        "net_input_branch": [],
        "net_input_output_timing_branch": [],
        "net_input_timing_branch": [],
        "net_output_timing_branch": [
          0,
          0,
          0,
          0
        ],
        "out_len": 1,
        "output_timing_propagated": [
          true
        ],
        "output_timing_traced": [
          true
        ],
        "placed_at_RBBM": false,
        "placed_b": -1,
        "placed_tile_x": -1,
        "placed_tile_y": -1,
        "placed_x": -1,
        "placed_y": -1,
        "prefer_place_at_RBBM": -1
      },
      {
        "RBB_phy_version": 0,
        "UNUSED": {
          "in_len": 0,
          "json_ref": 6,
          "net_input": [],
          "net_input_timing": [],
          "net_input_timing_min": [],
          "net_output": [
            7
          ],
          "net_output_timing": [
            -1
          ],
          "net_output_timing_min": [
            -1
          ],
          "out_len": 1
        },
        "already_packed": -1,
        "clk_i": -1,
        "clock_latency": {
          "clk_source": "",
          "fall_avg": 0,
          "fall_max": 0,
          "fall_min": 0,
          "json_ref": 5,
          "rise_avg": 0,
          "rise_max": 0,
          "rise_min": 0
        },
        "clustering_index": -1,
        "dont_pack": true,
        "dont_place": true,
        "dont_touch": false,
        "in_len": 0,
        "in_out_FF": [
          {
            "in_port": []
          }
        ],
        "in_out_timing": [
          {
            "in_port": []
          }
        ],
        "input_timing_propagated": [],
        "input_timing_traced": [],
        "inst_name": "b",
        "inst_type": "type_UNUSED",
        "internal_timing": -1,
        "json_ref": 4,
        "net_input_branch": [],
        "net_input_output_timing_branch": [],
        "net_input_timing_branch": [],
        "net_output_timing_branch": [
          0,
          0,
          0,
          0
        ],
        "out_len": 1,
        "output_timing_propagated": [
          true
        ],
        "output_timing_traced": [
          true
        ],
        "placed_at_RBBM": false,
        "placed_b": -1,
        "placed_tile_x": -1,
        "placed_tile_y": -1,
        "placed_x": -1,
        "placed_y": -1,
        "prefer_place_at_RBBM": -1
      },
      {
        "RBB_phy_version": 0,
        "UNUSED": {
          "in_len": 0,
          "json_ref": 9,
          "net_input": [],
          "net_input_timing": [],
          "net_input_timing_min": [],
          "net_output": [
            8
          ],
          "net_output_timing": [
            -1
          ],
          "net_output_timing_min": [
            -1
          ],
          "out_len": 1
        },
        "already_packed": -1,
        "clk_i": -1,
        "clock_latency": {
          "clk_source": "",
          "fall_avg": 0,
          "fall_max": 0,
          "fall_min": 0,
          "json_ref": 8,
          "rise_avg": 0,
          "rise_max": 0,
          "rise_min": 0
        },
        "clustering_index": -1,
        "dont_pack": true,
        "dont_place": true,
        "dont_touch": false,
        "in_len": 0,
        "in_out_FF": [
          {
            "in_port": []
          }
        ],
        "in_out_timing": [
          {
            "in_port": []
          }
        ],
        "input_timing_propagated": [],
        "input_timing_traced": [],
        "inst_name": "c_in",
        "inst_type": "type_UNUSED",
        "internal_timing": -1,
        "json_ref": 7,
        "net_input_branch": [],
        "net_input_output_timing_branch": [],
        "net_input_timing_branch": [],
        "net_output_timing_branch": [
          0,
          0,
          0,
          0
        ],
        "out_len": 1,
        "output_timing_propagated": [
          true
        ],
        "output_timing_traced": [
          true
        ],
        "placed_at_RBBM": false,
        "placed_b": -1,
        "placed_tile_x": -1,
        "placed_tile_y": -1,
        "placed_x": -1,
        "placed_y": -1,
        "prefer_place_at_RBBM": -1
      },
      {
        "RBB_phy_version": 0,
        "UNUSED": {
          "in_len": 1,
          "json_ref": 12,
          "net_input": [
            9
          ],
          "net_input_timing": [
            -1
          ],
          "net_input_timing_min": [
            -1
          ],
          "net_output": [],
          "net_output_timing": [],
          "net_output_timing_min": [],
          "out_len": 0
        },
        "already_packed": -1,
        "clk_i": -1,
        "clock_latency": {
          "clk_source": "",
          "fall_avg": 0,
          "fall_max": 0,
          "fall_min": 0,
          "json_ref": 11,
          "rise_avg": 0,
          "rise_max": 0,
          "rise_min": 0
        },
        "clustering_index": -1,
        "dont_pack": true,
        "dont_place": true,
        "dont_touch": false,
        "in_len": 1,
        "in_out_FF": [],
        "in_out_timing": [],
        "input_timing_propagated": [
          true
        ],
        "input_timing_traced": [
          true
        ],
        "inst_name": "carry",
        "inst_type": "type_UNUSED",
        "internal_timing": -1,
        "json_ref": 10,
        "net_input_branch": [
          -1
        ],
        "net_input_output_timing_branch": [],
        "net_input_timing_branch": [
          0,
          0,
          0,
          0
        ],
        "net_output_timing_branch": [],
        "out_len": 0,
        "output_timing_propagated": [],
        "output_timing_traced": [],
        "placed_at_RBBM": false,
        "placed_b": -1,
        "placed_tile_x": -1,
        "placed_tile_y": -1,
        "placed_x": -1,
        "placed_y": -1,
        "prefer_place_at_RBBM": -1
      },
      {
        "RBB_phy_version": 0,
        "UNUSED": {
          "in_len": 1,
          "json_ref": 15,
          "net_input": [
            10
          ],
          "net_input_timing": [
            -1
          ],
          "net_input_timing_min": [
            -1
          ],
          "net_output": [],
          "net_output_timing": [],
          "net_output_timing_min": [],
          "out_len": 0
        },
        "already_packed": -1,
        "clk_i": -1,
        "clock_latency": {
          "clk_source": "",
          "fall_avg": 0,
          "fall_max": 0,
          "fall_min": 0,
          "json_ref": 14,
          "rise_avg": 0,
          "rise_max": 0,
          "rise_min": 0
        },
        "clustering_index": -1,
        "dont_pack": true,
        "dont_place": true,
        "dont_touch": false,
        "in_len": 1,
        "in_out_FF": [],
        "in_out_timing": [],
        "input_timing_propagated": [
          true
        ],
        "input_timing_traced": [
          true
        ],
        "inst_name": "carry_en",
        "inst_type": "type_UNUSED",
        "internal_timing": -1,
        "json_ref": 13,
        "net_input_branch": [
          -1
        ],
        "net_input_output_timing_branch": [],
        "net_input_timing_branch": [
          0,
          0,
          0,
          0
        ],
        "net_output_timing_branch": [],
        "out_len": 0,
        "output_timing_propagated": [],
        "output_timing_traced": [],
        "placed_at_RBBM": false,
        "placed_b": -1,
        "placed_tile_x": -1,
        "placed_tile_y": -1,
        "placed_x": -1,
        "placed_y": -1,
        "prefer_place_at_RBBM": -1
      },
      {
        "RBB_phy_version": 0,
        "UNUSED": {
          "in_len": 1,
          "json_ref": 18,
          "net_input": [
            11
          ],
          "net_input_timing": [
            -1
          ],
          "net_input_timing_min": [
            -1
          ],
          "net_output": [],
          "net_output_timing": [],
          "net_output_timing_min": [],
          "out_len": 0
        },
        "already_packed": -1,
        "clk_i": -1,
        "clock_latency": {
          "clk_source": "",
          "fall_avg": 0,
          "fall_max": 0,
          "fall_min": 0,
          "json_ref": 17,
          "rise_avg": 0,
          "rise_max": 0,
          "rise_min": 0
        },
        "clustering_index": -1,
        "dont_pack": true,
        "dont_place": true,
        "dont_touch": false,
        "in_len": 1,
        "in_out_FF": [],
        "in_out_timing": [],
        "input_timing_propagated": [
          true
        ],
        "input_timing_traced": [
          true
        ],
        "inst_name": "sum",
        "inst_type": "type_UNUSED",
        "internal_timing": -1,
        "json_ref": 16,
        "net_input_branch": [
          -1
        ],
        "net_input_output_timing_branch": [],
        "net_input_timing_branch": [
          0,
          0,
          0,
          0
        ],
        "net_output_timing_branch": [],
        "out_len": 0,
        "output_timing_propagated": [],
        "output_timing_traced": [],
        "placed_at_RBBM": false,
        "placed_b": -1,
        "placed_tile_x": -1,
        "placed_tile_y": -1,
        "placed_x": -1,
        "placed_y": -1,
        "prefer_place_at_RBBM": -1
      },
      {
        "RBB_phy_version": 0,
        "UNUSED": {
          "in_len": 1,
          "json_ref": 21,
          "net_input": [
            12
          ],
          "net_input_timing": [
            -1
          ],
          "net_input_timing_min": [
            -1
          ],
          "net_output": [],
          "net_output_timing": [],
          "net_output_timing_min": [],
          "out_len": 0
        },
        "already_packed": -1,
        "clk_i": -1,
        "clock_latency": {
          "clk_source": "",
          "fall_avg": 0,
          "fall_max": 0,
          "fall_min": 0,
          "json_ref": 20,
          "rise_avg": 0,
          "rise_max": 0,
          "rise_min": 0
        },
        "clustering_index": -1,
        "dont_pack": true,
        "dont_place": true,
        "dont_touch": false,
        "in_len": 1,
        "in_out_FF": [],
        "in_out_timing": [],
        "input_timing_propagated": [
          true
        ],
        "input_timing_traced": [
          true
        ],
        "inst_name": "sum_en",
        "inst_type": "type_UNUSED",
        "internal_timing": -1,
        "json_ref": 19,
        "net_input_branch": [
          -1
        ],
        "net_input_output_timing_branch": [],
        "net_input_timing_branch": [
          0,
          0,
          0,
          0
        ],
        "net_output_timing_branch": [],
        "out_len": 0,
        "output_timing_propagated": [],
        "output_timing_traced": [],
        "placed_at_RBBM": false,
        "placed_b": -1,
        "placed_tile_x": -1,
        "placed_tile_y": -1,
        "placed_x": -1,
        "placed_y": -1,
        "prefer_place_at_RBBM": -1
      },
      {
        "RBB_phy_version": 0,
        "VDDGND": {
          "in_len": 0,
          "is_VDD": false,
          "json_ref": 24,
          "net_input_timing": [],
          "net_input_timing_min": [],
          "net_output": [
            -1
          ],
          "net_output_timing": [
            -1
          ],
          "net_output_timing_min": [
            -1
          ],
          "out_len": 1
        },
        "already_packed": -1,
        "clk_i": -1,
        "clock_latency": {
          "clk_source": "",
          "fall_avg": 0,
          "fall_max": 0,
          "fall_min": 0,
          "json_ref": 23,
          "rise_avg": 0,
          "rise_max": 0,
          "rise_min": 0
        },
        "clustering_index": -1,
        "dont_pack": true,
        "dont_place": false,
        "dont_touch": false,
        "in_len": 0,
        "in_out_FF": [
          {
            "in_port": []
          }
        ],
        "in_out_timing": [
          {
            "in_port": []
          }
        ],
        "input_timing_propagated": [],
        "input_timing_traced": [],
        "inst_name": "GND",
        "inst_type": "type_VDDGND",
        "internal_timing": -1,
        "json_ref": 22,
        "net_input_branch": [],
        "net_input_output_timing_branch": [],
        "net_input_timing_branch": [],
        "net_output_timing_branch": [
          0,
          0,
          0,
          0
        ],
        "out_len": 1,
        "output_timing_propagated": [
          true
        ],
        "output_timing_traced": [
          true
        ],
        "placed_at_RBBM": false,
        "placed_b": -1,
        "placed_tile_x": -1,
        "placed_tile_y": -1,
        "placed_x": -1,
        "placed_y": -1,
        "prefer_place_at_RBBM": -1
      },
      {
        "RBB_phy_version": 0,
        "VDDGND": {
          "in_len": 0,
          "is_VDD": true,
          "json_ref": 27,
          "net_input_timing": [],
          "net_input_timing_min": [],
          "net_output": [
            0
          ],
          "net_output_timing": [
            -1
          ],
          "net_output_timing_min": [
            -1
          ],
          "out_len": 1
        },
        "already_packed": -1,
        "clk_i": -1,
        "clock_latency": {
          "clk_source": "",
          "fall_avg": 0,
          "fall_max": 0,
          "fall_min": 0,
          "json_ref": 26,
          "rise_avg": 0,
          "rise_max": 0,
          "rise_min": 0
        },
        "clustering_index": -1,
        "dont_pack": true,
        "dont_place": false,
        "dont_touch": false,
        "in_len": 0,
        "in_out_FF": [
          {
            "in_port": []
          }
        ],
        "in_out_timing": [
          {
            "in_port": []
          }
        ],
        "input_timing_propagated": [],
        "input_timing_traced": [],
        "inst_name": "VCC",
        "inst_type": "type_VDDGND",
        "internal_timing": -1,
        "json_ref": 25,
        "net_input_branch": [],
        "net_input_output_timing_branch": [],
        "net_input_timing_branch": [],
        "net_output_timing_branch": [
          0,
          0,
          0,
          0
        ],
        "out_len": 1,
        "output_timing_propagated": [
          true
        ],
        "output_timing_traced": [
          true
        ],
        "placed_at_RBBM": false,
        "placed_b": -1,
        "placed_tile_x": -1,
        "placed_tile_y": -1,
        "placed_x": -1,
        "placed_y": -1,
        "prefer_place_at_RBBM": -1
      },
      {
        "LUT": {
          "INIT": [
            0,
            0,
            0,
            1,
            0,
            1,
            1,
            1,
            0,
            0,
            0,
            1,
            0,
            1,
            1,
            1
          ],
          "LUT_N": 3,
          "ROM_val": [],
          "in_len": 8,
          "json_ref": 30,
          "net_input": [
            3,
            2,
            1,
            -1,
            -1,
            -1,
            -1,
            -1
          ],
          "net_input_timing": [
            -1,
            -1,
            -1,
            -1,
            -1,
            -1,
            -1,
            -1
          ],
          "net_input_timing_min": [
            -1,
            -1,
            -1,
            -1,
            -1,
            -1,
            -1,
            -1
          ],
          "net_output": [
            5,
            -1
          ],
          "net_output_timing": [
            -1,
            -1
          ],
          "net_output_timing_min": [
            -1,
            -1
          ],
          "out_len": 2,
          "output_local": false
        },
        "RBB_phy_version": 0,
        "already_packed": 5,
        "clk_i": -1,
        "clock_latency": {
          "clk_source": "",
          "fall_avg": 0,
          "fall_max": 0,
          "fall_min": 0,
          "json_ref": 29,
          "rise_avg": 0,
          "rise_max": 0,
          "rise_min": 0
        },
        "clustering_index": -1,
        "dont_pack": false,
        "dont_place": false,
        "dont_touch": false,
        "in_len": 8,
        "in_out_FF": [
          {
            "in_port": []
          },
          {
            "in_port": []
          }
        ],
        "in_out_timing": [
          {
            "in_port": [
              0,
              1,
              2,
              3,
              4,
              5,
              6,
              7
            ]
          },
          {
            "in_port": [
              0,
              1,
              2,
              3,
              4
            ]
          }
        ],
        "input_timing_propagated": [
          true,
          true,
          true,
          true,
          true,
          true,
          true,
          true
        ],
        "input_timing_traced": [
          true,
          true,
          true,
          true,
          true,
          true,
          true,
          true
        ],
        "inst_name": "carry_LUT3_O",
        "inst_type": "type_LUT",
        "internal_timing": -1,
        "json_ref": 28,
        "net_input_branch": [
          -1,
          -1,
          -1,
          -1,
          -1,
          -1,
          -1,
          -1
        ],
        "net_input_output_timing_branch": [
          0,
          0,
          0,
          0,
          0,
          0,
          0,
          0,
          0,
          0,
          0,
          0,
          0,
          0,
          0,
          0,
          0,
          0,
          0,
          0,
          0,
          0,
          0,
          0,
          0,
          0,
          0,
          0,
          0,
          0,
          0,
          0,
          0,
          0,
          0,
          0,
          0,
          0,
          0,
          0,
          0,
          0,
          0,
          0,
          0,
          0,
          0,
          0,
          0,
          0,
          0,
          0,
          0,
          0,
          0,
          0,
          0,
          0,
          0,
          0,
          0,
          0,
          0,
          0
        ],
        "net_input_timing_branch": [
          0,
          0,
          0,
          0,
          0,
          0,
          0,
          0,
          0,
          0,
          0,
          0,
          0,
          0,
          0,
          0,
          0,
          0,
          0,
          0,
          0,
          0,
          0,
          0,
          0,
          0,
          0,
          0,
          0,
          0,
          0,
          0
        ],
        "net_output_timing_branch": [
          0,
          0,
          0,
          0,
          0,
          0,
          0,
          0
        ],
        "out_len": 2,
        "output_timing_propagated": [
          true,
          true
        ],
        "output_timing_traced": [
          true,
          true
        ],
        "placed_at_RBBM": false,
        "placed_b": -1,
        "placed_tile_x": -1,
        "placed_tile_y": -1,
        "placed_x": -1,
        "placed_y": -1,
        "prefer_place_at_RBBM": -1
      },
      {
        "LUT": {
          "INIT": [
            0,
            1,
            1,
            0,
            1,
            0,
            0,
            1,
            0,
            1,
            1,
            0,
            1,
            0,
            0,
            1
          ],
          "LUT_N": 3,
          "ROM_val": [],
          "in_len": 8,
          "json_ref": 33,
          "net_input": [
            3,
            2,
            1,
            -1,
            -1,
            -1,
            -1,
            -1
          ],
          "net_input_timing": [
            -1,
            -1,
            -1,
            -1,
            -1,
            -1,
            -1,
            -1
          ],
          "net_input_timing_min": [
            -1,
            -1,
            -1,
            -1,
            -1,
            -1,
            -1,
            -1
          ],
          "net_output": [
            4,
            -1
          ],
          "net_output_timing": [
            -1,
            -1
          ],
          "net_output_timing_min": [
            -1,
            -1
          ],
          "out_len": 2,
          "output_local": false
        },
        "RBB_phy_version": 0,
        "already_packed": 5,
        "clk_i": -1,
        "clock_latency": {
          "clk_source": "",
          "fall_avg": 0,
          "fall_max": 0,
          "fall_min": 0,
          "json_ref": 32,
          "rise_avg": 0,
          "rise_max": 0,
          "rise_min": 0
        },
        "clustering_index": -1,
        "dont_pack": false,
        "dont_place": false,
        "dont_touch": false,
        "in_len": 8,
        "in_out_FF": [
          {
            "in_port": []
          },
          {
            "in_port": []
          }
        ],
        "in_out_timing": [
          {
            "in_port": [
              0,
              1,
              2,
              3,
              4,
              5,
              6,
              7
            ]
          },
          {
            "in_port": [
              0,
              1,
              2,
              3,
              4
            ]
          }
        ],
        "input_timing_propagated": [
          true,
          true,
          true,
          true,
          true,
          true,
          true,
          true
        ],
        "input_timing_traced": [
          true,
          true,
          true,
          true,
          true,
          true,
          true,
          true
        ],
        "inst_name": "sum_LUT3_O",
        "inst_type": "type_LUT",
        "internal_timing": -1,
        "json_ref": 31,
        "net_input_branch": [
          -1,
          -1,
          -1,
          -1,
          -1,
          -1,
          -1,
          -1
        ],
        "net_input_output_timing_branch": [
          0,
          0,
          0,
          0,
          0,
          0,
          0,
          0,
          0,
          0,
          0,
          0,
          0,
          0,
          0,
          0,
          0,
          0,
          0,
          0,
          0,
          0,
          0,
          0,
          0,
          0,
          0,
          0,
          0,
          0,
          0,
          0,
          0,
          0,
          0,
          0,
          0,
          0,
          0,
          0,
          0,
          0,
          0,
          0,
          0,
          0,
          0,
          0,
          0,
          0,
          0,
          0,
          0,
          0,
          0,
          0,
          0,
          0,
          0,
          0,
          0,
          0,
          0,
          0
        ],
        "net_input_timing_branch": [
          0,
          0,
          0,
          0,
          0,
          0,
          0,
          0,
          0,
          0,
          0,
          0,
          0,
          0,
          0,
          0,
          0,
          0,
          0,
          0,
          0,
          0,
          0,
          0,
          0,
          0,
          0,
          0,
          0,
          0,
          0,
          0
        ],
        "net_output_timing_branch": [
          0,
          0,
          0,
          0,
          0,
          0,
          0,
          0
        ],
        "out_len": 2,
        "output_timing_propagated": [
          true,
          true
        ],
        "output_timing_traced": [
          true,
          true
        ],
        "placed_at_RBBM": false,
        "placed_b": -1,
        "placed_tile_x": -1,
        "placed_tile_y": -1,
        "placed_x": -1,
        "placed_y": -1,
        "prefer_place_at_RBBM": -1
      },
      {
        "IO": {
          "clock_input": [
            14
          ],
          "clock_polarity": [
            0
          ],
          "in_len": 2,
          "input_output_delay": -1,
          "is_input": true,
          "json_ref": 36,
          "net_input": [
            6,
            -1
          ],
          "net_input_timing": [
            -1,
            -1
          ],
          "net_input_timing_min": [
            -1,
            -1
          ],
          "net_output": [
            1
          ],
          "net_output_timing": [
            -1
          ],
          "net_output_timing_min": [
            -1
          ],
          "out_len": 1
        },
        "RBB_phy_version": 0,
        "already_packed": 0,
        "clk_i": -1,
        "clock_latency": {
          "clk_source": "",
          "fall_avg": 0,
          "fall_max": 0,
          "fall_min": 0,
          "json_ref": 35,
          "rise_avg": 0,
          "rise_max": 0,
          "rise_min": 0
        },
        "clustering_index": -1,
        "dont_pack": false,
        "dont_place": false,
        "dont_touch": false,
        "in_len": 2,
        "in_out_FF": [
          {
            "in_port": []
          }
        ],
        "in_out_timing": [
          {
            "in_port": [
              0,
              1
            ]
          }
        ],
        "input_timing_propagated": [
          true,
          true
        ],
        "input_timing_traced": [
          true,
          true
        ],
        "inst_name": "g_11_a_ibuf",
        "inst_type": "type_IO",
        "internal_timing": -1,
        "json_ref": 34,
        "net_input_branch": [
          -1,
          -1
        ],
        "net_input_output_timing_branch": [
          0,
          0,
          0,
          0,
          0,
          0,
          0,
          0
        ],
        "net_input_timing_branch": [
          0,
          0,
          0,
          0,
          0,
          0,
          0,
          0
        ],
        "net_output_timing_branch": [
          0,
          0,
          0,
          0
        ],
        "out_len": 1,
        "output_timing_propagated": [
          true
        ],
        "output_timing_traced": [
          true
        ],
        "placed_at_RBBM": false,
        "placed_b": -1,
        "placed_tile_x": -1,
        "placed_tile_y": -1,
        "placed_x": -1,
        "placed_y": -1,
        "prefer_place_at_RBBM": -1
      },
      {
        "IO": {
          "clock_input": [
            14
          ],
          "clock_polarity": [
            0
          ],
          "in_len": 2,
          "input_output_delay": -1,
          "is_input": true,
          "json_ref": 39,
          "net_input": [
            7,
            -1
          ],
          "net_input_timing": [
            -1,
            -1
          ],
          "net_input_timing_min": [
            -1,
            -1
          ],
          "net_output": [
            2
          ],
          "net_output_timing": [
            -1
          ],
          "net_output_timing_min": [
            -1
          ],
          "out_len": 1
        },
        "RBB_phy_version": 0,
        "already_packed": 1,
        "clk_i": -1,
        "clock_latency": {
          "clk_source": "",
          "fall_avg": 0,
          "fall_max": 0,
          "fall_min": 0,
          "json_ref": 38,
          "rise_avg": 0,
          "rise_max": 0,
          "rise_min": 0
        },
        "clustering_index": -1,
        "dont_pack": false,
        "dont_place": false,
        "dont_touch": false,
        "in_len": 2,
        "in_out_FF": [
          {
            "in_port": []
          }
        ],
        "in_out_timing": [
          {
            "in_port": [
              0,
              1
            ]
          }
        ],
        "input_timing_propagated": [
          true,
          true
        ],
        "input_timing_traced": [
          true,
          true
        ],
        "inst_name": "g_12_b_ibuf",
        "inst_type": "type_IO",
        "internal_timing": -1,
        "json_ref": 37,
        "net_input_branch": [
          -1,
          -1
        ],
        "net_input_output_timing_branch": [
          0,
          0,
          0,
          0,
          0,
          0,
          0,
          0
        ],
        "net_input_timing_branch": [
          0,
          0,
          0,
          0,
          0,
          0,
          0,
          0
        ],
        "net_output_timing_branch": [
          0,
          0,
          0,
          0
        ],
        "out_len": 1,
        "output_timing_propagated": [
          true
        ],
        "output_timing_traced": [
          true
        ],
        "placed_at_RBBM": false,
        "placed_b": -1,
        "placed_tile_x": -1,
        "placed_tile_y": -1,
        "placed_x": -1,
        "placed_y": -1,
        "prefer_place_at_RBBM": -1
      },
      {
        "IO": {
          "clock_input": [
            14
          ],
          "clock_polarity": [
            0
          ],
          "in_len": 2,
          "input_output_delay": -1,
          "is_input": true,
          "json_ref": 42,
          "net_input": [
            8,
            -1
          ],
          "net_input_timing": [
            -1,
            -1
          ],
          "net_input_timing_min": [
            -1,
            -1
          ],
          "net_output": [
            3
          ],
          "net_output_timing": [
            -1
          ],
          "net_output_timing_min": [
            -1
          ],
          "out_len": 1
        },
        "RBB_phy_version": 0,
        "already_packed": 2,
        "clk_i": -1,
        "clock_latency": {
          "clk_source": "",
          "fall_avg": 0,
          "fall_max": 0,
          "fall_min": 0,
          "json_ref": 41,
          "rise_avg": 0,
          "rise_max": 0,
          "rise_min": 0
        },
        "clustering_index": -1,
        "dont_pack": false,
        "dont_place": false,
        "dont_touch": false,
        "in_len": 2,
        "in_out_FF": [
          {
            "in_port": []
          }
        ],
        "in_out_timing": [
          {
            "in_port": [
              0,
              1
            ]
          }
        ],
        "input_timing_propagated": [
          true,
          true
        ],
        "input_timing_traced": [
          true,
          true
        ],
        "inst_name": "g_13_c_in_ibuf",
        "inst_type": "type_IO",
        "internal_timing": -1,
        "json_ref": 40,
        "net_input_branch": [
          -1,
          -1
        ],
        "net_input_output_timing_branch": [
          0,
          0,
          0,
          0,
          0,
          0,
          0,
          0
        ],
        "net_input_timing_branch": [
          0,
          0,
          0,
          0,
          0,
          0,
          0,
          0
        ],
        "net_output_timing_branch": [
          0,
          0,
          0,
          0
        ],
        "out_len": 1,
        "output_timing_propagated": [
          true
        ],
        "output_timing_traced": [
          true
        ],
        "placed_at_RBBM": false,
        "placed_b": -1,
        "placed_tile_x": -1,
        "placed_tile_y": -1,
        "placed_x": -1,
        "placed_y": -1,
        "prefer_place_at_RBBM": -1
      },
      {
        "IO": {
          "clock_input": [
            14
          ],
          "clock_polarity": [
            0
          ],
          "in_len": 2,
          "input_output_delay": -1,
          "is_input": false,
          "json_ref": 45,
          "net_input": [
            5,
            -1
          ],
          "net_input_timing": [
            -1,
            -1
          ],
          "net_input_timing_min": [
            -1,
            -1
          ],
          "net_output": [
            9
          ],
          "net_output_timing": [
            -1
          ],
          "net_output_timing_min": [
            -1
          ],
          "out_len": 1
        },
        "RBB_phy_version": 0,
        "already_packed": 4,
        "clk_i": -1,
        "clock_latency": {
          "clk_source": "",
          "fall_avg": 0,
          "fall_max": 0,
          "fall_min": 0,
          "json_ref": 44,
          "rise_avg": 0,
          "rise_max": 0,
          "rise_min": 0
        },
        "clustering_index": -1,
        "dont_pack": false,
        "dont_place": false,
        "dont_touch": false,
        "in_len": 2,
        "in_out_FF": [
          {
            "in_port": []
          }
        ],
        "in_out_timing": [
          {
            "in_port": [
              0,
              1
            ]
          }
        ],
        "input_timing_propagated": [
          true,
          true
        ],
        "input_timing_traced": [
          true,
          true
        ],
        "inst_name": "g_14_carry_obuf",
        "inst_type": "type_IO",
        "internal_timing": -1,
        "json_ref": 43,
        "net_input_branch": [
          -1,
          -1
        ],
        "net_input_output_timing_branch": [
          0,
          0,
          0,
          0,
          0,
          0,
          0,
          0
        ],
        "net_input_timing_branch": [
          0,
          0,
          0,
          0,
          0,
          0,
          0,
          0
        ],
        "net_output_timing_branch": [
          0,
          0,
          0,
          0
        ],
        "out_len": 1,
        "output_timing_propagated": [
          true
        ],
        "output_timing_traced": [
          true
        ],
        "placed_at_RBBM": false,
        "placed_b": -1,
        "placed_tile_x": -1,
        "placed_tile_y": -1,
        "placed_x": -1,
        "placed_y": -1,
        "prefer_place_at_RBBM": -1
      },
      {
        "IO": {
          "clock_input": [
            14
          ],
          "clock_polarity": [
            0
          ],
          "in_len": 2,
          "input_output_delay": -1,
          "is_input": false,
          "json_ref": 48,
          "net_input": [
            0,
            -1
          ],
          "net_input_timing": [
            -1,
            -1
          ],
          "net_input_timing_min": [
            -1,
            -1
          ],
          "net_output": [
            10
          ],
          "net_output_timing": [
            -1
          ],
          "net_output_timing_min": [
            -1
          ],
          "out_len": 1
        },
        "RBB_phy_version": 0,
        "already_packed": 4,
        "clk_i": -1,
        "clock_latency": {
          "clk_source": "",
          "fall_avg": 0,
          "fall_max": 0,
          "fall_min": 0,
          "json_ref": 47,
          "rise_avg": 0,
          "rise_max": 0,
          "rise_min": 0
        },
        "clustering_index": -1,
        "dont_pack": false,
        "dont_place": false,
        "dont_touch": false,
        "in_len": 2,
        "in_out_FF": [
          {
            "in_port": []
          }
        ],
        "in_out_timing": [
          {
            "in_port": [
              0,
              1
            ]
          }
        ],
        "input_timing_propagated": [
          true,
          true
        ],
        "input_timing_traced": [
          true,
          true
        ],
        "inst_name": "g_15_carry_en_obuf",
        "inst_type": "type_IO",
        "internal_timing": -1,
        "json_ref": 46,
        "net_input_branch": [
          -1,
          -1
        ],
        "net_input_output_timing_branch": [
          0,
          0,
          0,
          0,
          0,
          0,
          0,
          0
        ],
        "net_input_timing_branch": [
          0,
          0,
          0,
          0,
          0,
          0,
          0,
          0
        ],
        "net_output_timing_branch": [
          0,
          0,
          0,
          0
        ],
        "out_len": 1,
        "output_timing_propagated": [
          true
        ],
        "output_timing_traced": [
          true
        ],
        "placed_at_RBBM": false,
        "placed_b": -1,
        "placed_tile_x": -1,
        "placed_tile_y": -1,
        "placed_x": -1,
        "placed_y": -1,
        "prefer_place_at_RBBM": -1
      },
      {
        "IO": {
          "clock_input": [
            14
          ],
          "clock_polarity": [
            0
          ],
          "in_len": 2,
          "input_output_delay": -1,
          "is_input": false,
          "json_ref": 51,
          "net_input": [
            4,
            -1
          ],
          "net_input_timing": [
            -1,
            -1
          ],
          "net_input_timing_min": [
            -1,
            -1
          ],
          "net_output": [
            11
          ],
          "net_output_timing": [
            -1
          ],
          "net_output_timing_min": [
            -1
          ],
          "out_len": 1
        },
        "RBB_phy_version": 0,
        "already_packed": 3,
        "clk_i": -1,
        "clock_latency": {
          "clk_source": "",
          "fall_avg": 0,
          "fall_max": 0,
          "fall_min": 0,
          "json_ref": 50,
          "rise_avg": 0,
          "rise_max": 0,
          "rise_min": 0
        },
        "clustering_index": -1,
        "dont_pack": false,
        "dont_place": false,
        "dont_touch": false,
        "in_len": 2,
        "in_out_FF": [
          {
            "in_port": []
          }
        ],
        "in_out_timing": [
          {
            "in_port": [
              0,
              1
            ]
          }
        ],
        "input_timing_propagated": [
          true,
          true
        ],
        "input_timing_traced": [
          true,
          true
        ],
        "inst_name": "g_16_sum_obuf",
        "inst_type": "type_IO",
        "internal_timing": -1,
        "json_ref": 49,
        "net_input_branch": [
          -1,
          -1
        ],
        "net_input_output_timing_branch": [
          0,
          0,
          0,
          0,
          0,
          0,
          0,
          0
        ],
        "net_input_timing_branch": [
          0,
          0,
          0,
          0,
          0,
          0,
          0,
          0
        ],
        "net_output_timing_branch": [
          0,
          0,
          0,
          0
        ],
        "out_len": 1,
        "output_timing_propagated": [
          true
        ],
        "output_timing_traced": [
          true
        ],
        "placed_at_RBBM": false,
        "placed_b": -1,
        "placed_tile_x": -1,
        "placed_tile_y": -1,
        "placed_x": -1,
        "placed_y": -1,
        "prefer_place_at_RBBM": -1
      },
      {
        "IO": {
          "clock_input": [
            14
          ],
          "clock_polarity": [
            0
          ],
          "in_len": 2,
          "input_output_delay": -1,
          "is_input": false,
          "json_ref": 54,
          "net_input": [
            0,
            -1
          ],
          "net_input_timing": [
            -1,
            -1
          ],
          "net_input_timing_min": [
            -1,
            -1
          ],
          "net_output": [
            12
          ],
          "net_output_timing": [
            -1
          ],
          "net_output_timing_min": [
            -1
          ],
          "out_len": 1
        },
        "RBB_phy_version": 0,
        "already_packed": 3,
        "clk_i": -1,
        "clock_latency": {
          "clk_source": "",
          "fall_avg": 0,
          "fall_max": 0,
          "fall_min": 0,
          "json_ref": 53,
          "rise_avg": 0,
          "rise_max": 0,
          "rise_min": 0
        },
        "clustering_index": -1,
        "dont_pack": false,
        "dont_place": false,
        "dont_touch": false,
        "in_len": 2,
        "in_out_FF": [
          {
            "in_port": []
          }
        ],
        "in_out_timing": [
          {
            "in_port": [
              0,
              1
            ]
          }
        ],
        "input_timing_propagated": [
          true,
          true
        ],
        "input_timing_traced": [
          true,
          true
        ],
        "inst_name": "g_17_sum_en_obuf",
        "inst_type": "type_IO",
        "internal_timing": -1,
        "json_ref": 52,
        "net_input_branch": [
          -1,
          -1
        ],
        "net_input_output_timing_branch": [
          0,
          0,
          0,
          0,
          0,
          0,
          0,
          0
        ],
        "net_input_timing_branch": [
          0,
          0,
          0,
          0,
          0,
          0,
          0,
          0
        ],
        "net_output_timing_branch": [
          0,
          0,
          0,
          0
        ],
        "out_len": 1,
        "output_timing_propagated": [
          true
        ],
        "output_timing_traced": [
          true
        ],
        "placed_at_RBBM": false,
        "placed_b": -1,
        "placed_tile_x": -1,
        "placed_tile_y": -1,
        "placed_x": -1,
        "placed_y": -1,
        "prefer_place_at_RBBM": -1
      },
      {
        "RBB_phy_version": 0,
        "VDDGND": {
          "in_len": 0,
          "is_VDD": false,
          "json_ref": 57,
          "net_input_timing": [],
          "net_input_timing_min": [],
          "net_output": [
            13
          ],
          "net_output_timing": [
            -1
          ],
          "net_output_timing_min": [
            -1
          ],
          "out_len": 1
        },
        "already_packed": -1,
        "clk_i": -1,
        "clock_latency": {
          "clk_source": "",
          "fall_avg": 0,
          "fall_max": 0,
          "fall_min": 0,
          "json_ref": 56,
          "rise_avg": 0,
          "rise_max": 0,
          "rise_min": 0
        },
        "clustering_index": -1,
        "dont_pack": true,
        "dont_place": false,
        "dont_touch": false,
        "in_len": 0,
        "in_out_FF": [
          {
            "in_port": []
          }
        ],
        "in_out_timing": [
          {
            "in_port": []
          }
        ],
        "input_timing_propagated": [],
        "input_timing_traced": [],
        "inst_name": "GND_inst",
        "inst_type": "type_VDDGND",
        "internal_timing": -1,
        "json_ref": 55,
        "net_input_branch": [],
        "net_input_output_timing_branch": [],
        "net_input_timing_branch": [],
        "net_output_timing_branch": [
          0,
          0,
          0,
          0
        ],
        "out_len": 1,
        "output_timing_propagated": [
          true
        ],
        "output_timing_traced": [
          true
        ],
        "placed_at_RBBM": false,
        "placed_b": -1,
        "placed_tile_x": -1,
        "placed_tile_y": -1,
        "placed_x": -1,
        "placed_y": -1,
        "prefer_place_at_RBBM": -1
      },
      {
        "CLKBUF": {
          "clock_polarity": [
            0
          ],
          "in_len": 1,
          "json_ref": 60,
          "net_input": [
            -1
          ],
          "net_input_timing": [
            -1
          ],
          "net_input_timing_min": [
            -1
          ],
          "net_output": [
            14
          ],
          "net_output_timing": [
            -1
          ],
          "net_output_timing_min": [
            -1
          ],
          "out_len": 1
        },
        "RBB_phy_version": 0,
        "already_packed": -1,
        "clk_i": -1,
        "clock_latency": {
          "clk_source": "",
          "fall_avg": 0,
          "fall_max": 0,
          "fall_min": 0,
          "json_ref": 59,
          "rise_avg": 0,
          "rise_max": 0,
          "rise_min": 0
        },
        "clustering_index": -1,
        "dont_pack": true,
        "dont_place": true,
        "dont_touch": false,
        "in_len": 1,
        "in_out_FF": [
          {
            "in_port": []
          }
        ],
        "in_out_timing": [
          {
            "in_port": [
              0
            ]
          }
        ],
        "input_timing_propagated": [
          true
        ],
        "input_timing_traced": [
          true
        ],
        "inst_name": "virtual_clock",
        "inst_type": "type_CLKBUF",
        "internal_timing": -1,
        "json_ref": 58,
        "net_input_branch": [
          -1
        ],
        "net_input_output_timing_branch": [
          0,
          0,
          0,
          0
        ],
        "net_input_timing_branch": [
          0,
          0,
          0,
          0
        ],
        "net_output_timing_branch": [
          0,
          0,
          0,
          0
        ],
        "out_len": 1,
        "output_timing_propagated": [
          true
        ],
        "output_timing_traced": [
          true
        ],
        "placed_at_RBBM": false,
        "placed_b": -1,
        "placed_tile_x": -1,
        "placed_tile_y": -1,
        "placed_x": -1,
        "placed_y": -1,
        "prefer_place_at_RBBM": -1
      }
    ],
    "prepack_net": [
      {
        "Anet": 0.0,
        "Anet_best_timing": 0.0,
        "Anet_saved": 0.0,
        "clock_domain": -1,
        "clock_synchronizer_net": false,
        "dont_route": true,
        "fixed_route": false,
        "ignore_timing": true,
        "inst_input": [
          {
            "Anet": 0.0,
            "Anet_best_timing": 0.0,
            "Anet_saved": 0.0,
            "clk": -1,
            "inst": 15,
            "is_internal_timing": false,
            "json_ref": 62,
            "loop": -1,
            "path_num": 0,
            "port": 0,
            "timing": -1,
            "timing_min": -1
          },
          {
            "Anet": 0.0,
            "Anet_best_timing": 0.0,
            "Anet_saved": 0.0,
            "clk": -1,
            "inst": 17,
            "is_internal_timing": false,
            "json_ref": 63,
            "loop": -1,
            "path_num": 0,
            "port": 0,
            "timing": -1,
            "timing_min": -1
          }
        ],
        "inst_output": [
          {
            "Anet": 0.0,
            "Anet_best_timing": 0.0,
            "Anet_saved": 0.0,
            "clk": -1,
            "inst": 8,
            "is_internal_timing": false,
            "json_ref": 64,
            "loop": -1,
            "path_num": 0,
            "port": 0,
            "timing": -1,
            "timing_min": -1
          }
        ],
        "json_ref": 61,
        "net_name": "VCC_NET"
      },
      {
        "Anet": 0.0,
        "Anet_best_timing": 0.0,
        "Anet_saved": 0.0,
        "clock_domain": 14,
        "clock_synchronizer_net": false,
        "dont_route": false,
        "fixed_route": false,
        "ignore_timing": true,
        "inst_input": [
          {
            "Anet": 0.0,
            "Anet_best_timing": 0.0,
            "Anet_saved": 0.0,
            "clk": -1,
            "inst": 9,
            "is_internal_timing": false,
            "json_ref": 66,
            "loop": -1,
            "path_num": 0,
            "port": 2,
            "timing": -1,
            "timing_min": -1
          },
          {
            "Anet": 0.0,
            "Anet_best_timing": 0.0,
            "Anet_saved": 0.0,
            "clk": -1,
            "inst": 10,
            "is_internal_timing": false,
            "json_ref": 67,
            "loop": -1,
            "path_num": 0,
            "port": 2,
            "timing": -1,
            "timing_min": -1
          }
        ],
        "inst_output": [
          {
            "Anet": 0.0,
            "Anet_best_timing": 0.0,
            "Anet_saved": 0.0,
            "clk": -1,
            "inst": 11,
            "is_internal_timing": false,
            "json_ref": 68,
            "loop": -1,
            "path_num": 0,
            "port": 0,
            "timing": -1,
            "timing_min": -1
          }
        ],
        "json_ref": 65,
        "net_name": "a"
      },
      {
        "Anet": 0.0,
        "Anet_best_timing": 0.0,
        "Anet_saved": 0.0,
        "clock_domain": 14,
        "clock_synchronizer_net": false,
        "dont_route": false,
        "fixed_route": false,
        "ignore_timing": true,
        "inst_input": [
          {
            "Anet": 0.0,
            "Anet_best_timing": 0.0,
            "Anet_saved": 0.0,
            "clk": -1,
            "inst": 9,
            "is_internal_timing": false,
            "json_ref": 70,
            "loop": -1,
            "path_num": 0,
            "port": 1,
            "timing": -1,
            "timing_min": -1
          },
          {
            "Anet": 0.0,
            "Anet_best_timing": 0.0,
            "Anet_saved": 0.0,
            "clk": -1,
            "inst": 10,
            "is_internal_timing": false,
            "json_ref": 71,
            "loop": -1,
            "path_num": 0,
            "port": 1,
            "timing": -1,
            "timing_min": -1
          }
        ],
        "inst_output": [
          {
            "Anet": 0.0,
            "Anet_best_timing": 0.0,
            "Anet_saved": 0.0,
            "clk": -1,
            "inst": 12,
            "is_internal_timing": false,
            "json_ref": 72,
            "loop": -1,
            "path_num": 0,
            "port": 0,
            "timing": -1,
            "timing_min": -1
          }
        ],
        "json_ref": 69,
        "net_name": "b"
      },
      {
        "Anet": 0.0,
        "Anet_best_timing": 0.0,
        "Anet_saved": 0.0,
        "clock_domain": 14,
        "clock_synchronizer_net": false,
        "dont_route": false,
        "fixed_route": false,
        "ignore_timing": true,
        "inst_input": [
          {
            "Anet": 0.0,
            "Anet_best_timing": 0.0,
            "Anet_saved": 0.0,
            "clk": -1,
            "inst": 9,
            "is_internal_timing": false,
            "json_ref": 74,
            "loop": -1,
            "path_num": 0,
            "port": 0,
            "timing": -1,
            "timing_min": -1
          },
          {
            "Anet": 0.0,
            "Anet_best_timing": 0.0,
            "Anet_saved": 0.0,
            "clk": -1,
            "inst": 10,
            "is_internal_timing": false,
            "json_ref": 75,
            "loop": -1,
            "path_num": 0,
            "port": 0,
            "timing": -1,
            "timing_min": -1
          }
        ],
        "inst_output": [
          {
            "Anet": 0.0,
            "Anet_best_timing": 0.0,
            "Anet_saved": 0.0,
            "clk": -1,
            "inst": 13,
            "is_internal_timing": false,
            "json_ref": 76,
            "loop": -1,
            "path_num": 0,
            "port": 0,
            "timing": -1,
            "timing_min": -1
          }
        ],
        "json_ref": 73,
        "net_name": "c_in"
      },
      {
        "Anet": 0.0,
        "Anet_best_timing": 0.0,
        "Anet_saved": 0.0,
        "clock_domain": -1,
        "clock_synchronizer_net": false,
        "dont_route": false,
        "fixed_route": false,
        "ignore_timing": true,
        "inst_input": [
          {
            "Anet": 0.0,
            "Anet_best_timing": 0.0,
            "Anet_saved": 0.0,
            "clk": -1,
            "inst": 16,
            "is_internal_timing": false,
            "json_ref": 78,
            "loop": -1,
            "path_num": 0,
            "port": 0,
            "timing": -1,
            "timing_min": -1
          }
        ],
        "inst_output": [
          {
            "Anet": 0.0,
            "Anet_best_timing": 0.0,
            "Anet_saved": 0.0,
            "clk": -1,
            "inst": 10,
            "is_internal_timing": false,
            "json_ref": 79,
            "loop": -1,
            "path_num": 0,
            "port": 0,
            "timing": -1,
            "timing_min": -1
          }
        ],
        "json_ref": 77,
        "net_name": "sum"
      },
      {
        "Anet": 0.0,
        "Anet_best_timing": 0.0,
        "Anet_saved": 0.0,
        "clock_domain": -1,
        "clock_synchronizer_net": false,
        "dont_route": false,
        "fixed_route": false,
        "ignore_timing": true,
        "inst_input": [
          {
            "Anet": 0.0,
            "Anet_best_timing": 0.0,
            "Anet_saved": 0.0,
            "clk": -1,
            "inst": 14,
            "is_internal_timing": false,
            "json_ref": 81,
            "loop": -1,
            "path_num": 0,
            "port": 0,
            "timing": -1,
            "timing_min": -1
          }
        ],
        "inst_output": [
          {
            "Anet": 0.0,
            "Anet_best_timing": 0.0,
            "Anet_saved": 0.0,
            "clk": -1,
            "inst": 9,
            "is_internal_timing": false,
            "json_ref": 82,
            "loop": -1,
            "path_num": 0,
            "port": 0,
            "timing": -1,
            "timing_min": -1
          }
        ],
        "json_ref": 80,
        "net_name": "carry"
      },
      {
        "Anet": 0.0,
        "Anet_best_timing": 0.0,
        "Anet_saved": 0.0,
        "clock_domain": -1,
        "clock_synchronizer_net": false,
        "dont_route": true,
        "fixed_route": false,
        "ignore_timing": false,
        "inst_input": [
          {
            "Anet": 0.0,
            "Anet_best_timing": 0.0,
            "Anet_saved": 0.0,
            "clk": -1,
            "inst": 11,
            "is_internal_timing": false,
            "json_ref": 84,
            "loop": -1,
            "path_num": 0,
            "port": 0,
            "timing": -1,
            "timing_min": -1
          }
        ],
        "inst_output": [
          {
            "Anet": 0.0,
            "Anet_best_timing": 0.0,
            "Anet_saved": 0.0,
            "clk": -1,
            "inst": 0,
            "is_internal_timing": false,
            "json_ref": 85,
            "loop": -1,
            "path_num": 0,
            "port": 0,
            "timing": -1,
            "timing_min": -1
          }
        ],
        "json_ref": 83,
        "net_name": "a_ibuf"
      },
      {
        "Anet": 0.0,
        "Anet_best_timing": 0.0,
        "Anet_saved": 0.0,
        "clock_domain": -1,
        "clock_synchronizer_net": false,
        "dont_route": true,
        "fixed_route": false,
        "ignore_timing": false,
        "inst_input": [
          {
            "Anet": 0.0,
            "Anet_best_timing": 0.0,
            "Anet_saved": 0.0,
            "clk": -1,
            "inst": 12,
            "is_internal_timing": false,
            "json_ref": 87,
            "loop": -1,
            "path_num": 0,
            "port": 0,
            "timing": -1,
            "timing_min": -1
          }
        ],
        "inst_output": [
          {
            "Anet": 0.0,
            "Anet_best_timing": 0.0,
            "Anet_saved": 0.0,
            "clk": -1,
            "inst": 1,
            "is_internal_timing": false,
            "json_ref": 88,
            "loop": -1,
            "path_num": 0,
            "port": 0,
            "timing": -1,
            "timing_min": -1
          }
        ],
        "json_ref": 86,
        "net_name": "b_ibuf"
      },
      {
        "Anet": 0.0,
        "Anet_best_timing": 0.0,
        "Anet_saved": 0.0,
        "clock_domain": -1,
        "clock_synchronizer_net": false,
        "dont_route": true,
        "fixed_route": false,
        "ignore_timing": false,
        "inst_input": [
          {
            "Anet": 0.0,
            "Anet_best_timing": 0.0,
            "Anet_saved": 0.0,
            "clk": -1,
            "inst": 13,
            "is_internal_timing": false,
            "json_ref": 90,
            "loop": -1,
            "path_num": 0,
            "port": 0,
            "timing": -1,
            "timing_min": -1
          }
        ],
        "inst_output": [
          {
            "Anet": 0.0,
            "Anet_best_timing": 0.0,
            "Anet_saved": 0.0,
            "clk": -1,
            "inst": 2,
            "is_internal_timing": false,
            "json_ref": 91,
            "loop": -1,
            "path_num": 0,
            "port": 0,
            "timing": -1,
            "timing_min": -1
          }
        ],
        "json_ref": 89,
        "net_name": "c_in_ibuf"
      },
      {
        "Anet": 0.0,
        "Anet_best_timing": 0.0,
        "Anet_saved": 0.0,
        "clock_domain": 14,
        "clock_synchronizer_net": false,
        "dont_route": true,
        "fixed_route": false,
        "ignore_timing": false,
        "inst_input": [
          {
            "Anet": 0.0,
            "Anet_best_timing": 0.0,
            "Anet_saved": 0.0,
            "clk": -1,
            "inst": 3,
            "is_internal_timing": false,
            "json_ref": 93,
            "loop": -1,
            "path_num": 0,
            "port": 0,
            "timing": -1,
            "timing_min": -1
          }
        ],
        "inst_output": [
          {
            "Anet": 0.0,
            "Anet_best_timing": 0.0,
            "Anet_saved": 0.0,
            "clk": -1,
            "inst": 14,
            "is_internal_timing": false,
            "json_ref": 94,
            "loop": -1,
            "path_num": 0,
            "port": 0,
            "timing": -1,
            "timing_min": -1
          }
        ],
        "json_ref": 92,
        "net_name": "carry_obuf"
      },
      {
        "Anet": 0.0,
        "Anet_best_timing": 0.0,
        "Anet_saved": 0.0,
        "clock_domain": 14,
        "clock_synchronizer_net": false,
        "dont_route": true,
        "fixed_route": false,
        "ignore_timing": false,
        "inst_input": [
          {
            "Anet": 0.0,
            "Anet_best_timing": 0.0,
            "Anet_saved": 0.0,
            "clk": -1,
            "inst": 4,
            "is_internal_timing": false,
            "json_ref": 96,
            "loop": -1,
            "path_num": 0,
            "port": 0,
            "timing": -1,
            "timing_min": -1
          }
        ],
        "inst_output": [
          {
            "Anet": 0.0,
            "Anet_best_timing": 0.0,
            "Anet_saved": 0.0,
            "clk": -1,
            "inst": 15,
            "is_internal_timing": false,
            "json_ref": 97,
            "loop": -1,
            "path_num": 0,
            "port": 0,
            "timing": -1,
            "timing_min": -1
          }
        ],
        "json_ref": 95,
        "net_name": "carry_en_obuf"
      },
      {
        "Anet": 0.0,
        "Anet_best_timing": 0.0,
        "Anet_saved": 0.0,
        "clock_domain": 14,
        "clock_synchronizer_net": false,
        "dont_route": true,
        "fixed_route": false,
        "ignore_timing": false,
        "inst_input": [
          {
            "Anet": 0.0,
            "Anet_best_timing": 0.0,
            "Anet_saved": 0.0,
            "clk": -1,
            "inst": 5,
            "is_internal_timing": false,
            "json_ref": 99,
            "loop": -1,
            "path_num": 0,
            "port": 0,
            "timing": -1,
            "timing_min": -1
          }
        ],
        "inst_output": [
          {
            "Anet": 0.0,
            "Anet_best_timing": 0.0,
            "Anet_saved": 0.0,
            "clk": -1,
            "inst": 16,
            "is_internal_timing": false,
            "json_ref": 100,
            "loop": -1,
            "path_num": 0,
            "port": 0,
            "timing": -1,
            "timing_min": -1
          }
        ],
        "json_ref": 98,
        "net_name": "sum_obuf"
      },
      {
        "Anet": 0.0,
        "Anet_best_timing": 0.0,
        "Anet_saved": 0.0,
        "clock_domain": 14,
        "clock_synchronizer_net": false,
        "dont_route": true,
        "fixed_route": false,
        "ignore_timing": false,
        "inst_input": [
          {
            "Anet": 0.0,
            "Anet_best_timing": 0.0,
            "Anet_saved": 0.0,
            "clk": -1,
            "inst": 6,
            "is_internal_timing": false,
            "json_ref": 102,
            "loop": -1,
            "path_num": 0,
            "port": 0,
            "timing": -1,
            "timing_min": -1
          }
        ],
        "inst_output": [
          {
            "Anet": 0.0,
            "Anet_best_timing": 0.0,
            "Anet_saved": 0.0,
            "clk": -1,
            "inst": 17,
            "is_internal_timing": false,
            "json_ref": 103,
            "loop": -1,
            "path_num": 0,
            "port": 0,
            "timing": -1,
            "timing_min": -1
          }
        ],
        "json_ref": 101,
        "net_name": "sum_en_obuf"
      },
      {
        "Anet": 0.0,
        "Anet_best_timing": 0.0,
        "Anet_saved": 0.0,
        "clock_domain": -1,
        "clock_synchronizer_net": false,
        "dont_route": true,
        "fixed_route": false,
        "ignore_timing": true,
        "inst_input": [],
        "inst_output": [
          {
            "Anet": 0.0,
            "Anet_best_timing": 0.0,
            "Anet_saved": 0.0,
            "clk": -1,
            "inst": 18,
            "is_internal_timing": false,
            "json_ref": 105,
            "loop": -1,
            "path_num": 0,
            "port": 0,
            "timing": -1,
            "timing_min": -1
          }
        ],
        "json_ref": 104,
        "net_name": "GND_net"
      },
      {
        "Anet": 0.0,
        "Anet_best_timing": 0.0,
        "Anet_saved": 0.0,
        "clock_domain": -1,
        "clock_synchronizer_net": false,
        "dont_route": true,
        "fixed_route": false,
        "ignore_timing": false,
        "inst_input": [],
        "inst_output": [
          {
            "Anet": 0.0,
            "Anet_best_timing": 0.0,
            "Anet_saved": 0.0,
            "clk": -1,
            "inst": 19,
            "is_internal_timing": false,
            "json_ref": 107,
            "loop": -1,
            "path_num": 0,
            "port": 0,
            "timing": -1,
            "timing_min": -1
          }
        ],
        "json_ref": 106,
        "net_name": "virtual_clock"
      }
    ],
    "ram_inst_list": [],
    "ram_inverted_clk_net": [],
    "sdc_cache": "",
    "ta_process_corner": "TSMC 40nm ULP tt1p1v25c_Typical",
    "timing_trace": [
      []
    ],
    "total_bram": 0,
    "total_dsp": 0,
    "total_dual_ff": 0,
    "total_dual_lut": 1,
    "total_ext_ram_2p": 0,
    "total_ext_ram_dp": 0,
    "total_ext_ram_sp": 0,
    "total_ff": 0,
    "total_io": 5,
    "total_logic": 1,
    "total_logic_memory": 0,
    "total_lut": 1,
    "worst_timing": [
      -99999999
    ]
  }
}
