# File generated by ForgeFPGA Workshop v.6.55 (Build 001)
## Project name: uart_led
## Netlist name: internal: netlist.edif
# Generation date: Sun Sep 27 21:47:38 2026
# Synthesis tool: Yosys v.0.37
# Place and Route tool: v.23
# Netlist SHA-256 745f3b69f12f367b619e3d5f84bac1388689ab6b1b70cbdbc5447fcde9830aeb
## High Density IO Packaging: off
## High Density Packaging Logic: on
## Timing Driven Packing Threshold: 70
## Clock-Concurrent Optimization CCopt: on
## Place-and-Trial-route: off
## Place-and-Trial-route iteration count: 20
## Max-CPU: 16
## Maximum Routing Iterations: 300
## Timing Analysis Corner: tt1pv25c_typical(0)

# axi_bus_width: 32, bits_per_cycle_per_tile: 32, array_size: 1x1, crc16: false
22222220
00000000
00000040
00000000
00550057
00000000
00aa00a8
00000000
00000000
00000000
11111113

2aaaaaa8
2aaaaaa8
ffffffff
ffffffbf
ffffffff
00000000
ffffffff
ffffffff
fdffffff
d5555557
d5555517

01400140
ffffffff
d5555557
d5555557
2aaaaaa8
00000000
d5555557
2aaaaaa8
2aaaaaa8
fd7ffd7f
00000000

09c889c8
d5555557
d5555557
d5555557
d5005500
00000000
2a00aa00
2aaaaaa8
2aaaaaa8
282aa828
c4444404

00000000
00000000
00000000
00000000
00000000
00000000
00000000
00000000
00000000
00000000
00000000

22222220
2aaaaaa8
2aaaaaa8
2aaaaaa8
2affaabf
00000000
d5ff55ff
d5555557
d5555557
d5555557
11111113

2aeaabe8
ffffffbf
d5555557
d5555557
ffffffff
00000040
ffffffff
2aaaaaa8
2aaaaaa8
fd7ffd7f
d5555557

00000000
00000000
d5555557
d5555557
00000000
00000040
00000000
2aaaaaa8
2aaaaaa8
00000000
00000000

08888888
00000000
00000000
00000000
d5005500
00000000
2a00aa00
00000000
00000000
00000000
c4444444

01400140
ffffffbf
2aaaaaa8
2aaaaaa8
2aaaaae8
00000000
d5555557
d5555557
d5555557
fd7ffd7f
00000000

23622360
ffffffff
00000000
00000000
00550057
00000000
00aa00a8
00000000
00000000
fd7ffd7f
11111113

2aaaaaa8
00000000
00000000
00000000
d5555557
00000000
2aaaaaa8
00000000
00000000
00000000
d5555557

00000080
00000040
00000000
00000000
2aaaaaa8
00000000
d5555557
00000000
00000000
00000000
00000000

09c88948
ffffffbf
ffffffff
d5555557
d5005500
00000000
2a00aa00
2aaaaaa8
ffffffff
fd7ffd7f
c4444444

00000000
2aaaaaa8
d5555557
2aaaaaa8
2aaaaaa8
00000000
d5555557
d5555557
2aaaaaa8
d5555557
00000000

22222220
00000040
00000000
00000000
00550057
00000000
00aa00a8
00000000
00000000
00000000
11111113

2beaaba8
d4555557
00000000
00000000
d5555557
00000000
2aaaaaa8
00000000
00000000
282aa828
d5555557

01400140
ffffffbf
ffffffff
d5555557
2aaaaaa8
00000000
d5555557
2aaaaaa8
ffffffff
fd7ffd7f
00000000

09c889c8
ffffffff
d5555557
00000000
d5005500
00000000
2a00aa00
00000000
2aaaaaa8
fd7ffd7f
c4444444

00000000
00000040
00000000
2aaaaaa8
2aaaaaa8
00000000
d5555557
d5555557
00000000
00000000
00000000

00000000
00000000
d4555517
d4555517
00550057
00000000
00aa00a8
2aaaaaa8
2aaaaaa8
00000000
00000000

2a00aa00
2aaaaae8
feffffbf
d4555517
d5555557
00000000
2aaaaaa8
2aaaaaa8
ffffffff
d5555557
d5005500

00000000
2aaaaaa8
00000000
00000000
2aaaaaa8
00000000
d5555557
00000000
00000000
d5555557
00000000

01400140
d5555557
00000000
00000000
d5005500
00000000
2b00aa00
00000000
00000000
282aa828
00000000

2b40ab40
d5555557
d4555517
ff55ff17
00000080
00000000
01000000
ffaaffa8
2aaaaaa8
282aa828
d5005500

01400140
ffffffbf
feffffbf
ffffffbf
00000080
00000080
01000000
ffffffff
ffffffff
fd7ffd7f
00000000

01400140
ffffffbf
00000000
00aa00a8
2aaaaaa8
00000000
d5555517
00550057
00000000
fd7ffd7f
00000000

2b40ab40
d5555517
00000000
00000000
d5005500
ff00ff00
2a00aa00
00000000
00000000
282aa828
d5005500

00000000
00000000
00000000
2a00aa00
00000000
00000000
00000000
d5005500
00000000
00000000
00000000

00000000
2aaaaaa8
2aaaaaa8
2aaaaaa8
00000000
00000000
00000000
d5555557
d5555557
d5555557
00000400

2b40ab40
ffffffbf
00000000
00aa00a8
d5005500
ff00ff00
2a00aa00
00550057
00000000
fd7ffd7f
d5005100

00000000
00000040
00000000
00000000
00000000
00000000
00000000
00000000
00000000
00000000
00000000

22222220
00000000
00000000
00000000
00550057
00000000
00aa00a8
00000000
00000000
00000000
11111113

2aaaaaa8
2aaaaaa8
ffffffff
ffffffff
ffffffff
00000000
ffffffff
ffffffff
ffffffff
d5555557
d5555557

00000000
eaaaaaab
d5555557
d5555557
2aaaaaa8
00000000
d5555557
2aaaaaa8
2aaaaaa8
d5555557
00000000

08888888
c0000003
d5555557
d5555557
d5005500
00000000
2a00aa00
2aaaaaa8
2aaaaaa8
00000000
c4444444

00000000
00000000
00000000
00000000
00000000
00000000
00000000
00000000
00000000
00000000
00000000

22222220
2aaaaaa8
2aaaaaa8
2aaaaaa8
2affaaff
00000000
d5ff55ff
d5555557
d5555557
d5555557
11111113

2aaaaaa8
eaaaaaab
d5555557
d5555557
ffffffff
00000000
ffffffff
2aaaaaa8
2aaaaaa8
d5555557
d5555557

00000000
00000000
d5555557
d5555557
00000000
00000000
00000000
2aaaaaa8
2aaaaaa8
00000000
00000040

08888888
00000000
00000000
00000000
d5005500
00000000
2a00aa00
00000000
00000000
00000000
c4444404

00000000
2aaaaaa8
2aaaaaa8
2aaaaaa8
2aaaaaa8
00000000
d5555557
d5555557
d5555557
d5555557
00000000

22222220
eaaaaaab
00000000
00000000
00550057
00000000
00aa00a8
00000000
00000000
d5555557
11111113

2aaaaaa8
c0000003
00000000
00000000
d5555557
00000000
2aaaaaa8
00000000
00000000
00000000
d5555557

00000000
00000000
00000000
00000000
2aaaaaa8
00000000
d5554457
00001100
00000000
00000000
00000000

08888888
2aaaaaa8
ffffffff
d5555557
d5005500
00000000
2a00aa00
2aaaaaa8
ffffffff
d5555557
c4444444

00000000
eaaaaaab
d5555557
2aaaaaa8
2aaaaaa8
00000000
d5555557
d5555557
2aaaaaa8
d5555557
00000000

22222220
00000000
00000000
00000000
00550057
00000000
00aa00a8
00000000
00000000
00000000
11111113

2aaaaaa8
c0000003
00000000
00000000
d5555557
00000000
2aaaaaa8
00000000
00000000
00000000
d5555557

00000000
eaaaaaab
ffffffff
d5555557
2aaaaaa8
00000000
d5555557
2aaaaaa8
ffffffff
d5555557
00000000

08888888
eaaaaaab
d5555557
00000000
d5005500
00000000
2a00aa00
00000000
2aaaaaa8
d5555557
c4444444

00000000
c0000003
00000000
2aaaaaa8
2aaaaaa8
00000000
d5555557
d5555557
00000000
00000000
00000000

00000000
00000000
d5555557
d5555557
00550057
00000000
00aa00a8
2aaaaaa8
2aaaaaa8
00000000
00000000

2a00aa00
2aaaaaa8
ffffffff
d5555557
d5555557
00000000
2aaaaaa8
2aaaaaa8
ffffffff
d5555557
d5005500

00000000
2aaaaaa8
00000000
00000000
2aaaaaa8
00000000
d5555557
00000000
00000000
d5555557
00000000

00000000
00000000
00000000
00000000
ffaaffa8
00000000
3f55ff54
00000000
00000000
00000000
00000000

2a00aa00
c0000003
d5555557
ff55ff57
2aaaaaa8
00000000
15555554
ffaaff28
2aaaaaa8
00000000
d5005500

00000000
eaaaaaab
ffffffff
ffffffff
2beaabe8
3ffffffc
17d557d4
ffffff7f
ffffffff
d5555557
00000000

00000000
eaaaaaab
00000000
00aa00a8
02800280
00000000
c1400143
00550057
00000000
d5555557
00000000

2a00aa00
c0000003
00000000
00000000
d7805780
ff00ff00
2b40ab40
00000000
00000000
00000000
d5005500

00000000
00000000
00000000
2a00aa00
02800280
00000000
01400140
d5005500
00000000
00000000
00000000

00000000
2aaaaaa8
2aaaaaa8
2aaaaaa8
02800280
00000000
01400140
d5555557
d5555557
d5555557
00000000

2a00aa00
eaaaaaab
00000000
00aa00a8
d5005500
ff00ff00
2a00aa00
00550057
00000000
d5555557
d5005500

00000000
00000000
00000000
00000000
00000000
00000000
00000000
00000000
00000000
00000000
00000000

00000000
15555554
00000000
00000000
00550057
00000000
00aa00a8
00000000
00000000
2aaaaaa8
00000000

3ffffffc
3ffffffc
ffffffff
fffff7ff
ffffffff
00000000
ffffffff
ffffffff
ffffffff
ffffffff
ffffffff

22222220
eaaaaaab
d5555557
d5555557
2aaaa2a8
00000000
d5555557
2aaaaaa8
2aaaaaa8
d5555557
11111113

00000000
c0000003
d5555557
d5555557
d5005500
00000000
2a00aa00
2aaaaaa8
2aaaaaa8
00000000
00000000

08888888
15555554
00000000
00000000
00000000
00000000
00000000
00000000
00000000
2aaaaaa8
c4444444

15555554
3ffffffc
2aaaaaa8
2aaaaaa8
2affaaff
00000000
d5ff55ff
d5555557
d5555557
ffffffff
2aaaaaa8

2aaaaaa8
eaaaaaab
d5555557
d5555557
ffffffff
00000000
ffffffff
2aaaaaa8
2aaaaaa8
d5555557
d5555557

37777774
00000000
d5555557
d5555557
00000000
00000000
00000000
2aaaaaa8
2aaaaaa8
00000000
3bbbbbbb

15555554
15555554
00000000
00000000
d5005500
00000000
2a00aa00
00000000
00000000
2aaaaaa8
2aaaaaa8

08888888
ffffffff
2aaaaaa8
2aaaaaa8
2aaaaaa8
00000000
d5555557
d5555557
d5555557
ffffffff
c4444444

00000000
eaaaaaab
00000000
00000000
00550057
00000000
00aa0028
00000000
00000000
d5555557
00000000

3ffffffc
00000000
00000000
00000000
d5555557
00000080
2aaaaaa8
00000000
00000000
00000000
ffffffff

37777774
15555554
00000000
00000000
2aaaaaa8
00000080
d5555557
00000000
00000000
00000000
3bbbbbbb

00000000
ffffffff
ffffffff
d5555557
d5005500
00000000
2a00aa00
2aaaaaa8
ffffffff
d5555557
00000000

08888888
2aaaaaa8
d5555557
2aaaaaa8
2aaaaaa8
00000000
d55555d7
d5555557
2aaaaaa8
d5555557
c4444444

00000000
00000000
00000000
00000000
00550057
00000000
00aa00a8
00000000
00000000
00000000
00000000

2aaaaaa8
d5555557
00000000
00000000
d5555557
00000000
2aaaaaa8
00000000
00000000
00000000
d5555557

22222220
ffffffff
ffffffff
d5555557
2aaaaaa8
00000000
d5555557
2aaaaaa8
ffffffff
d5555557
11111113

00000000
eaaaaaab
d1555557
00000000
d5005500
00000000
2a00aa00
00000000
2aaaaaa8
d5555557
00000000

1ddddddc
00000000
00000000
2eaaaaa8
2aaaaaa8
00000000
d5555557
d5555557
00000000
2aaaaaa8
eeeeeeec

00000000
00000000
d5555557
d5555557
00550057
00000000
00aa00a8
2aaaaaa8
2aaaaaa8
00000000
00000000

2a00aa00
2aaaaaa8
ffffffff
d5555557
d5555557
00000000
2aaaaaa8
2aaaaaa8
ffffffff
d1555557
d5005500

15555554
2aaaaaa8
00000000
00000000
2aaaaaa8
00000000
d5555557
00000000
00000000
d1555557
2aaaaaa8

15555554
c0000003
00000000
00000000
d5005500
00000000
2a00aa00
00000000
00000000
2aaaaaa8
2aaaaaa8

3f55ff54
c0000003
d5555557
ff55ff57
00000000
00000000
00000000
ffaaffa8
2aaaaaa8
00000000
ffaaffa8

00000000
ffffffff
ffffffff
ffffffff
15555554
00000000
00000000
ffffffff
ffffffff
ffffffff
00000000

15555554
eaaaaaab
00000000
00aa00a8
00000000
00000000
c0000003
00550057
00000000
ffffffff
2aaaaaa8

2a00a200
c0000003
00000000
00000000
d5005500
ff00ff00
2a00aa00
00000000
00000000
00000000
d5005500

00000000
15555554
00000000
2a00a200
00000000
00000000
00000000
d5005500
00000000
00000000
00000000

15555554
2aaaaaa8
2aaaaaa8
2aaaaaa8
02800280
00000000
00000000
d5555557
d5555557
d5555557
2aaaaaa8

3f55f754
eaaaaaab
00000000
00aa08a8
d7805780
ff00ff00
2a00aa00
00550057
00000000
d5555557
ffaaffa8

15555554
00000000
00000000
00000000
00000000
00000000
00000000
00000000
00000000
00000000
00000000

00000000
00000000
00000000
00000000
00550057
00000000
00aa00a8
00000000
00000000
00000000
00000000

2aaaaaa8
2aaaaaa8
ffffffff
ffffffff
ffffffff
00000000
ffffffff
ffffffff
ffffffff
d5555557
d5555557

22222220
eaaaaaab
d5555557
d5555557
2aaaaaa8
00000000
d5555557
2aaaaaa8
2aaaaa88
d5555557
11111113

00000000
c0000003
d5555557
d5555557
d5005500
00000000
2a00aa00
2aaaaaa8
2aaaaaa8
00000000
00000000

08888888
00000000
00000000
00000000
00000000
00000000
00000000
00000000
00000000
00000000
c4444444

00000000
2aaaaaa8
2aaaaaa8
2aaaaaa8
2affaaff
00000000
d5ff55ff
d5555557
d5555577
d5555557
00000000

2aaaaaa8
eaaaaaab
d5555557
d5555557
ffffffff
00000000
ffffffff
2aaaaaa8
2aaaaaa8
d5555557
d5555557

22222220
00000000
d5555557
d5555557
00000000
00000000
00000000
2aaaaaa8
2aaaaaa8
00000000
11111113

00000000
00000000
00000000
00000000
d5005500
00000000
2a00aa00
00000000
00000000
00000000
00000000

08888888
eaaaaaab
2aaaaaa8
2aaaaaa8
2aaaaaa8
00000000
d5555557
d5555557
d5555557
d5555557
c4444444

00000000
eaaaaaab
00000000
00000000
00550017
00000000
00aa00a8
00000000
00000000
d5555557
00000000

2aaaaaa8
00000000
00000000
00000000
d5555557
00000040
2aaaaaa8
00000000
00000000
00000000
d5555557

22222220
00000000
00000000
00000000
2aaaaaa8
00000040
d5555557
00000000
00000000
00000000
11111113

00000000
eaaaaaab
ffffffff
d5555557
d5005500
00000000
2a00aa00
2aaaaaa8
ffffffff
d5555557
00000000

08888888
2aaaaaa8
d5555557
2aaaaaa8
2aaaaae8
00000000
d5555557
d5555557
2aaaaaa8
d5555557
c4444444

00000000
00000000
00000000
00000000
00550057
00000000
00aa00a8
00000000
00000000
00000000
00000000

2aaaaaa8
c0000003
00000000
00000000
d5555557
00000000
2aaaaaa8
00000000
00000000
00000000
d5555557

22222220
eaaaaaab
ffffffff
d5555557
2aaaaaa8
00000000
d5555557
2aaaaaa8
ffffffff
d5555557
11111113

00000000
eaaaaaab
d5555557
00000000
d5005500
00000000
2a00aa00
00000000
2aaaaaa8
d5555557
00000000

08888888
00000000
00000000
2aaaaaa8
2aaaaaa8
00000000
d5555557
d5555557
00000000
00000000
c4444444

00000000
00000000
d5555557
d5555557
00550057
00000000
00aa00a8
2aaaaaa8
2aaaaaa8
00000000
00000000

2a00aa00
2aaaaaa8
ffffffff
d5555557
d5555557
00000000
2aaaaaa8
2aaaaaa8
ffffffff
d5555557
d5005500

00000000
2aaaaaa8
00000000
00000000
2aaaaaa8
00000000
d5555557
00000000
00000000
d5555557
00000000

00000000
c0000003
00000000
00000000
ffaaffa8
00000000
3f55ff54
00000000
00000000
00000000
00000000

2a00aa00
c0000003
d5555557
ff55ff57
2aaaaaa8
00000000
15555554
ffaaffa8
2aaaaaa8
00000000
d5005500

00000000
eaaaaaab
ffffffff
ffffffff
2beaabe8
3ffffffc
17d557d4
ffffffff
ffffffff
d5555557
00000000

00000000
eaaaaaab
00000000
00aa00a8
02800280
00000000
c1400143
00550057
00000000
d5555557
00000000

2a00aa00
c0000003
00000000
00000000
d7805780
ff00ff00
2b40ab40
00000000
00000000
00000000
d5005500

00000000
00000000
00000000
2a00aa00
02800280
00000000
01400140
d5005500
00000000
00000000
00000000

00000000
2aaaaaa8
2aaaaaa8
2aaaaaa8
02800280
00000000
01400140
d5555557
d5555557
d5555557
00000400

2a00aa00
eaaaaaab
00000000
00aa00a8
d5005500
ff00ff00
2a00aa00
00550057
00000000
d5555557
d5005100

00000000
00000000
00000000
00000000
00000000
00000000
00000000
00000000
00000000
00000000
00000000

22222220
00000000
00000000
00000000
00550057
00000000
00aa00a8
00000000
00000000
00000000
11111113

2aaaaaa8
2aaaaaa8
ffffffff
ffffffff
ffffffff
00000000
ffffffff
ffffffff
ffffffff
d5555557
d5555557

00000000
eaaaaaab
d5555557
d5554557
2aaaaaa8
00000000
d5555557
2aaa28a8
2aaaaaa8
d5555557
00000000

08888888
c0000003
d5555557
d5554557
d5005500
00000000
2a00aa00
2aaa2aa8
2aaaaaa8
00000000
c4444444

00000000
00000000
00000000
00000000
00000000
00000000
00000000
00000000
00000000
00000000
00000000

22222220
2aaaaaa8
2aaaaaa8
2aaaaaa8
2affaaff
00000000
d5ff55ff
d5555757
d5555557
d5555557
11111113

2aaaaaa8
eaaaaaab
d5555557
d5555557
ffffffff
00000000
ffffffff
2aaaaaa8
2aaaaaa8
d5555557
d5555557

00000000
00000000
d5555557
d5555557
00000000
00000000
00000000
2aaaaaa8
2aaaaaa8
00000000
00000000

08888888
00000000
00000000
00000000
d5005500
00000000
2a00aa00
00000000
00000000
00000000
c4444444

00000000
2aaaaaa8
2aaaaaa8
2aaaaaa8
2aaaaaa8
00000000
d5555557
d5555557
d5555557
d5555557
00000000

22222220
eaaaaaab
00000000
00000000
00550057
00000000
00aa00a8
00000000
00000000
d5555557
11111113

2aaaaaa8
c0000003
00000000
00000000
d5555157
00000400
2aaaaaa8
00000000
00000000
00000000
d5555557

00000000
00000000
00000000
00000000
2aaaaaa8
00000400
d5555557
00000000
00000000
00000000
00000000

08888888
2aaaaaa8
ffffffff
d5555557
d5005100
00000000
2a00aa00
2aaaaaa8
ffffffff
d5555557
c4444444

00000000
eaaaaaab
d5555557
2aaaaaa8
2aaaaaa8
00000000
d5555557
d5555557
2aaaaaa8
d5555557
00000000

22222220
00000000
00000000
00000000
00550057
00000000
00aa00a8
00000000
00000000
00000000
11111113

2aaaaaa8
c0000003
00000000
00000000
d5555557
00000000
2aaaaaa8
00000000
00000000
00000000
d5555557

00000000
eaaaaaab
ffffbfff
d5555557
2aaaaaa8
00000000
d5555557
2aaaaaa8
ffff7fff
d5555557
00000000

08888888
eaaaaaab
d5551557
00000000
d5005500
00000000
2a00aa00
00000000
2aaa2aa8
d5555557
c4444444

00000000
c0000003
00000000
2aaaaaa8
2aaaaaa8
00000000
d5555557
d5555557
00000000
00000000
00000000

00000000
00000000
d5555557
d5555557
00550057
00000000
00aa00a8
2aaaaaa8
2aaaaaa8
00000000
00000000

2a00aa00
2aaaaaa8
ffffffff
d5555557
d5555557
00000000
2aaaaaa8
2aaaaaa8
ffffffff
d5555557
d5005500

00000000
2aaaaaa8
00000000
00000000
2aaaaaa8
00000000
d5555557
00000000
00000000
d5555557
00000000

00000000
00000000
00000000
00000000
ffaaffa8
00000000
3f55ff54
00000000
00000000
00000000
00000000

2a00aa00
c0000003
d5555557
ff55ff57
2aaaaaa8
00000000
15555554
ffaaffa8
2aaaaaa8
00000000
d5005500

00000000
eaaaaaab
ffffffff
ffffffff
2beaabe8
3ffffffc
17d557d4
ffffffff
ffffffff
d5555557
00000000

00000000
eaaaaaab
00000000
00aa00a8
02800280
00000000
c1400143
00550057
00000000
d5555557
00000000

2a00aa00
c0000003
00000000
00000000
d7805780
ff00fd00
2b40ab40
00000000
00000000
00000000
d5005500

00000000
00000000
00000000
2a00aa00
02800280
00000000
01400040
d5005500
00000000
00000000
00000000

00000000
2aaa2aa8
2aaaaaa8
2aaabaa8
02800280
00001000
01400040
d5555757
d5555557
d5551557
00000000

2a00aa00
eaaa2aab
00000000
00aa10a8
d5005500
ff00ed00
2a00aa00
00550257
00000000
d5551557
d5005500

00000000
00000000
00000000
00000000
00000000
00000000
00000000
00000000
00000000
00000000
00000000

22222220
00000000
00000000
00000000
00550057
00000000
00aa00a8
00000000
00000000
00000000
11111113

3ffffffc
2aaaaaa8
ffffffff
ffffffff
ffffffff
00000000
ffffffff
ffffffff
ffffffff
d5555557
ffffffff

00000000
eaaaaaab
d5555557
d5555557
2aaaaaa8
00000000
d5555557
2aaaaaa8
2aaaaaa8
d5555557
00000000

08888888
c0000003
d5555557
d5555557
d5005500
00000000
2a00aa00
2aaaaaa8
2aaaaaa8
00000000
c4444444

00000000
15555554
00000000
00000000
00000000
00000000
00000000
00000000
00000000
2aaaaaa8
00000000

37777774
2aaaaaa8
2aaaaaa8
2aaaaaa8
2affaaff
00000000
d5ff55ff
d5555557
d5555557
ffffffff
3bbbbbbb

2aaaaaa8
eaaaaaab
d5555557
d5555557
ffffffff
00000000
ffffffff
2aaaaaa8
2aaaaaa8
d5555557
d5555557

15555554
15555554
d5555557
d5555557
00000000
00000000
00000000
2aaaaaa8
2aaaaaa8
00000000
2aaaaaa8

1ddddddc
00000000
00000000
00000000
d5005500
00000000
2a00aa00
00000000
00000000
00000000
eeeeeeec

00000000
eaaaaaab
2aaaaaa8
2aaaaaa8
2aaaaaa8
00000000
d5555557
d5555557
d5555557
ffffffff
00000000

22222220
eaaaaaab
00000000
00000000
00550457
00000000
00aa00a8
00000000
00000000
d5555557
11111113

3ffffffc
00000000
00000000
00000000
d5555557
00000400
2aaaaaa8
00000000
00000000
00000000
ffffffff

15555554
15555554
00000000
00000000
2aaaaaa8
00000000
d5555557
00000000
00000000
00000000
2aaaaaa8

08888888
ffffffff
ffffffff
d5555557
d5005100
00000000
2a00aa00
2aaaaaa8
ffffffff
ffffffff
c4444444

00000000
2aaaaaa8
d5555557
2aaaaaa8
2aaaaaa8
00000400
d5555557
d5555557
2aaaaaa8
d5555557
00000000

22222220
00000000
00000000
00000000
00550057
00000000
00aa00a8
00000000
00000000
00000000
11111113

2aaaaaa8
d5555557
00000000
00000000
d5555557
00000000
2aaaaaa8
00000000
00000000
00000000
d5555557

00000000
ffffffff
ffffffff
d5555557
2aaaaaa8
00000000
d5555557
2aaaaaa8
ffffffff
d5555557
00000000

08888888
eaaaaaab
d5555557
00000000
d5005500
00000000
2a00aa00
00000000
2aaaaaa8
d5555557
c4444444

15555554
00000000
00000000
2aaaaaa8
2aaaaaa8
00000000
d5555557
d5555557
00000000
00000000
2aaaaaa8

00000000
15555554
d5555557
d5555557
00550057
00000000
00aa00a8
2aaaaaa8
2aaaaaa8
2aaaaaa8
00000000

2a00aa00
3ffffffc
ffffffff
d5555557
d5555557
00000000
2aaaaaa8
2aaaaaa8
ffffffff
ffffffff
d5005500

15555554
2aaaaaa8
00000000
00000000
2aaaaaa8
00000000
d5555557
00000000
00000000
d5555557
2aaaaea8

15555554
c0000003
00000000
00000000
d5005500
00000000
2a00aa00
00000000
00000000
00000000
2aaaaaa8

2a00aa00
d5555557
d5555557
ff55ff57
00000000
00000000
00000000
ffaafba8
2aaaaaa8
2aaaaaa8
ffaafba8

00000000
ffffffff
ffffffff
ffffffff
15555554
00000000
00000000
ffffffff
ffffffff
ffffffff
00000000

15555554
eaaaaaab
00000000
00aa00a8
00000000
00004000
c0000003
00550057
00000000
d5555557
2aaaaaa8

2a00aa00
c0000003
00000000
00000000
d5005500
ff00ff00
2a00aa00
00000400
00000000
00000000
d5005500

00000000
15555554
00000000
2a00ea00
00000000
00000000
00000000
d5005500
00000000
2aaaaaa8
00000000

15555554
3ffffffc
2aaaaaa8
2aaaeaa8
02800280
00000000
00000000
d5555557
d5555557
ffffffff
2aaaaaa8

3f55ff54
eaaaaaab
00000000
00aa00a8
d7805780
ff00bf00
2a00aa00
00550057
00000000
d5555557
ffaaffa8

15555554
00000000
00000000
00000000
00000000
00000000
00000000
00000000
00000000
00000000
2aaaaaa8

00000000
00000000
00000000
00000000
00550057
00000000
00aa00a8
00000000
00000000
00000000
00000000

2aaaaaa8
2aaaaaa8
ffffffff
ffffffff
ffffffff
00000000
ffffffff
ffffffff
ffffffff
d5555557
d5555557

22222220
eaaaaaab
d5551457
d5552157
2aaa8aa8
00000000
d5555557
2aaa2aa8
2aaa2aa8
d5555557
11111113

00000000
c0000003
d5551457
d5551557
d5005500
00000000
2a00aa00
2aaa2aa8
2aaa2aa8
00000000
00000000

08888888
00000000
00000000
00001400
00000000
00000000
00000000
00000000
00000000
00000000
c4444444

00000000
2aaaaaa8
2aaaaaa8
2aaaaaa8
2affaaff
00000000
d5ff55ff
d5555557
d5555557
d5555557
00000000

2aaaaaa8
eaaaaaab
d5551057
d5551457
ffffffff
00005000
ffffffff
2aaa2aa8
2aaaaaa8
d5555557
d5555557

22222220
00000000
d5551457
d5551457
00004000
00004000
00000000
2aaa2aa8
2aaaaaa8
00000000
11111413

00000000
00000000
00000000
00000000
d5000500
00001000
2a00aa00
00000000
00000000
00000000
00000100

08888888
eaaaaaab
2aaaaaa8
2aaaaaa8
2aaabaa8
00000000
d5555557
d5555557
d5555557
d5555557
c4444044

00000000
eaaaaaab
00000000
00000000
00550057
00000000
00aa00a8
00000000
00000000
d5555557
00000000

2aaaaaa8
00000000
00000400
00000000
d5555557
00000000
2aaaaaa8
00000000
00000000
00000000
d5555557

22222220
00000000
00000000
00000000
2aaaaaa8
00000000
d5555557
00000000
00000000
00000000
11111113

00000000
eaaaaaab
ffffefff
d5551457
d5005500
00000000
2a00aa00
2aaa2aa8
ffffffff
d5555557
00000000

08888888
2aaaaaa8
d5550457
2aaaaaa8
2aaaaaa8
00000000
d5555557
d5555557
2aaa2aa8
d5555557
c4444444

00000000
00000000
00000000
00000000
00550057
00000000
00aa00a8
00000000
00000000
00000000
00000000

2aaaaaa8
c0000003
00000000
00000000
d5555157
00000c00
2aaaaaa8
00000000
00000000
00000000
d5550557

22222020
eaaaaaab
ffffffff
d5551457
2aaaaaa8
00000c00
d5555d57
2aaa2aa8
ffffdfff
d5555557
11110113

00000200
eaaaaaab
d5551457
00000000
d5005100
00000000
2a00a200
00000000
2aaa0aa8
d5555557
00000000

08888888
00000000
00000000
2aaaaaa8
2aaaaaa8
00000000
d5555557
d5555557
00000000
00000000
c4440444

00000000
00000000
d5551457
d5554557
00550057
00000000
00aa00a8
2aaa28a8
2aaa2aa8
00000000
00000000

2a00aa00
2aaaaaa8
fffffeff
d5554557
d5555557
00000000
2aaaaaa8
2aaa2aa8
ffff7fff
d5555557
d5005500

00000000
2aaaaaa8
00000000
00000000
2aaaaaa8
00000000
d5555557
00000000
00000000
d5555557
00000000

00000000
c0000003
00004000
00000000
ffaaffa8
00000000
3f55ff54
00000200
00000000
00000000
00000100

2a00aa00
c0000003
d5551457
ff553f57
2aaaaaa8
00000000
15555554
ffaab6a8
2aaaaaa8
00001000
d5005400

00000000
eaaaaaab
ffffffff
ffff3fff
2beaabe8
3ffffffc
17d557d4
ffffb6ff
ffffffff
d5555557
00000000

00000000
eaaaaaab
00000000
00aa00a8
02800280
00004000
c1400143
00550057
00000000
d5554557
00000000

2a00aa00
c0000003
00004100
00000000
d7805780
ff00df00
2b40ab40
00000000
00000000
00000000
d5005500

00000000
00000000
00000000
2a002a00
02800280
00000000
01400140
d5001400
00000000
00000000
00000000

00000000
2aaa8aa8
2aaaaaa8
2aaa6aa8
02800280
00001000
01400140
d5551457
d5555557
d5555557
00000000

2a00aa00
eaaa8aab
00000000
00aa40a8
d5005500
ff008f00
2a00aa00
00550057
00000000
d5555557
d5005500

00000000
00000000
00000000
00000000
00000000
00000000
00000000
00000000
00000000
00000000
00000000

00001500
00001400
00000000
00000000
00550057
00000000
00aa00a8
00000000
00000800
0000aa00
00002a00

2aaabfa8
2aaabea8
ffffffff
ffffabff
ffffffff
00000000
ffffffff
ffff55ff
ffffffff
d555ff57
d5557e57

22223320
eaaabaab
d5550057
d5552457
2aaa0aa8
00000000
d5551557
2aaaaaa8
2aaaaaa8
d555f757
11113613

00001100
c0001003
d5550057
d555c457
d5005500
00000000
2a00aa00
2aaaeaa8
2aaaaaa8
0000a200
00002200

08889c88
00001400
00000000
00004000
00000000
00000000
00000000
00000000
00000000
00002a00
c4446a44

00001400
2aaabea8
2aaaaaa8
2aaaaaa8
2affabff
00000000
d5ff55ff
d5555557
d5555557
d5557f57
00002a00

2aaabaa8
eaaabaab
d5554057
d5550057
ffffffff
00000100
ffffffff
2aaaaa88
2aaaaaa8
d5557757
d5557757

22223220
00001000
d5554057
d5550057
00000000
00000000
00000000
2aaaaaa8
2aaaaaa8
00002200
11113313

00000500
00000400
00000000
00000000
d5005600
00000100
2a00bb00
00000000
00000000
00008a00
00000a00

0888cd88
2aaaaea8
2aaaaaa8
2aaaaaa8
2aaaaaa8
00000000
d5555557
d5555557
d5555557
d555df57
c444ce44

00004100
eaaaaaab
00000000
00000000
00550057
00000000
00aa00a8
00000020
00000000
d555d557
00008000

2aaaaba8
c0000003
00000000
00000000
d5555557
00000000
2aaaaaa8
00000000
00000000
00008000
d5555557

22222620
00000400
00000000
00000000
2aaaa8a8
00000000
d5554457
00000000
00000000
00000a00
11111a13

00004400
2aaaaea8
ffffffff
d5551157
d5005500
00000000
2a00aa00
2aaaaaa8
ffffffff
d5555f57
00008b00

0888c888
eaaaaaab
d5551157
2aaaaaa8
2aaaaaa8
00000000
d5555557
d5555557
2aaaa8a8
d5555557
c444c444

00000000
00000000
00000000
00000000
00550057
00000000
00aa00a8
00000000
00000200
00000000
00000000

2aaaeea8
c0004403
00000000
00000000
d5555557
00000400
2aaaaaa8
00000000
00000000
00000800
d555df57

22227620
eaaabeab
ffffffff
d5550057
2aaaaea8
00000400
d5555557
2aaaaaa8
ffffffff
d5557d57
1111bb13

00001000
eaaabaab
d5550057
00000000
d5005100
00000000
2a00aa00
00000000
2aaaaaa8
d5557557
00002000

08888888
c0004003
00000000
2aaaaaa8
2aaaaaa8
00000000
d5555557
d5555557
00000000
00000000
c4444444

00004400
00004400
d5551157
d5554057
00550057
00000000
00aa00a8
2aaa02a8
2aaa02a8
00000800
00008a00

2a00fe00
2aaabea8
ffffffff
d5554057
d5555557
00000000
2aaaaaa8
2aaa02a8
ffff57ff
d5557d57
d500ff00

00001000
2aaabaa8
00004400
00000000
2aaaaaa8
00000000
d5555557
00000000
00000000
d5557557
00002000

00000000
00004000
00000000
00000000
ffaaffa8
00000000
3f55bf54
00000000
00000000
00000000
00000000

2a00ef00
c0004703
d5555057
ff55eb57
2aaaaaa8
00000000
15554454
ffaa02a8
2aaa02a8
00001800
d500df00

00005400
eaaabeab
fffffaff
ffffebff
2beaa1e8
3fff77fc
17d547d4
ffff02ff
ffff57ff
d5557d57
0000aa00

00001000
eaaab8ab
00000000
00aa00a8
02800080
00000100
c1400043
00550057
00000000
d5556557
00002000

2a00ab00
c0004103
00000000
00000000
d7805580
ff001f00
2b40aa40
00000000
00000000
00000000
d5005500

00004500
00004500
00000000
2a00aa00
02800080
00000000
01400040
d5000000
00000000
00000800
00008800

00005400
2aaabea8
2aaaaaa8
2aaaaba8
02800080
00000000
01400140
d5550257
d5555557
d5557d57
0000a800

2a00ba00
eaaabaab
00000000
00aa01a8
d5005700
ff001c00
2a00aa00
00550257
00000000
d5557557
d5007500

00000100
00004100
00000000
00000000
00000000
00000200
00000000
00000000
00000000
00000000
00000000

22222120
15551454
00000000
00000000
00000000
00000000
00000000
00000000
00000000
2aaaa2a8
11110013

3ffffffc
3ffffffc
ffffffff
ffffffff
ffffffff
00000200
ffffffff
ffffffff
ffffffff
ffffffff
ffffefff

00000200
eaaaabab
d5555557
d5550157
2affaaff
00000000
d5ff57ff
2aaa02a8
2aaa82a8
d5555d57
00000000

08888888
c0004003
d5555557
d5555557
00000000
00000000
00000000
2aaa82a8
2aaa82a8
00000000
c4444044

00001000
15551554
00000000
00001400
d5005500
00000200
2a00a800
00000000
00000000
2aaaa0a8
00000500

37776474
3ffffffc
2aaaaaa8
2aaaeaa8
2aaaaaa8
00000000
d5555f57
d555d557
d5555557
ffffffff
3bbbebbb

2aaa20a8
eaaaaaab
d5550057
d5550157
ffffbfff
0000fa00
ffff3fff
2aaa02a8
2aaa00a8
d5555d57
d5555557

15555054
00004000
d5555557
d5555557
00551057
00009200
00aa20a8
2aaac2a8
2aaa82a8
00000200
2aaa80a8

1ddd40dc
15551554
00000100
00001000
00000000
00006800
00000400
00000000
00000000
2aaaa0a8
eeee80ec

00001000
ffffffff
2aaaaaa8
2aaaaaa8
ffaaafa8
00000000
ff555557
d5555557
d5555557
ffffffff
00001400

22222020
eaaaaaab
00004000
00000000
00000000
00000200
00000000
00008000
00000000
d5555d57
11111113

3fff3afc
00004000
00001400
00004400
d5555557
00000e00
2aaaaaa8
00000000
00008200
00000200
fffffdff

15555354
15550454
00000000
00000000
2affaeff
00000c00
d5ff5bff
00002000
00008000
00000000
2aaaaaa8

08880088
ffffffff
ffffffff
d5555557
00000000
00000000
00000000
2aaaa2a8
ffffffff
d5555557
c4440244

00000800
2aaaaba8
d5554157
2aaabaa8
ffaafba8
00000000
ff55f557
d5555557
2aaa02a8
d5555557
00004400

22224b20
00005000
00000000
00000400
00000000
00000000
00000000
00000000
00000000
00000000
11111113

2aaa4fa8
d5555057
00000000
00000000
d5555557
00001300
2aaaa8a8
00000000
00008000
00000000
d5551557

00000000
ffffffff
ffffbbff
d5555557
2affabff
00000300
d5ff55ff
2aaa82a8
ffffffff
d5555557
00000800

08880188
eaaaafab
d5550157
00001000
00001000
00000000
00000000
00000000
2aaa02a8
d5555557
c4440444

15555554
00000000
00000000
2aaaaaa8
ffaaeea8
00001000
ff55fd57
d5555557
00000000
2aaaaaa8
2aaaa8a8

2a00aa00
00000000
d5555457
d5550057
00000400
00000000
00000000
2aaaaaa8
2aaa22a8
00000800
d5005500

2aaaaaa8
2aaaaea8
fffffeff
d5550057
d5551557
00002400
2aaaaaa8
2aaaaaa8
ffffffff
d5555557
d5555557

15555454
2aaaaaa8
00000000
00000000
2affaaff
00002400
d5ff75ff
00000000
00008000
d5557557
2aaaa8a8

15ff54fc
c0000403
00000000
00000000
0000a800
00000000
00005400
00000000
00000800
2aaa82a8
2aff88ff

15551054
c0002003
d5550157
ffff20ff
d500b100
00000000
2a008a00
ffff27ff
2aaaaaa8
00004000
2aaaaaa8

00000000
fffffbff
ffffafff
ffffa2ff
15553054
0000f500
00000000
fffff7ff
ffffffff
ffffddff
00000000

3f55ff54
eaaa8aab
00000000
00008200
00000000
00000000
c0000203
0000d000
00000000
ffff95ff
ffaafda8

2aaaaaa8
c0001003
00000400
00000000
d5555157
ffffffff
2aaaaaa8
00000000
00000000
00000000
d5555557

00000000
15554154
00000000
2aaa20a8
00000000
00000000
00000000
d5550557
00000000
00000800
00000000

15ff55fc
2aaaaaa8
2aaaaea8
2aaaa2a8
02d502d7
00ff00ff
00aa00a8
d5555557
d5555557
d5555557
2affa8ff

15555554
eaaaaaab
00000400
00008200
02800080
00000000
00000000
00005000
00000000
d5555557
2aaaa8a8

15551454
00000000
00000000
00000000
d5005100
ff00ff00
2a00a800
00000000
00000000
00000000
00002000

22226620
00000400
00000400
00000000
00001000
00000000
00008000
00000000
00000800
00000a00
11115813

2aaaeea8
2aaaaaa8
ffffffff
ffffaaff
ffffbfff
0000d000
ffffffff
ffff57ff
ffffffff
d5555757
d5555d57

00004000
eaaaaaab
d5550157
d5550157
2affaaff
00001000
d5ff55ff
2aaa02a8
2aaa02a8
d5555757
00000100

0888c888
c0000403
d5555157
d5554157
00000000
00008000
00000000
2aaa82a8
2aaa82a8
00000a00
c4440444

00004400
00000400
00005000
00004000
d5000500
00004000
2a002a00
00000000
00000000
00000800
00000800

2222e420
2aaaaaa8
2aaaaaa8
2aaaaaa8
2aaaeaa8
00000000
d5555557
d555d557
d555d557
d5555557
11110813

2aaaeaa8
eaaaaaab
d5550057
d5550157
ffffffff
0000d300
ffff7fff
2aaa02a8
2aaa02a8
d5555557
d5555557

00004200
00000400
d5555157
d5554157
00551157
00001100
00aa00a8
2aaa82a8
2aaaaaa8
00000800
00001000

08881c88
00005500
00000100
00000000
00000000
0000c200
00000200
00000000
00000000
00002a00
c444ec44

00001400
eaaafbab
2aaaaaa8
2aaaaaa8
ffaaaea8
00000000
ff557d57
d555d557
d555d557
d5557757
00002900

22221020
eaaabbab
00005000
00000000
00000000
00000000
00000800
00000000
00002800
d5557757
11116013

2aaa38a8
00001500
00000000
00004000
d5555557
00000e00
2aaaaaa8
00000000
00000000
00002a00
d5556457

00003c00
00005500
00000000
00001000
2affafff
00000e00
d5ff57ff
00000000
00000000
00002800
0000a800

08881488
eaaafbab
ffffbfff
d5555157
00000000
00000000
00000000
2aaa82a8
ffffffff
d5557557
c4442c44

00001000
2aaabba8
d5550157
2aaaaaa8
ffaafaa8
00000000
ff55f557
d5555557
2aaa02a8
d5557557
00002000

22223220
00001500
00000000
00000000
00000000
00000000
00000000
00008000
00000000
00002800
11112113

2aaaeea8
c0005403
00000000
00000000
d5555557
00000000
2aaaaaa8
00000000
00000000
00002800
d5559d57

00004400
eaaaeeab
ffffbfff
d5554157
2affaaff
00000000
d5ff55ff
2aaa82a8
ffffffff
d5555d57
00008800

08888c88
eaaaaeab
d5550157
00000000
00000000
00000000
00000000
00000000
2aaa02a8
d5555d57
c4440c44

00000400
00001400
00000000
2aaaaaa8
ffaaffa8
00000000
ff55ff57
d555d557
00000000
00002800
00001800

2a00ae00
00001000
d5550157
d5550157
00000000
00000000
00000000
2aaa0aa8
2aaa0aa8
00002000
d5004d00

2aaaaea8
2aaaaaa8
ffffefff
d5551557
d5555557
00008100
2aaaaaa8
2aaaaaa8
ffffdfff
d5555557
d5555d57

00000400
2aaaaaa8
00000400
00001400
2affabff
00008100
d5ffd5ff
00000000
00008000
d5555557
00000800

00aa04a8
c0001003
00004000
00000000
2aaa8aa8
00000000
15554154
0000a000
00000000
00000000
00551857

00004400
c0001403
d5550557
ffff53ff
ffaa56a8
00000000
3f552b54
ffff27ff
2aaa8aa8
00002800
00008800

00004400
eaaaaeab
ffffffff
ffffd3ff
2bea8be8
3ffff7fc
17d547d4
ffffa7ff
ffffdfff
d5555d57
00008800

2a00ae00
eaaaaeab
00005000
00008000
02801380
00000000
c1400043
00000000
00000000
d5555d57
d5005d00

2aaaaea8
c0001403
00000000
00000000
d7d555d7
ffffffff
2beaaae8
00008000
00000000
00002800
d5555d57

00000400
00001000
00000100
2aaa02a8
02800080
00000000
01400040
d5550557
00000000
00003000
00000800

00aa04a8
2aaaaaa8
2aaafba8
2aaa86a8
02d542d7
00ff04ff
01ea00e8
d5550557
d5555557
d5555557
00550857

00000400
eaaaaaab
00005000
00008400
00000000
00000000
00000100
00000000
00000000
d5554557
00000800

00000400
00001000
00000000
00000000
d5000400
ff00fb00
2a00aa00
00000000
00000000
00002000
00000800

00004400
00004400
00004000
00000000
00000000
00004800
00000200
00000000
00008000
0000a800
0000e800

2aaaeaa8
2aaaeaa8
ffffffff
ffffabff
ffffbbff
00007e00
ffffd7ff
ffff55ff
ffffffff
d555f557
d555f157

22226020
eaaaeaab
d5555157
d5551557
2affaaff
00000400
d5ff55ff
2aaaa8a8
2aaa08a8
d555f557
1111b113

0000c600
c0004503
d5555557
d5551557
00001000
00000200
00000000
2aaaa8a8
2aaa08a8
0000a800
0000a800

08884888
00004000
00000400
00000000
d5000100
00003000
2a008000
00000000
00000000
0000a000
c4448044

00004000
2aaaeaa8
2aaaaaa8
2aaaaaa8
2aaaaaa8
00000000
d5555f57
d5555557
d5555557
d555f557
00009000

2aaa60a8
eaaaeaab
d5554057
d5550157
ffffffff
0000ef00
ffffffff
2aaa08a8
2aaa08a8
d555f557
d555d457

22226020
00004000
d5555557
d5555557
00554557
00000f00
00aa80a8
2aaaa8a8
2aaaa8a8
0000a000
11118413

00000000
00000000
00000400
00000400
00000000
0000e000
00002000
00000000
00000000
00000000
00006000

08880088
2aaaaaa8
2aaaaaa8
2aaabaa8
ffaabaa8
00000000
ff555557
d5555557
d5555557
d5555557
c4442044

00002200
eaaaaaab
00000000
00004000
00000000
00000000
00000000
0000a000
0000a000
d5555557
00002400

2aaaaaa8
c0000003
00001100
00000000
d5555557
00000000
2aaaaaa8
00000000
00000000
00000000
d5557557

22220820
00000000
00000000
00000000
2affaaff
00000000
d5ff55ff
00000000
0000a000
00000000
11111013

00008000
2aaaaaa8
ffffffff
d5551557
00000000
00000000
00000000
2aaaaaa8
ffffffff
d5555557
00000000

08880088
eaaaabab
d5550157
2aaaaea8
ffaaffa8
00000000
ff55ff57
d5555557
2aaa08a8
d5555557
c4444144

00000800
00000000
00000000
00001008
00000100
00001400
00000000
00000200
00000000
00000000
00000000

2aaadaa8
c0005003
00000000
00000000
d5555557
00001500
2aaaaaa8
00000000
0000a000
00008200
d5559757

22221620
eaaabaab
ffffffff
d5551557
2affaaf7
00000100
d5ff55ff
2aaaa8a8
ffffffff
d5555557
11110813

00001000
eaaaaaab
d5510157
00000400
00001400
00000000
00000800
00000000
2aaa08a8
d5555557
00000500

0888d088
c0004003
00040000
2aaabaa8
ffaaeaa8
00000000
ff55f757
d5555557
00000000
00008000
c4449044

2a00ea00
00005000
d5550457
d5551457
00000000
00000000
00000000
2aaa88a8
2aaaaaa8
00008a00
d500d700

2aaaaea8
2aaabaa8
ffffbeff
d5551457
d5551557
00005600
2aaaaaa8
2aaaa8a8
ffffffff
d5515d57
d5555d57

00000000
2aaaaaa8
00000000
00000000
2affbeff
00001400
d5ff55ff
00000000
00000000
d5515d57
00000000

00aa40a8
00004000
00001000
00000000
2aaa8aa8
00000200
15554354
00002000
00000000
00008800
00558057

00005000
c0005603
d5554057
ffffc1ff
ffaa8ba8
00004000
3f55f954
ffff88ff
2aaa88a8
00008200
00008200

00001400
eaaabeab
ffffeaff
ffffc1ff
2beaabe8
3fffecfc
17d547d4
ffffbdff
fffffdff
d5555557
00000800

2a00ba00
eaaaacab
00000000
00000000
02804280
00000000
c1400143
00003500
00002000
d5555557
d5005500

2aaafaa8
c0004403
00000000
00000000
d7d555d7
ffffffff
2beaaae8
00000000
00000000
00008000
d555d557

00004000
00005400
00000000
2aaa80a8
02800080
00000000
01400040
d5550057
00000000
00008a00
00008200

00aa04a8
2aaabea8
2aaaeea8
2aaa80a8
02d502d7
00ff00ff
01ea01e8
d5551557
d5555557
d5555d57
00550857

00000000
eaaaaeab
00004400
00000000
00000400
00000000
00000100
00001500
00000000
d5555d57
00000000

00004000
00004400
00000000
00000000
d5001100
ff00ff00
2a00aa00
00000000
00000000
00008800
00008000

00000a00
00000000
00004000
00004000
00000500
00000800
00000200
00008000
00008000
00000000
00004100

3fff7ffc
2aaaaaa8
ffffffff
ffffffff
ffffafff
00004f00
fffff7ff
ffffffff
ffffffff
d5557557
ffffefff

22222420
eaaaaaab
d5550157
d5550157
2affaaff
00004600
d5ff45ff
2aaa3aa8
2aaa28a8
d5557557
11110413

00000000
c0000003
d5551557
d5555557
00000000
00000000
00000000
2aaaaaa8
2aaa2aa8
00000000
00000000

08880088
15551554
00000000
00004000
d5000000
00000100
2a00a000
00008000
00000000
2aaa00a8
c4440044

15555154
2aaaaaa8
2aaabea8
2aaabea8
2aaaeea8
00000000
d555fd57
d5555557
d5555757
ffff55ff
2aaaaaa8

2aaaaaa8
eaaaaaab
d5550157
d5551157
ffffffff
0000ff00
ffffefff
2aaa0aa8
2aaa0aa8
d5555557
d5555957

37770a74
15551554
d5555557
d5555557
00551057
0000c800
00aa02a8
2aaa9aa8
2aaaaaa8
00000000
3bbb1bbb

15552054
00001400
00001000
00004000
00000000
00001700
00000400
00008000
00008000
00000000
2aaa02a8

08888088
eaaafeab
2aaaeaa8
2aaaaea8
ffaaaba8
00002000
ff555557
d5555557
d5557557
ffffffff
c4444044

00000000
eaaaaaab
00000000
00000000
00000000
00002000
00002000
00000000
00000000
d5555557
00001400

3fffa0fc
00004000
00000400
00000000
d5555557
00002b00
2aaaa8a8
00000000
00000000
00000000
fffff7ff

37770474
15555154
00000000
00000000
2affabff
00000100
d5ff51ff
00000000
00000000
00000000
3bbba2bb

00008000
fffffbff
ffffffff
d5555557
00000000
00000800
00000000
2aaaaaa8
ffffffff
ffffffff
00004000

08882088
2aaaaaa8
d5550157
2aaaeea8
ffaafea8
00000200
ff55dd57
d555d557
2aa82aa8
d5555557
c4440144

00000600
00000000
00000000
00001000
00001000
00002000
00002000
00000001
00020000
00002000
00000000

2aaadea8
d5555457
00000000
00000000
d5555557
0000f200
2aaaaaa8
00000000
00000000
00002000
d5551457

22220020
ffffffff
ffffffff
d5555557
2affaaff
00000200
d5ffd7fe
2aaaaaa8
ffffffff
d5555557
11110013

00000800
eaaaaaab
d5540157
00004000
00004000
00001000
00000000
00008000
2aaa2aa8
d5557557
00001800

1dddd5dc
00000100
00010000
2aaabea8
ffaaafa8
0000c000
ff555d57
d5555557
00000000
00002000
eeeeaeec

2a006a00
15575054
d5550057
d5551457
00000000
00000000
00000000
2aaa0aa8
2aaa8aa8
2aaaa2a8
d5004400

2aaaaaa8
3ffffffc
ffffbeff
d5551457
d5555557
00004400
2aaaaaa8
2aaaaaa8
ffffffff
fffff7ff
d555c557

15559554
2aa8aba8
00001400
00000000
2affeeff
00004400
d5ff55ff
0000a000
00002000
d5555557
2aaa22a8

15ff55fc
c0000403
00000000
00000000
0000aa00
00000000
00004000
00000000
00000000
00000000
2affa2ff

00000000
d5551057
d5555457
ffff25ff
d500b100
00000000
2a00fa00
ffff83ff
2aaa82a8
2aaaa0a8
2aaa0ba8

00000000
ffffffff
ffffffff
ffffb5ff
15558a54
0000fb00
00001000
ffffffff
ffffffff
fffff7ff
00000000

3f55ff54
eaaaafab
00000100
00000000
00000000
00000000
c0000003
00007000
00002000
d5555557
ffaaffa8

2aaaaaa8
c0004003
00000000
00009000
d5555557
ffffffff
2aaaaaa8
00000c00
00000800
00000200
d5555557

00000000
15551154
00001000
2aaa20a8
00000000
00000000
00000000
d5550157
00000000
2aaaa0a8
00000000

15ff55fc
3ffffbfc
2aaafba8
2aaaa0a8
02d553d7
00ff00ff
00aa00a8
d5554557
d5555557
fffef7ff
2affaaff

15555554
eaaaeaab
00004100
00008000
02800080
00000000
00000000
00004000
00000000
d5545557
2aaaaaa8

15555154
00000000
00000000
00000000
d5000400
ff00ff00
2a00aa00
00000400
00000000
00000200
2aaa00a8

22220620
00004400
00000000
00000000
00000000
00000400
00000000
00000000
00008000
00002800
11113d13

2aaaaaa8
2aaaaaa8
ffffffff
ffffaaff
fffffbff
00000400
ffffffff
ffffd7ff
ffffffff
d5557757
d5555557

00000000
eaaaaaab
d5555057
d5551157
2affaaff
00000000
d5ff55ff
2aaa20a8
2aaa20a8
d5557557
00000000

08888888
c0000003
d5555457
d5555157
00000000
00000000
00000000
2aaa20a8
2aaa22a8
00002000
c4442044

00002400
00000500
00000000
00004000
d5005100
00000000
2a00aa00
00000000
00000200
00002000
00006000

22202220
2aaaaba8
2aaaaea8
2aaaaaa8
2aaaaea8
00000000
d5555557
d5555557
d5555557
d5557557
11100113

2aaaaaa8
eaaaabab
d5550057
d5550057
ffffffff
0001c400
ffffffff
2aaa20a8
2aaa28a8
d5557557
d5545557

00000800
00000100
d5555457
d5551057
00544057
0001c000
00aa80a8
2aaaa0a8
2aaaa8a8
00002000
00002000

088a0088
00000100
00004000
00000000
00010000
00000400
00000000
00000000
00000000
00000000
c4447444

00008000
eaaaabab
2aaaaaa8
2aaaaaa8
ffaabba8
00000000
ff557f57
d5555557
d5555557
d5555557
00000000

22222220
eaaaabab
00001400
00001000
00000100
00000200
00000000
00008000
00008000
d5555557
11111013

2aaa2aa8
00000100
00000000
00000000
d5555557
00000b00
2aaaa8a8
00000000
00000000
00000000
d5553157

00000000
00000100
00000000
00000000
2affaaff
00000800
d5ff5dff
00000000
00000000
00000000
00002000

08880888
eaaaabab
ffffffff
d5555057
00000000
00000100
00000000
2aaa20a8
ffffffff
d5555557
c4440144

00000000
2aaaaba8
d5551057
2aaaeaa8
ffaafea8
00000000
ff55f557
d5555557
2aaa20a8
d5555557
00000000

22222220
00000100
00000000
00000000
00004000
00000000
00000000
00000000
00000000
00000000
11102113

2aaabaa8
c0001003
00000000
00000000
d5555157
000c4500
2aaaaaa8
00000000
00000000
00000000
d5555157

00001000
eaaafaab
ffffffff
d5555057
2afbabff
000c4100
d5f755ff
2aaa20a8
ffffffff
d555d757
00001000

08889888
eaaafaab
d5551057
00004000
00040000
00000000
00080000
00000000
2aaa20a8
d555d557
c4454044

00001000
00001000
00000000
2aaaaaa8
ffaabaa8
00000400
ff55ff57
d5555557
00000000
00000000
00000000

2a00aa00
00000100
d5550057
d5551057
00000000
00000000
00000000
2aaa80a8
2aaa88a8
00000000
d5005500

2aaabaa8
2aaafba8
ffffaaff
d5551557
d5555457
00000500
2aaaaaa8
2aaa82a8
ffffdfff
d555d557
d5555557

00001000
2aaafba8
00000000
00000500
2affaaff
00000000
d5ff55ff
00000000
00000200
d555d557
00000000

00aa01a8
c0000103
00000000
00000000
2aaaa6a8
00000400
15550154
00000200
00000000
00000000
00550057

00000000
c0000103
d5550057
ffff75ff
ffaadaa8
00000100
3f55aa54
fffd02ff
2aaa82a8
00000000
00000000

00000000
eaaaabab
ffffefff
ffff75ff
2bea09e8
3fffd3fc
17d553d4
ffff4aff
ffffdfff
d555dd57
00000800

2a00ba00
eaaafbab
00004500
00000000
02800080
00000000
c1400343
00004000
00000800
d555f557
d5007500

2aaabaa8
c0001103
00000000
00000000
d7d555d7
ffffffff
2beaaae8
00020800
00000000
00002000
d5557557

00000000
00004100
00000000
2aaa20a8
02800080
00000000
01400040
d5550057
00000000
00000000
00000000

00aa10a8
2aaafba8
2aaaaaa8
2aaa20a8
02d500d7
00ff00ff
01ea00e8
d5554057
d5555757
d555d557
00550257

00001000
eaaafbab
00000000
00000000
00000200
00000000
00000000
00004000
00000200
d555f557
00002000

00000100
00000100
00000000
00000000
d5005500
ff00ff00
2a00a800
00000000
00000000
00000000
00000200

22233020
00011100
00000000
00000000
00000100
00004000
00000000
00000000
00000000
00022000
11123013

2aabbaa8
2aabbba8
ffffffff
ffffaaff
ffffbfff
00004900
ffffffff
fffd55ff
ffffffff
d557fd57
d557f557

00019200
eaabbbab
d5554057
d5551457
2affaaff
00000000
d5ff55ff
2aa8a0a8
2aa808a8
d557ff57
0003a000

08895888
c0015103
d5555057
d5551557
00000000
00000900
00000800
2aa8a0a8
2aa828a8
0002a200
c446e444

00010000
00010100
00001000
00000000
d5001400
00000000
2a00a200
00000000
00002000
00020000
00020100

2223aa20
2aababa8
2aaaaaa8
2aaaaba8
2aaaaaa8
00001000
d5555557
d5555557
d5555557
d5555d57
11110013

2aaaaaa8
eaaaabab
d5550057
d5515057
ffffefff
00001b00
ffffffff
2aaaa0a8
2aa808a8
d5555f57
d5554457

00010000
00010100
d5551057
d5555057
00550157
00000b00
00aa0aa8
2aaaa0a8
2aa888a8
00020200
00024000

08891088
00011000
00000000
00000000
00000000
00000000
00000000
00000000
00008000
00022000
c4462c44

00011000
2aabbaa8
2aaaaaa8
2aaeaaa8
ffaaeea8
00000000
ff55f557
d5555557
d5555557
d557fd57
0002a800

22233220
eaabbaab
00001000
00000000
00004000
00000000
00000a00
00000000
00000000
d557fd57
1113b813

2aabf2a8
c0015003
00000000
00000000
d5555557
0000ea00
2aaa8aa8
00000000
00000000
0002a000
d557fd57

00010100
00010100
00000000
00000000
2affaaff
00008000
d5ffd5ff
00000000
00000000
00020000
00020900

08880188
2aaaaba8
ffffffff
d5551057
00000000
00006a00
00000000
2aa820a8
ffffffff
d555dd57
c4448c44

0000c100
eaaaebab
d5551057
2aaaaaa8
ffaabfa8
00000000
ff555557
d5555557
2aa820a8
d555dd57
0000c800

22236120
00014100
00000000
00000000
00000000
00001000
00000000
00000000
00000000
00028000
1113d913

2aaaaca8
c0000403
00000000
00000000
d5554557
00003000
2aaaaaa8
00000000
00000000
00000000
d5575557

00000100
eaaaabab
ffffffff
d5551057
2affaaff
00002000
d5ff55ff
2aa820a8
ffffffff
d5555557
00020000

08888d88
eaaaafab
d5551057
00000000
00000000
00000000
00002000
00000000
2aa820a8
d5555d57
c4440844

00004400
c0004403
00000000
2aaaaaa8
ffaaefa8
00000000
ff55df57
d5555557
00000000
00008000
00008400

2a00ae00
00000400
d5551057
d5555557
00000000
00000100
00000000
2aa8a2a8
2aaa22a8
00000000
d5025400

2aaaafa8
2aaaafa8
ffffffff
d5555557
d5555457
000c4100
2aaaaaa8
2aa8a2a8
ffffffff
d5555557
d5575557

00000500
2aaaafa8
00004400
00000000
2afbaaff
000c4000
d5f755ff
00000000
00008000
d5555d57
00000900

00aa04a8
00000400
00000100
00000000
2aaee8a8
00000000
155d5554
00000000
00000800
00000000
00550057

00001400
c0001403
d5551557
fffd71ff
ffaabca8
00000000
3f55fa54
fffd88ff
2aa808a8
00002000
00022000

00005100
eaaafbab
ffffffff
fffd71ff
2bea21e8
3ffd36fc
17d413d4
fffd89ff
fffdfdff
d5557757
00022200

2a00fb00
eaaafbab
00000000
00000000
02808080
00000000
c1410043
00000100
00000000
d5557557
d5007500

2aaafea8
c0005403
00004000
00000000
d7d5d5d7
ffffefff
2bebaae8
00000000
0000a000
0000a000
d555f557

00001000
00001000
00000000
2aa830a8
02800080
00000000
01400040
d5550057
00000000
00002000
00022000

00aa51a8
2aaafba8
2aaaaaa8
2aa830a8
02d500d7
00ff00ff
01ea01e8
d5550057
d5555557
d5557557
00572057

00005000
eaaafbab
00000000
00000000
00000200
00000000
00000100
00000000
00000000
d555f557
0000a000

00005000
00005100
00000000
00000000
d5005500
ff00ef00
2a00aa00
00000000
00000000
0000a000
0000a000

00020200
15545154
00000000
00000000
00000000
00000400
00028000
00000000
00000000
2aa828a8
00000400

3fff7ffc
3ffffbfc
ffffffff
ffffffff
ffffbbff
0002ec00
fffff7ff
ffffffff
ffffffff
ffff7dff
ffffbfff

22202020
eaaaaaab
d5551057
d5555057
2affaaff
00000000
d5fd75ff
2aa82aa8
2aa820a8
d5575557
11111113

00000000
c0010003
d5555157
d5555057
00000000
0002e800
00000000
2aa8aaa8
2aa8a0a8
00000000
00000000

08880888
15545154
00004100
00000000
d5001100
00000000
2a000200
00008000
00008000
2aaa28a8
c4440044

15557554
3ffffbfc
2aaaaaa8
2aaaaaa8
2aaaaaa8
00004000
d555d557
d5555557
d5555557
ffff7dff
2aaaeaa8

2aaa2aa8
eaaaaaab
d5555157
d5550057
ffffffff
0001e300
ffffffff
2aa222a8
2aa822a8
d5555557
d5555457

37741a74
00010000
d5555157
d5555057
00540057
00018000
00aa02a8
2aaaaaa8
2aa8aaa8
00000000
3bb810bb

15560054
15544154
00000000
00001000
00010000
00002300
00003100
00000800
00000800
2aaa28a8
2aa904a8

08880088
fffefbff
2aaaaaa8
2aaaaaa8
ffaaffa8
00000000
ff555d57
d55d5557
d5555557
ffff7dff
c4440044

00021000
eaaaaaab
00000000
00004000
00000000
00000000
00000000
00008000
00008000
d5555557
00000100

3ffe6bfc
00001000
00000000
00000000
d5555557
00001800
2aaaaaa8
00000000
00000000
00000000
fffc3dff

37746b74
15540054
00000000
00000000
2affbaff
00001800
d5ff4cff
00000000
00000000
00000000
3bba38bb

00000000
fffebeff
ffffefff
d5555157
00000000
00000000
00000000
2aa8aaa8
ffffffff
d5555557
00020000

08880088
2aaaaaa8
d5554057
2aaaaaa8
ffaaefa8
00000000
ff55f757
d555dd57
2aa822a8
d5555557
c4440444

00008800
00001400
00000000
00000100
00000000
00000000
00000000
00000000
00000000
00000000
00000400

2aabdda8
d5541057
00000000
00000000
d5555557
000c4100
2aaaaaa8
00000000
00000000
00000800
d5551557

22200020
fffffeff
ffffffff
d5555057
2afbebff
000c0000
d5f755ff
2aa8aaa8
ffffffff
d5555d57
11100013

00020000
eaabeeab
d5555057
00000000
00040000
00004100
00080000
00008800
2aa822a8
d5555557
00011000

1ddd55dc
00000000
00000000
2aaaaaa8
ffaabea8
00000000
ff55ff57
d5555557
00000000
2aaaaaa8
eeeeabec

2a002a00
00014500
d5554057
d5550557
00001000
00000000
00008000
2aaa22a8
2aa82aa8
00002000
d5004100

2aaaaaa8
2aabffa8
fffffbff
d5555557
d5555557
0000b000
2aaaaaa8
2aaaaaa8
ffff7fff
d5555557
d5555557

15555554
2aaaaaa8
00001100
00005000
2affaaff
0000b000
d5ff55ff
00008800
00000000
d5555557
2aaabea8

15ff55fc
c0001003
00000000
00000000
0000a800
00000000
00003000
00000000
00020000
2aaa8aa8
2aff8aff

15540054
c0000003
d5550157
fffd66ff
d500cf00
00000000
2a001a00
ffff26ff
2aaaa2a8
00000000
2aaa22a8

00008000
ffffefff
ffffffff
fffd7fff
15540054
00009800
00000000
ffffeeff
fffff7ff
fffd77ff
00000000

3f55ff54
eaaaaaab
00000400
00001800
00004000
00008000
c0000003
0000c800
00000000
fffd57ff
ffaaffa8

2aaaaaa8
c0000003
00005000
00000100
d555d557
ffffffff
2aabaaa8
00000000
00000000
00000000
d5555557

00000000
15554554
00004000
2aa822a8
00008000
00000000
00010800
d5550057
00000800
00002000
00000000

15ff55fc
2aaaaaa8
2aaafea8
2aa86aa8
02d516d7
00ff40ff
00aa00a8
d555d057
d5555d57
d5555557
2affaaff

15555554
eaaaaaab
00001400
00004800
02800080
00000000
00000000
0000c000
00000000
d555dd57
2aaaaaa8

15555554
00000000
00000000
00000000
d5000100
ff003f00
2a00a200
00001000
00000000
00008800
00000000

00008000
00000000
00000000
00000000
00000400
00000000
00000800
00000000
00000000
00000000
00000400

2aaa80a8
2aaabaa8
ffffffff
fffeeeff
ffffffff
0000ef00
ffffffff
ffff55ff
ffffffff
d5577557
d5545557

22221120
eaabbaab
d5545557
d5541157
2affeaff
00002200
d5ffd7ff
2aa80aa8
2aa800a8
d5577557
11106213

00001100
c0010003
d5545557
d5545557
00000000
0000cd00
00002000
2aa88aa8
2aa880a8
00020000
00003300

08880088
00000000
00000000
00000400
d5001100
00000000
2a000000
00000000
00000000
00002000
c4440844

00002000
2aaaaaa8
2aaaaaa8
2aaaeaa8
2aaabba8
00001100
d555d757
d555d557
d555d557
d557f557
00000900

2aaabfa8
eaabeaab
d5541057
d5541157
ffffbfff
0003ff00
ffffffff
2aaa22a8
2aa800a8
d557f557
d5553f57

22209320
00014000
d5545557
d5545557
00540057
00036200
00a828a8
2aaaaaa8
2aa8aaa8
0002a000
11112a13

00000000
00000000
00000400
00000400
00000400
00008000
00020000
00000800
00002800
00000800
00000000

088a0888
eaaabaab
2aaaaba8
2aaaeaa8
ffabaaa8
00000c00
ff555557
d5555557
d5555557
d5577d57
c4449444

00005b00
eaabbbab
00004000
00000000
00014000
00000000
00008000
00000000
00000200
d5577d57
0000a300

2aa87ba8
00010000
00000000
00000000
d5555557
0001c000
2aaaaaa8
00008000
00008000
00020800
d555e757

22202020
00000000
00000000
00000000
2afeaaff
0000c000
d5ff57ff
00002000
00000000
00002a00
11110813

00000000
eaaabaab
ffffffff
d5545557
00000000
00010000
00000000
2aa8aaa8
ffff7fff
d557ff57
0000cc00

08885488
2aabfaa8
d5541157
2aaaaea8
ffaabfa8
00000000
ff557d57
d5555d57
2aa802a8
d557ff57
c444aa44

00005100
00014000
00000000
00004000
00000100
00004000
00000000
00000000
00000000
0002aa00
0000e800

2aaaa8a8
c0001003
00000000
00000000
d5554157
00005500
2aaaaaa8
00000000
00000000
00000200
d5555057

22228820
eaaabaab
ffffffff
d5545557
2affaaff
00001000
d5ff55ff
2aa88aa8
ffff7fff
d5555757
11101013

00001100
eaaabaab
d5541157
00000400
00004000
00000400
00000000
00000800
2aa802a8
d5555757
0000a200

08893188
00011000
00000000
2aaaeaa8
ffaaaaa8
00000100
ff55ff57
d5555557
00000000
00020200
c4472244

2a00a800
00001400
d5544157
d5540557
00000000
00000000
00000000
2aa800a8
2aaa08a8
00000200
d5004500

2aabaaa8
2aabbaa8
ffffffff
d5541557
d5555557
00002400
2aaaaaa8
2aa8a8a8
ffff7dff
d5555757
d5555557

00011100
2aabbaa8
00010000
00000000
2affafff
00002400
d5ff55ff
0000a800
00000000
d5555757
00002200

00ab13a8
c0011003
00001400
00001000
2aa888a8
00000000
15546154
00000000
00002000
00020200
00573257

00000000
c0000003
d5540557
fffd01ff
ffaa50a8
00000000
3f54de54
fffc31ff
2aa880a8
00000000
00000000

00000000
eaaaaaab
fffeafff
fffd1fff
2be8a3e8
3fff8dfc
17d547d4
fffcffff
fffdddff
d5555557
00000000

2a00bb00
eaaaabab
00000000
00000a00
02808080
00000000
c1410843
00008e00
00000800
d5555557
d5006700

2aaabba8
c0000003
00000000
00001400
d7d5d5d7
ffffffff
2beb8ae8
00004000
00000000
00000000
d5557757

00000100
00003000
00000000
2aa800a8
02800080
00000000
01400040
d5541157
00002000
00002200
00000000

00ab00a8
2aabbaa8
2aaaaaa8
2aa80aa8
02d502d7
00ff00ff
01ea00e8
d5545557
d5557d57
d5557757
00550257

00011100
eaab9aab
00000000
00000a00
00000200
00000000
00000000
00000400
00000800
d5577757
00022200

00011100
00011000
00000000
00000000
d5005500
ff00ff00
2a008200
00004000
00000000
00022200
00023200

22222220
00000000
00000000
00000000
00550057
00000000
00aa00a8
00000000
00000000
00000000
11111113

2aaaaaa8
2aaaaaa8
ffffffff
ffffefff
ffffffff
00000000
ffffffff
ffffdfff
ffffffff
d5555557
d5555557

00000000
eaaaaaab
d5554557
d5554557
2aaaaaa8
00000000
d5555557
2aaaaaa8
2aaaaaa8
d5555557
00000000

08888888
c0000003
d5554557
d5554557
d5005500
00000000
2a00aa00
2aaaaaa8
2aaaaaa8
00000000
c4444444

00001000
00001000
00000000
00000000
00000000
00000000
00000000
00000000
00000000
00002000
00002000

22223220
2aaabaa8
2aaaaaa8
2aaaaaa8
2affaaff
00000000
d5ff55ff
d5555557
d5555557
d5557557
11113113

2aaabaa8
2aaabaa8
d5554557
d5554557
ffffffff
00000000
ffffffff
2aaaaaa8
2aaaaaa8
d5557557
d5557557

00001000
00001000
d5554557
d5554557
00000000
00000000
00000000
2aaaaaa8
2aaaaaa8
00002000
00002000

08888888
00000000
00000000
00000000
d5005500
00000000
2a00aa00
00000000
00000000
00000000
c4444444

00000000
2aaaaaa8
2aaaaaa8
2aaaaaa8
2aaaaaa8
00000000
d5555557
d5555557
d5555557
d5555557
00000000

22220220
eaaaaaab
00000000
00000000
00550057
00000000
00aa00a8
00000000
00000000
d5555557
11111113

2aaaaaa8
c0000003
00000000
00000000
d5555557
00000000
2aaaaaa8
00000000
00000000
00000000
d5555557

00001000
00001000
00000000
00000000
2aaaaaa8
00000000
d5555557
00000000
00000000
00002000
00002000

08889888
2aaabaa8
fffffeff
d5555557
d5005500
00000000
2a00aa00
2aaaaaa8
ffffffff
d5557557
c4446444

00003000
2aaabaa8
d5555457
2aaaaaa8
2aaaaaa8
00000000
d5555557
d5555557
2aaaaaa8
d5557557
00002000

22223220
00001000
00000000
00000000
00550057
00000000
00aa00a8
00000000
00000000
00002000
11112113

2aaaaaa8
c0000003
00000000
00000000
d5555557
00000000
2aaaaaa8
00000000
00000000
00000000
d5555557

00000000
eaaaaaab
ffffffff
d5554557
2aaaaaa8
00000000
d5555557
2aaaaaa8
ffffffff
d5555557
00000000

08889888
eaaabaab
d5554557
00000000
d5005500
00000000
2a00aa00
00000000
2aaaaaa8
d5557557
c4446444

00001000
c0001003
00000000
2aaaaaa8
2aaaaaa8
00000000
d5555557
d5555557
00000000
00002000
00003000

00000000
00000000
d5554557
d5554557
00550057
00000000
00aa00a8
2aaaaaa8
2aaaaaa8
00000000
00000000

2a00aa00
2aaaaaa8
ffffefff
d5555557
d5555557
00000000
2aaaaaa8
2aaaaaa8
ffffffff
d5555557
d5004500

00001000
eaaabaab
00000000
00000000
2aaaaaa8
00000000
d5555557
00000000
00000000
d5557557
00002000

00001000
00001000
00000000
00001000
ffaaffa8
00000000
3f55ff54
00000000
00000000
00002000
00002000

2a00aa00
c0000003
d5555557
ff55ff57
2aaaaaa8
00000000
15555554
ffaaffa8
2aaaaaa8
00000000
d5004500

00000000
eaaaaaab
ffffffff
ffffffff
2beaabe8
3ffffffc
17d557d4
ffffffff
ffffffff
d5555557
00000000

00001000
eaaabaab
00000000
00aa00a8
00000000
00000500
c0010003
00550057
00000000
d5557557
00002040

2a00ba00
c0001003
00000000
00000000
d5005500
ff00ff00
2a01aa00
00000000
00000000
00002000
d5007540

00000000
00000000
00000000
2a00ab00
00000000
00000000
00000000
d5004540
00000000
00001100
00000000

00000000
2aaaaaa8
2aaaaaa8
2aaaafa8
00000000
00000000
00000000
d5554557
d5555557
d5555557
00000000

2a00ba00
2aaabaa8
00000000
00aa00a8
d7805780
ff00fa00
2b40ab40
00550017
00000000
d5556457
d5007500

00001000
00001000
00000000
00000400
00000000
00000000
00000000
00000000
00000000
00002000
00002000

22222220
00000000
00000000
00000000
00550057
00000000
00aa00a8
00000000
00000000
00000000
11110113

3ffffffc
2aaaaaa8
ffffffff
ffffffff
ffffffff
00000000
ffffffff
ffffffff
ffffffff
d5555557
ffffefff

00000000
eaaaaaab
d5555557
d5555557
2aaaaaa8
00000000
d5555557
2aaaaaa8
2aaaaaa8
d5555557
00000000

08888888
c0000003
d5555557
d5555557
d5005500
00000000
2a00aa00
2aaaaaa8
2aaaaaa8
00000000
c4444444

00000000
15555554
00000000
00000000
00000000
00000000
00000000
00000000
00000000
2aaaaaa8
00000000

37775774
2aaaaaa8
2aaaaaa8
2aaaaaa8
2affbaff
00000000
d5ff55ff
d5555557
d5555557
ffffdfff
3bbbbbbb

2aaaaaa8
2aaaaaa8
d5555557
d5555557
ffffffff
00001000
ffffffff
2aaaaaa8
2aaaaaa8
d5555557
d5555557

15555554
15555554
d5555557
d5555557
00000000
00000000
00000000
2aaaaaa8
2aaaaaa8
00002000
2aaaaaa8

1dddeddc
00000000
00000000
00000000
d5004500
00000000
2a00aa00
00000000
00000000
00000000
eeeeceec

00000000
eaaabaab
2aaaaaa8
2aaaaaa8
2aaaaaa8
00001000
d5555557
d5555557
d5555557
ffffffff
00000000

22223220
eaaaaaab
00000000
00000000
00550057
00000000
00aa00a8
00000000
00000000
d5555557
11113113

3ffffffc
00001000
00000000
00000000
d5555557
00000000
2aaaaaa8
00000000
00000000
00000000
ffffffff

15555554
15555554
00000000
00000000
2aaaaaa8
00000000
d5555557
00000000
00000000
00000000
2aaaaaa8

08888888
3ffffffc
ffffffff
d5555557
d5005500
00000000
2a00aa00
2aaaaaa8
ffffffff
ffffffff
c4444444

00000000
2aaaaaa8
d5555557
2aaaaaa8
2aaaaaa8
00000000
d5555557
d5555557
2aaaaaa8
d5555557
00000000

22222220
00000000
00000000
00000000
00550057
00000000
00aa00a8
00000000
00000000
00000000
11111113

3ffffffc
d5555557
00000000
00000000
d5555557
00008000
2aaa2aa8
00000000
00000000
00000000
ffffffff

00001000
ffffffff
ffffffff
d5555557
2aaaaaa8
00008000
d5555557
2aaaaaa8
ffffffff
d5555557
00002000

08888888
eaaaaaab
d5555557
00000000
d5005500
00000000
2a002a00
00000000
2aaaaaa8
d5555557
c4444444

15555554
00000000
00000000
2aaaaaa8
2aaaaaa8
00000000
d5555557
d5555557
00000000
00000000
2aaaaaa8

00000000
15555554
d5554557
d5555557
00550057
00000000
00aa00a8
2aaa8aa8
2aaa8aa8
2aaaaaa8
00000000

2a00aa00
ffffffff
ffffefff
d5555557
d5555557
00000000
2aaaaaa8
2aaa8aa8
ffffdfff
ffffffff
d5005000

15555554
2aaaaaa8
00000000
00000000
2aaaaaa8
00000000
d5555557
00000000
00000000
d5555557
2aaaaaa8

15555554
c0000003
00000000
00000000
d5005500
00000000
2a00ba00
00000000
00000000
00000000
2aaaaaa8

2a00aa00
d5555557
d5554557
ff55ef57
00000000
00000000
00000000
ffaadaa8
2aaa8aa8
2aaaaaa8
ffaafaa8

00000000
ffffffff
ffffefff
ffffffff
15557554
00000000
00000000
ffffdaff
ffffdfff
ffffffff
00000000

15555554
eaaaaaab
00000000
00aa10a8
00005000
00000000
c0000003
00550057
00000000
d5555557
2aaaaaa8

2a00aa00
c0000003
00000000
00000000
d500d500
ff00ff00
2a01aa00
00000000
00000000
00000000
d5005500

00000000
15555554
00005000
2a00aa00
00008000
00000000
00010000
d5005500
00000000
2aaaaaa8
00000000

15555554
3ffffffc
2aaafaa8
2aaaaaa8
02800280
00000000
00000000
d5555557
d5555557
ffffffff
2aaaaaa8

3f55ff54
2aaaaaa8
00000000
00aa00a8
d7800780
ff00ff00
2a00aa00
00550057
00000000
d5555557
ffaaffa8

15555554
00000000
00000000
00000000
00000000
00000000
00000000
00000000
00000000
00000000
2aaaaaa8

00000000
00000000
00000000
00000000
00550057
00000000
00aa00a8
00000000
00000000
00000000
00000000

2aaabaa8
2aaabaa8
ffffffff
ffffefff
ffffffff
00000000
ffffffff
ffffdfff
ffffffff
d5557557
d5557557

22223220
eaaabaab
d5555557
d5554557
2aaaaaa8
00000000
d5555557
2aaaaaa8
2aaaaaa8
d5557557
11113113

00000000
c0000003
d5555557
d5554557
d5005500
00000000
2a00aa00
2aaaaaa8
2aaaaaa8
00000000
00000000

08888888
00000000
00000000
00000000
00000000
00000000
00000000
00000000
00000000
00000000
c4444444

00001000
2aaabaa8
2aaaaaa8
2aaaaaa8
2affaaff
00000000
d5ff55ff
d5555557
d5555557
d5557557
00002000

2aaabaa8
2aaabaa8
d5555557
d5555557
ffffffff
00000000
ffffffff
2aaaaaa8
2aaaaaa8
d5557557
d5557557

22222220
00000000
d5555557
d5555557
00000000
00000000
00000000
2aaaaaa8
2aaaaaa8
00000000
11111113

00000000
00000000
00000000
00000000
d5005500
00000000
2a00aa00
00000000
00000000
00000000
00000000

08889888
eaaabaab
2aaaaaa8
2aaaaaa8
2aaaaaa8
00000000
d5555557
d5555557
d5555557
d5557557
c4446444

00001000
eaaabaab
00000000
00000000
00550057
00000000
00aa00a8
00000000
00000000
d5557557
00002000

2aaaaaa8
00000000
00000000
00000000
d5555557
00000000
2aaaaaa8
00000000
00000000
00000000
d5555557

22222220
00000000
00000000
00000000
2aaaaaa8
00000000
d5555557
00000000
00000000
00000000
11111113

00001000
2aaabaa8
ffffffff
d5555557
d5005500
00000000
2a00aa00
2aaaaaa8
ffffffff
d5557557
00002000

08889888
2aaabaa8
d5555557
2aaaaaa8
2aaaaaa8
00000000
d5555557
d5555557
2aaaaaa8
d5557557
c4446444

00000000
00000000
00000000
00000000
00550057
00000000
00aa00a8
00000000
00000000
00000000
00000000

2aaaaaa8
c0000003
00000000
00000000
d5555557
00000000
2aaaaaa8
00000000
00000000
00000000
d5555557

22222220
eaaaaaab
ffffffff
d5555557
2aaaaaa8
00000000
d5555557
2aaaaaa8
ffffffff
d5555557
11111113

00000000
eaaaaaab
d5555557
00000000
d5005500
00000000
2a00aa00
00000000
2aaaaaa8
d5555557
00000000

08888888
00000000
00000000
2aaaaaa8
2aaaaaa8
00000000
d5555557
d5555557
00000000
00000000
c4444444

00000000
00000000
d5555557
d5555557
00554057
00000000
00aa80a8
2aaaaaa8
2aaaaaa8
00000000
00000000

2a00a200
eaaaaaab
ffffffff
d5555557
d5555557
0000c000
2aaaaaa8
2aaaaaa8
ffffffff
d5555557
d5005500

00000000
2aaaaaa8
00000000
00000000
2aaaaaa8
00000000
d5555557
00000000
00000000
d5555557
00000000

00000000
c0000003
00000000
00000000
ffaabfa8
00000000
3f557f54
00000000
00000000
00000000
00000000

2a00b200
c0001003
d5555557
ff55f757
2aaaaaa8
0000c000
15555554
ffaaffa8
2aaaaaa8
00002000
d5007500

00001000
eaaabaab
ffffffff
fffff7ff
2beaabe8
3ffffffc
17d557d4
ffffffff
ffffffff
d5557557
00002000

00001000
eaaabaab
00000000
00aa00a8
00000000
00000000
c0008003
00550057
00000000
d5557557
00002000

2a00ba00
c0001003
00000000
00000000
d5005500
ff00ff00
2a00aa00
00000000
00000000
00002000
d5007500

00001000
00001000
00000000
2a00aa00
00000000
00000000
00000000
d5005500
00008000
00002000
00002000

00001000
2aaabaa8
2aaaaaa8
2aaaaaa8
00000000
00000000
00000000
d5555557
d555d557
d5557557
00002000

2a00ba00
2aaabaa8
00000000
00aa00a8
d7805780
ff00ff00
2b402b40
00550057
00000000
d5557557
d5007500

00001000
00001000
00000000
00000000
00000000
00000000
00000000
00000000
00000000
00002000
00002000

00000000
00000000
00000000
00000000
00550057
00000000
00aa00a8
00000000
00000000
00000000
00000000

2aaaaaa8
2aaaaaa8
ffffffff
ffffefff
ffffffff
00000000
ffffffff
ffffdfff
ffffffff
d5555557
d5555557

22222220
eaaaaaab
d5555557
d5550557
2aaaaaa8
00000000
d5555557
2aaaaaa8
2aaaaaa8
d5555557
11111113

00000000
c0000003
d5555557
d5554557
d5005500
00000000
2a00aa00
2aaaaaa8
2aaaaaa8
00000000
00000000

08889888
00001000
00000000
00000000
00000000
00000000
00000000
00000000
00000000
00002000
c4446444

00001000
2aaabaa8
2aaaaaa8
2aaaeaa8
2affaaff
00000000
d5ff55ff
d5555557
d5555557
d5557557
00002000

2aaabaa8
2aaabaa8
d5551557
d5555557
ffffffff
00000000
ffffffff
2aaaaaa8
2aaa2aa8
d5557557
d5557557

22223220
00001000
d5555557
d5555557
00000000
00000000
00000000
2aaaaaa8
2aaaaaa8
00002000
11113113

00000000
00000000
00000000
00000000
d5005500
00000000
2a00aa00
00000000
00000000
00000000
00000000

08888888
2aaaaaa8
2aaaaaa8
2aaaaaa8
2aaa2aa8
00000000
d5555557
d5555557
d5555557
d5555557
c4444444

00000000
eaaaaaab
00004000
00000000
00550057
00000000
00aa00a8
00000000
00008000
d5555557
00000000

2aaaaaa8
c0000003
00000000
00000000
d5555557
00000000
2aaaaaa8
00000000
00000000
00000000
d5555557

22223220
00001000
00000000
00000000
2aaa2aa8
00000000
d5555557
00000000
00000000
00002000
11113113

00001000
2aaabaa8
ffffffff
d5555557
d5005500
00000000
2a00aa00
2aaaaaa8
ffffffff
d5557557
00002000

08889888
2aaabaa8
d5555557
2aaaaaa8
2aaaaaa8
00000000
d5555557
d5555557
2aaaaaa8
d5557557
c4446444

00001000
00001000
00000000
00000000
00550057
00000000
00aa00a8
00000000
00000000
00002000
00002000

2aaaaaa8
c0000003
00000000
00000000
d5555557
00000000
2aaaaaa8
00000000
00000000
00000000
d5555557

22222220
eaaaaaab
ffffffff
d5555557
2aaaaaa8
00000000
d5555557
2aaaaaa8
ffff7fff
d5555557
11111113

00000000
eaaaaaab
d5555557
00000000
d5005500
00000000
2a00aa00
00000000
2aaa2aa8
d5555557
00000000

08888888
c0000003
00000000
2aaaaaa8
2aaaaaa8
00000000
d5555557
d5555557
00000000
00000000
c4444444

00000000
00000000
d5555557
d5555557
00550057
00000000
00aa00a8
2aaaaaa8
2aaaaaa8
00000000
00000000

2a00a200
2aaaaaa8
ffffffff
d5555557
d5555557
00000000
2aaaaaa8
2aaaaaa8
ffffffff
d5555557
d5004500

00000000
eaaaaaab
00000000
00000000
2aaaaaa8
00000000
d5555557
00000000
00000000
d5555557
00000000

00000000
00000000
00000000
00000000
ffaaffa8
00000000
3f55ff54
00000000
00000000
00000000
00000000

2a00b200
c0001003
d5555557
ff557757
2aaaaaa8
00000000
15555554
ffaabfa8
2aaaaaa8
00002000
d5006500

00001000
eaaabaab
ffffffff
fffff7ff
2beaabe8
3ffffffc
17d557d4
ffffbfff
ffffffff
d5557557
00002000

00001000
eaaabaab
00000000
00aa80a8
00000000
00000100
c0000003
00550057
00000000
d5557557
00002000

2a00ba00
c0001003
00000000
00000000
d5005500
ff00ff00
2a002a00
00000000
00000000
00002000
d5007500

00001000
00001000
00000000
2a002b00
02800280
00000000
01400140
d5000500
00008000
00002000
00002000

00001000
2aaabaa8
2aaaaaa8
2aaaafa8
02800280
00000000
01400140
d5551d57
d555d557
d5557557
00002000

2a00ba00
2aaabaa8
00000000
00aa84a8
d7805780
ff00fe00
2b402b40
00551857
00000000
d5557557
d5007500

00001000
00001000
00000000
00000000
00000000
00000000
00000000
00000000
00000000
00002000
00002000

22222220
15555554
00000000
00000000
00550057
00000000
00aa00a8
00000000
00000000
2aaaaaa8
11111113

3ffffffc
3ffffffc
ffffffff
ffffffff
ffffffff
00000000
ffffffff
ffffffff
ffffffff
ffffffff
ffffffff

00000000
eaaaaaab
d5555557
d5554557
2aaaaaa8
00000000
d5555557
2aaaaaa8
2aaaaaa8
d5555557
00000000

08888888
c0000003
d5555557
d5554557
d5005500
00000000
2a00aa00
2aaaaaa8
2aaaaaa8
00000000
c4444444

00000000
15555554
00000000
00000000
00000000
00000000
00000000
00000000
00000000
2aaaaaa8
00000000

37777774
3ffffffc
2aaaaaa8
2aaaaaa8
2affaaff
00000000
d5ff55ff
d5555557
d5555557
ffffffff
3bbbbbbb

2aaaaaa8
2aaaaaa8
d5554557
d5554557
ffffffff
00000000
ffffffff
2aaaaaa8
2aaaaaa8
d5555557
d5555557

15555554
00000000
d5554557
d5554557
00000000
00000000
00000000
2aaaaaa8
2aaaaaa8
00000000
2aaaaaa8

1dddcddc
15555554
00000000
00000000
d5005500
00000000
2a00aa00
00000000
00000000
2aaaaaa8
eeeeceec

00000000
ffffffff
2aaaaaa8
2aaaaaa8
2aaaaaa8
00000000
d5555557
d5555557
d5555557
ffffffff
00000000

22223220
eaaaaaab
00000000
00000000
00550057
00000000
00aa00a8
00000000
00000000
d5555557
11113113

3ffffffc
00000000
00000000
00000000
d5555557
00000000
2aaaaaa8
00000000
00000000
00000000
ffffffff

15555554
15555554
00000000
00000000
2aaaaaa8
00000000
d5555557
00000000
00000000
00000000
2aaaaaa8

08888888
3ffffffc
ffffffff
d5554557
d5005500
00000000
2a00aa00
2aaaaaa8
ffffffff
d5555557
c4444444

00000000
2aaaaaa8
d5554557
2aaaaaa8
2aaaaaa8
00000000
d5555557
d5555557
2aaaaaa8
d5555557
00000000

22220220
00000000
00000000
00000000
00550057
00000000
00aa00a8
00000000
00000000
00000000
11111113

3ffffffc
d5555557
00000000
00000000
d5555557
00000000
2aaaaaa8
00000000
00000000
00000000
ffffffff

00001000
ffffffff
ffffffff
d5554557
2aaaaaa8
00000000
d5555557
2aaaaaa8
ffffffff
d5555557
00002000

08888888
eaaaaaab
d5554557
00000000
d5005500
00000000
2a00aa00
00000000
2aaaaaa8
d5555557
c4444444

15557554
00000000
00000000
2aaaaaa8
2aaaaaa8
00000000
d5555557
d5555557
00000000
2aaaaaa8
2aaaaaa8

00000000
00000000
d5555557
d5554557
00550057
00000000
00aa00a8
2aaa8aa8
2aaa8aa8
00000000
00000000

2a00aa00
eaaabaab
ffffffff
d5554557
d5555557
00000000
2aaaaaa8
2aaa8aa8
ffffdfff
d5555557
d5005500

15555554
2aaaaaa8
00000000
00000000
2aaaaaa8
00000000
d5555557
00000000
00000000
d5555557
2aaaaaa8

15555554
c0001003
00000000
00000000
d5005500
00000000
2a00ba00
00000000
00000000
2aaaaaa8
2aaaaaa8

3f55ff54
c0000003
d5554557
ff55ef57
00000000
00000000
00000000
ffaacfa8
2aaa8aa8
00000000
ffaaffa8

00000000
ffffffff
ffffefff
ffffefff
15557554
00000000
00000000
ffffcfff
ffffdfff
ffffffff
00000000

15555554
eaaaaaab
00000000
00aa00a8
00000000
00000000
c0000003
00550057
00000000
ffffdfff
2aaaaaa8

2a00aa00
c0000003
00000000
00000000
d5005500
ff00ff00
2a00aa00
00000000
00000000
00000000
d5005500

00000000
15555554
00000000
2a00aa00
00000000
00000000
00000000
d5004500
00000000
00002000
00000000

15555554
2aaaaaa8
2aaaaaa8
2aaaaaa8
02800280
00000000
00000000
d5554557
d5555557
d5555557
2aaaaaa8

3f55ff54
2aaaaaa8
00000000
00aa00a8
d7805780
ff00ff00
2a00aa00
00550057
00000000
d5555557
ffaaffa8

15555554
00000000
00000000
00000000
00000000
00000000
00000000
00000000
00000000
00000000
00000000

22222220
00000000
00000000
00000000
00551057
00001000
00aa00a8
00000000
00000000
00000000
11110113

2aaaaaa8
2aaaaaa8
ffffffff
ffffefff
ffffffff
00001000
ffffffff
ffffdfff
ffffffff
d5555557
d5554557

00000000
eaaaaaab
d5555557
d5555557
2aaaaaa8
00000000
d5555557
2aaaaaa8
2aaaaaa8
d5555557
00000000

08888888
c0000003
d5555557
d5555557
d5004500
00000000
2a00aa00
2aaaaaa8
2aaaaaa8
00000000
c4444444

00000000
00000000
00000000
00000000
00000000
00000000
00000000
00000000
00000000
00000000
00000000

22220220
2aaaaaa8
2aaaaaa8
2aaaaaa8
2affaaff
00000000
d5ff55ff
d5555557
d5555557
d5555557
11111113

2aaaaaa8
eaaaaaab
d5555557
d5555557
ffff7fff
00000000
ffffbfff
2aaaaaa8
2aaaaaa8
d5555557
d5555557

00000000
00000000
d5555557
d555d557
00000000
00000000
00000000
2aaaeaa8
2aaaaaa8
00000000
00000000

08889888
00001000
00000000
00000000
d5005500
00000000
2a00aa00
00000000
00000000
00002000
c4446444

00003000
eaaabaab
2aaaaaa8
2aaaaaa8
2aaaaaa8
00000000
d5555557
d5555557
d5555557
d5557557
00002000

22223220
eaaabaab
00000000
00000000
00550057
00000000
00aa00a8
00000000
00000000
d5557557
11112113

2aaabaa8
00001000
00000000
00000000
d5555557
00000000
2aaaaaa8
00000000
00000000
00002000
d5557557

00001000
00001000
00000000
00000000
2aaaaaa8
00000000
d5555557
00000000
00000000
00002000
00002000

08889888
eaaabaab
ffffffff
d5555557
d5005500
00000000
2a00aa00
2aaaaaa8
ffffffff
d5557557
c4447444

00001000
2aaabaa8
d5555557
2aaaaaa8
2aaaaaa8
00000000
d5555557
d5555557
2aaaaaa8
d5557557
00002000

22223220
00001000
00000000
00000000
00554057
00004000
00aa00a8
00000000
00000000
00002000
11112113

2aaaaaa8
c0000003
00000000
00000000
d5555557
00004000
2aaaaaa8
00000000
00000000
00000000
d5554557

00000000
eaaaaaab
ffffffff
d5555557
2aaaaaa8
00000000
d5555557
2aaaaaa8
ffffffff
d5555557
00000000

08889888
eaaabaab
d5555557
00000000
d5001500
00000000
2a00aa00
00000000
2aaaaaa8
d5557557
c4446444

00001000
00001000
00000000
2aaaaaa8
2aaaaaa8
00000000
d5555557
d5555557
00000000
00002000
00002000

00000000
00000000
d5555557
d5554557
00550057
00000000
00aa00a8
2aaaaaa8
2aaaaaa8
00000000
00000000

2a00aa00
2aaaaaa8
ffffffff
d5554557
d5551557
00000000
2aaa2aa8
2aaaaaa8
ffffffff
d5555557
d5005500

00001000
2aaabaa8
00000000
00000000
2aaaaaa8
00000000
d5555557
00000000
00000000
d5557557
00002000

00001000
c0001003
00000000
00000000
ffaabfa8
00000000
3f557f54
00000000
00000000
00002000
00002000

2a00aa00
c0000003
d5555557
ff55ef57
2aaaaaa8
00000000
15555554
ffaadfa8
2aaaaaa8
00000000
d5005500

00000000
eaaaaaab
ffffffff
ffffffff
2beaabe8
3ffffffc
17d557d4
ffffdfff
ffffffff
d5555557
00000000

00001000
eaaabaab
00000000
00aa00a8
00000000
00000000
c0000003
00550057
00000000
d5557557
00002000

2a00ba00
c0001003
00000000
00001000
d5005500
ff00ff00
2a00aa00
00000000
00000000
00002000
d5007500

00000000
00000000
00000000
2a00aa00
02800280
00000000
01400140
d5005500
00000000
00000000
00000000

00000000
2aaaaaa8
2aaaaaa8
2aaaaaa8
02800280
00000000
01400140
d5555557
d5555557
d5555557
00000000

2a00ba00
eaaabaab
00000000
00aa00a8
d7805780
ff00ff00
2b40ab40
00550057
00000000
d5557557
d5007500

00001000
00001000
00000000
00000000
00000000
00000000
00000000
00000000
00000000
00002000
00002000

00001000
00001000
00000000
00000000
00550057
00000000
00aa00a8
00000000
00000000
00002000
00002000

2aaaaaa8
2aaaaaa8
ffffffff
ffffefff
ffffffff
00000000
ffffffff
ffffdfff
ffffffff
d5555557
d5555557

22222220
eaaaaaab
d5555557
d5555557
2aaaaaa8
00000000
d5555557
2aaa8aa8
2aaa8aa8
d5555557
11111113

00001000
c0001003
d5555557
d5555557
d5005500
00000000
2a00aa00
2aaa8aa8
2aaa8aa8
00002000
00002000

08889888
00001000
00000000
00000000
00000000
00000000
00000000
00000000
00000000
00002000
c4446444

00000000
2aaaaaa8
2aaaaaa8
2aaaaaa8
2affaaff
00000000
d5ff55ff
d5555557
d5555557
d5555557
00000000

2aaaaaa8
2aaaaaa8
d5555557
d5555557
ffffefff
00000000
ffffefff
2aaa9aa8
2aaa8aa8
d5555557
d5555557

22223220
00001000
d5555557
d5555557
00000000
00000000
00000000
2aaa8aa8
2aaa8aa8
00002000
11113113

00001000
00001000
00000000
00000000
d5004500
00000000
2a00aa00
00000000
00000000
00002000
00002000

08888888
2aaaaaa8
2aaaaaa8
2aaaaaa8
2aaaaaa8
00000000
d5555557
d5555557
d5555557
d5555557
c4444444

00000000
eaaaaaab
00000000
00000000
00550057
00000000
00aa00a8
00000000
00000000
d5555557
00000000

2aaabaa8
c0001003
00000000
00000000
d5555557
00000000
2aaaaaa8
00000000
00000000
00002000
d5556557

22223220
00001000
00000000
00000000
2aaaaaa8
00000000
d5555557
00000000
00000000
00002000
11112113

00000000
2aaaaaa8
ffffffff
d5555557
d5005500
00000000
2a00aa00
2aaaaaa8
ffffffff
d5555557
00000000

08888888
2aaaaaa8
d5555557
2aaaaaa8
2aaaaaa8
00000000
d5555557
d5555557
2aaaaaa8
d5555557
c4444444

00001000
00001000
00000000
00000000
00550057
00000000
00aa00a8
00000000
00000000
00002000
00002000

2aaabaa8
c0001003
00000000
00000000
d5555557
00000000
2aaaaaa8
00000000
00000000
00002000
d5557557

22223220
eaaabaab
ffffffff
d5555557
2aaaaaa8
00000000
d5555557
2aaa8aa8
ffffffff
d5557557
11113113

00001000
eaaabaab
d5551557
00004000
d5005500
00000000
2a00aa00
00008000
2aaa0aa8
d5557557
00002000

08889888
c0001003
00000000
2aaaaaa8
2aaaaaa8
00000000
d5555557
d5555557
00000000
00002000
c4446444

00000000
00000000
d5555557
d5555557
00550057
00008000
00aa80a8
2aaaaaa8
2aaa8aa8
00000000
00000000

2a00aa00
2aaaaaa8
ffffffff
d5555557
d5555557
00008000
2aaaaaa8
2aaaaaa8
ffffdfff
d5555557
d5005500

00000000
eaaaaaab
00000000
00000000
2aaaaaa8
00000000
d5555557
00000000
00000000
d5555557
00000000

00000000
00000000
00000000
00000000
ffaaffa8
00000000
3f557f54
00000000
00000000
00000000
00000000

2a00ba00
c0003003
d5554557
ff55df57
2aaaaaa8
00000000
15555554
ffaaffa8
2aaa8aa8
00002000
d5007500

00001000
eaaabaab
ffffffff
ffffdfff
2beaabe8
3ffffffc
17d557d4
ffffffff
ffffffff
d5557557
00002000

00001000
eaaa9aab
00000000
00aa00a8
02800280
00000000
c1400143
00550057
00000000
d5557557
00002000

2a00ba00
c0001003
00001000
00000000
d7805780
ff00ff00
2b40ab40
00000000
00002000
00002000
d5007500

00000000
00000000
00000000
2a008a00
00000000
00000000
00000000
d5005500
00000000
00000000
00000000

00000000
2aaa2aa8
2aaaaaa8
2aaa8aa8
00000000
00000000
00000000
d5555557
d5555557
d5551557
00000000

2a00aa00
2aaa2aa8
00000000
00aa00a8
d7805780
ff00ff00
2b40ab40
00550057
00000000
d5551557
d5005500

00000000
00000000
00000000
00000000
00000000
00000000
00000000
00000000
00000000
00000000
00000000

00000000
00000000
00000000
00000000
00550057
00000000
00aa00a8
00000000
00000000
00000000
00000000

3ffffffc
2aaaaaa8
ffffffff
ffffffff
ffffffff
00000000
ffffffff
ffffffff
ffffffff
d5555557
ffffffff

22222220
eaaaaaab
d5550557
d5555757
2aaaa8a8
00000000
d5555557
2aaa8aa8
2aaa0aa8
d5555557
11111113

00000000
c0000003
d5554557
d5555557
d5005500
00000000
2a00aa00
2aaa8aa8
2aaa8aa8
00000000
00000000

08888888
15555554
00000000
00000000
00000000
00000000
00000000
00000000
00000000
2aaaaaa8
c4444444

15555554
2aaaaaa8
2aaaeaa8
2aaaaaa8
2affaaff
00000000
d5ff55ff
d5555557
d555d557
ffffdfff
2aaaaaa8

2aaaaaa8
eaaaaaab
d5555557
d5555557
ffffdfff
00000000
ffffcfff
2aaa9aa8
2aaa8aa8
d5555557
d5555557

37777774
15555554
d5555557
d5557557
00000000
00000000
00000000
2aaa8aa8
2aaa8aa8
00002000
3bbbbbbb

15554554
00000000
00000000
00000000
d5005500
00000000
2a008a00
00000000
00000000
00000000
2aaa8aa8

08888888
eaaabaab
2aaaaaa8
2aaaaaa8
2aaaaaa8
00000000
d5555557
d5555557
d5555557
ffffffff
c4444444

00001000
eaaaaaab
00000000
00000000
00550057
00000000
00aa00a8
00000000
00000000
d5555557
00002000

3ffffffc
00001000
00000000
00000000
d5555557
00000000
2aaaaaa8
00000000
00000000
00000000
ffffffff

37775774
15555554
00000000
00000000
2aaaaaa8
00000000
d5555557
00000000
00000000
00000000
3bbbabbb

00000000
ffffffff
ffffffff
d5555557
d5005500
00000000
2a00aa00
2aaa8aa8
ffffffff
ffffffff
00000000

0888a888
2aaaaaa8
d5555557
2aaaaaa8
2aaaaaa8
00000000
d5555557
d5555557
2aaa8aa8
d5555557
c4445444

00000000
00000000
00000000
00000000
00550057
00000000
00aa00a8
00000000
00000000
00000000
00000000

3fffdffc
d5555557
00000000
00000000
d5555557
00000000
2aaaaaa8
00000000
00000000
00000000
ffffffff

22221220
ffffffff
ffffffff
d5555557
2aaaaaa8
00000000
d5555557
2aaaaaa8
ffffffff
d5555557
11113113

00000000
eaaaaaab
d5555557
00000000
d5005500
00000000
2a00aa00
00000000
2aaaaaa8
d5555557
00000000

1ddddddc
00000000
00000000
2aaaaaa8
2aaaaaa8
00000000
d5555557
d5555557
00000000
00000000
eeeeeeec

00000000
15555554
d5554557
d5554557
00550057
00008000
00aa80a8
2aaa8aa8
2aaa8aa8
2aaaaaa8
00000000

2a00a800
3ffffffc
ffffefff
d5554557
d5555557
00008000
2aaaaaa8
2aaa8aa8
ffffffff
ffffffff
d5005500

15555554
2aaaaaa8
00000000
00000000
2aaaaaa8
00000000
d5555557
00000000
00002000
d5555557
2aaaaaa8

15555554
c0000003
00000000
00000000
d5007500
00000000
2a002a00
00000000
00000000
00000000
2aaaaaa8

2a00a800
d5555557
d5554557
ff55cd57
00002000
00000000
00001000
ffaadfa8
2aaa8aa8
2aaaaaa8
ffaaffa8

00000000
ffffdfff
ffffefff
ffffcfff
15555554
00002000
00000000
ffffdfff
ffffdfff
ffffffff
00000000

15555554
eaaa8aab
00000000
00aa02a8
00000000
00000000
c0000003
00550057
00000000
d5555557
2aaaaaa8

2a00aa00
c0000003
00000000
00000000
d5005500
ff00df00
2a00aa00
00000000
00000000
00000000
d5005500

00000000
15555554
00000000
2a008a00
00000000
00001000
00000000
d5007500
00000000
2aaaaaa8
00000000

15555554
3ffffffc
2aaaaaa8
2aaa8aa8
02800280
00000000
00000000
d5557557
d5555557
ffffffff
2aaaaaa8

3f55ff54
eaaaaaab
00000000
00aa00a8
d7805780
ff00cf00
2a00aa00
00550057
00000000
d5555557
ffaaffa8

15555554
00000000
00000000
00000000
00000000
00000000
00000000
00000000
00000000
00000000
2aaaaaa8

22223220
00001000
00000000
00000000
00000000
00000000
00000000
00000000
00000000
00002000
11113113

2aaabaa8
2aaabaa8
ffffffff
ffffefff
ffffffff
00000000
ffffffff
ffffdfff
ffffffff
d5557557
d5557557

00001000
eaaabaab
d5555557
d5555557
2affaaff
00000000
d5ff55ff
2aaaaaa8
2aaaaaa8
d5557557
00002000

08889888
c0001003
d5555557
d5555557
00000000
00000000
00000000
2aaaaaa8
2aaaaaa8
00002000
c4446444

00001000
00001000
00000000
00000000
d5005500
00000000
2a00aa00
00000000
00000000
00002000
00002000

22221220
2aaabaa8
2aaaaaa8
2aaaaaa8
2aaaaaa8
00000000
d5555557
d5555557
d5555557
d5557557
11112113

2aaa9aa8
2aaabaa8
d5555557
d5557557
ffffdfff
00000000
ffff8fff
2aaaeaa8
2aaaaaa8
d5557557
d5557557

00001000
00001000
d5555557
d5555557
00550057
00000000
00aa00a8
2aaabaa8
2aaaaaa8
00002000
00002000

08888888
00000000
00000000
00000000
00000000
00000000
00000000
00000000
00000000
00000000
c4445444

00000000
eaaaaaab
2aaaaaa8
2aaaaaa8
ffaaffa8
00000000
ff55df57
d5555557
d5555557
d5555557
00000000

22222220
eaaaaaab
00000000
00000000
00000000
00000000
00000000
00000000
00000000
d5555557
11111113

2aaaaaa8
00000000
00000000
00000000
d5554557
00000000
2aaaaaa8
00000000
00000000
00000000
d5555557

00000000
00000000
00000000
00000000
2affaaff
00000000
d5ff55ff
00000000
00000000
00000000
00000000

08888888
2aaaaaa8
ffffffff
d5555557
00000000
00000000
00000000
2aaaaaa8
ffffffff
d5555557
c4444444

00000000
2aaaaaa8
d5551557
2aaaaaa8
ffaaefa8
00000000
ff55ff57
d5555557
2aaaaaa8
d5555557
00000000

22222220
00000000
00000000
00004000
00000000
00000000
00000000
00000000
00000000
00000000
11111113

2aaabaa8
c0001003
00000000
00000000
d5551557
00000000
2aaaaaa8
00000000
00000000
00002000
d5557557

00001000
eaaabaab
ffffffff
d5555557
2affaaff
00000000
d5ff55ff
2aaaaaa8
ffffffff
d5557557
00002000

08889888
eaaabaab
d5555557
00000000
00000000
00000000
00004000
00000000
2aaaaaa8
d5557557
c4446444

00001000
00001000
00000000
2aaaaaa8
ffaabfa8
00000000
ff55ff57
d5555557
00000000
00002000
00002000

2a00aa00
00000000
d5555557
d5555557
00000000
00000000
00000000
2aaaaaa8
2aaaaaa8
00000000
d5005500

2aaaaaa8
eaaaaaab
ffffffff
d5555557
d5555557
00004000
2aaaaaa8
2aaaaaa8
ffffffff
d5555557
d5555557

00000000
2aaaaaa8
00000000
00000000
2affaaff
00000000
d5ff15ff
00000000
00000000
d5555557
00000000

00aa00a8
c0000003
00000000
00000000
2aaaeaa8
00004000
15555554
00000000
00000000
00000000
00550057

00001000
c0001003
d5555557
ffffffff
ffaabfa8
00000000
3f55ff54
ffffffff
2aaaaaa8
00002000
00002000

00001000
eaaabaab
ffffffff
ffffffff
2beaabe8
3ffffffc
17d557d4
ffffffff
ffffffff
d5557557
00002000

2a00ba00
eaaabaab
00000000
00000000
02800280
00000000
c1400143
00000000
00000000
d5557557
d5007500

2aaabaa8
c0001003
00000000
00000000
d7d557d7
ffffffff
2beaabe8
00000000
00000000
00002000
d5557557

00000000
00000000
00000000
2aaaaaa8
00000000
00000000
00000000
d5555557
00000000
00000000
00000000

00aa00a8
2aaaaaa8
2aaaaaa8
2aaaaaa8
00550057
00ff00ff
00aa00a8
d5555557
d5555557
d5555557
00550057

00000000
2aaaaaa8
00000000
00000000
02800280
00000000
01400140
00000000
00000000
d5555557
00000000

00000000
00000000
00000000
00000000
d5005500
ff00ff00
2a00aa00
00000000
00000000
00000000
00000000

22223220
00001000
00000000
00000000
00000000
00000000
00000000
00000000
00000000
00002000
11113113

2aaaaaa8
2aaaaaa8
ffffffff
ffffefff
ffffffff
00000000
ffffffff
ffffdfff
ffffffff
d5555557
d5555557

00000000
eaaaaaab
d5555557
d5555557
2affaaff
00000000
d5ff55ff
2aaaaaa8
2aaaaaa8
d5555557
00000000

08889888
c0001003
d5555557
d5555557
00000000
00000000
00000000
2aaaaaa8
2aaaaaa8
00002000
c4446444

00001000
00001000
00000000
00000000
d5005500
00000000
2a00aa00
00000000
00000000
00002000
00002000

22222220
2aaaaaa8
2aaaaaa8
2aaaaaa8
2aaaaaa8
00000000
d5555557
d5555557
d5555557
d5555557
11111113

2aaaaaa8
2aaaaaa8
d5555557
d5555557
ffffffff
00000000
ffffffff
2aaaaaa8
2aaaaaa8
d5555557
d5555557

00001000
00001000
d5555557
d5555557
00550057
00000000
00aa00a8
2aaaaaa8
2aaaaaa8
00002000
00002000

08889888
00001000
00000000
00000000
00000000
00000000
00000000
00000000
00000000
00002000
c4446444

00000000
2aaaaaa8
2aaaaaa8
2aaaaaa8
ffaaffa8
00000000
ff55ff57
d5555557
d5555557
d5555557
00000000

22222220
eaaaaaab
00000000
00000000
00000000
00000000
00000000
00000000
00000000
d5555557
11111113

2aaabaa8
c0001003
00000000
00000000
d5555557
00000000
2aaaaaa8
00000000
00000000
00002000
d5557557

00001000
00001000
00000000
00000000
2affaaff
00000000
d5ff55ff
00000000
00000000
00002000
00002000

08888888
2aaaaaa8
ffffffff
d5555557
00000000
00000000
00000000
2aaaaaa8
ffffffff
d5555557
c4444444

00000000
2aaaaaa8
d5555557
2aaaaaa8
ffaaffa8
00000000
ff55ff57
d5555557
2aaaaaa8
d5555557
00000000

22223220
00001000
00000000
00000000
00000000
00000000
00000000
00000000
00000000
00002000
11113113

2aaaaaa8
c0000003
00000000
00000000
d5555557
00000000
2aaaaaa8
00000000
00000000
00000000
d5555557

00000000
eaaaaaab
ffffffff
d5555557
2affaaff
00000000
d5ff55ff
2aaaaaa8
ffffffff
d5555557
00000000

08888888
eaaaaaab
d5551557
00000000
00000000
00000000
00000000
00000000
2aaaaaa8
d5555557
c4444444

00000000
c0000003
00000000
2aaaeaa8
ffaaffa8
00000000
ff55ff57
d5555557
00000000
00000000
00000000

2a00ba00
00001000
d5555557
d5555557
00000000
00000000
00000000
2aaaaaa8
2aaaaaa8
00002000
d5007500

2aaabaa8
2aaabaa8
ffffffff
d5555557
d5555557
00000000
2aaaaaa8
2aaaaaa8
ffffffff
d5557557
d5557557

00001000
eaaabaab
00000000
00000000
2affaaff
00000000
d5ff55ff
00000000
00000000
d5557557
00002000

00aa10a8
00001000
00000000
00000000
2aaaaaa8
00000000
15555554
00000000
00000000
00002000
00552057

00000000
c0000003
d5555557
ffffffff
ffaaffa8
00000000
3f55ff54
ffffffff
2aaaaaa8
00000000
00000000

00000000
eaaaaaab
ffffffff
ffffffff
2beaabe8
3ffffffc
17d557d4
ffffffff
ffffffff
d5555557
00000000

2a00aa00
eaaaaaab
00000000
00000000
00000000
00000000
c0000003
00000000
00000000
d5555557
d5005500

2aaaaaa8
c0000003
00000000
00000000
d5555557
ffffffff
2aaaaaa8
00000000
00000000
00000000
d5555557

00001000
00001000
00000000
2aaaaaa8
00000000
00000000
00000000
d5555557
00000000
00002000
00002000

00aa10a8
2aaabaa8
2aaaaaa8
2aaaaaa8
00550057
00ff00ff
00aa00a8
d5555557
d5555557
d5553557
00552057

00001000
2aaabaa8
00000000
00000000
02800280
00000000
01400140
00000000
00000000
d5553557
00002000

00001000
00001000
00000000
00000000
d5005500
ff00ff00
2a00aa00
00000000
00000000
00002000
00002000

00000000
15555554
00000000
00000000
00000000
00000000
00000000
00000000
00000000
2aaaaaa8
00000000

3ffffffc
3ffffffc
ffffffff
ffffffff
ffffffff
00003000
ffffffff
ffffffff
ffffffff
ffffffff
ffffefff

22222220
eaaaaaab
d5554557
d5554557
2affaaff
00001000
d5ff55ff
2aaaaaa8
2aaaaaa8
d5555557
11110113

00000000
c0000003
d5554557
d5554557
00000000
00002000
00000000
2aaaaaa8
2aaaaaa8
00000000
00000000

08888888
15555554
00000000
00000000
d5005500
00000000
2a00aa00
00000000
00000000
2aaaaaa8
c4444444

15555554
3ffffffc
2aaaaaa8
2aaaaaa8
2aaaaaa8
00002000
d5557557
d5555557
d5555557
ffffffff
2aaaaaa8

2aaa8aa8
2aaaaaa8
d5554557
d5554757
fffffdff
00002000
fffeffff
2aaaaaa8
2aaaaaa8
d5555557
d5555557

37775774
00000000
d5554557
d5554557
00550057
00000000
00aa00a8
2aabaaa8
2aaaaaa8
00000000
3bbbbbbb

15554554
15554554
00000000
00000000
00000000
00000000
00000000
00000000
00000000
2aaaaaa8
2aaa8aa8

08888888
ffffefff
2aaaaaa8
2aaaaaa8
ffaaffa8
00000000
ff55df57
d5555557
d5555557
ffffffff
c4444444

00001000
eaaaaaab
00000000
00000000
00000000
00000000
00000000
00000000
00000000
d5555557
00003000

3fffeffc
00000000
00000000
00000000
d5555557
00000000
2aaaaaa8
00000000
00000000
00000000
ffffffff

37776774
15554554
00000000
00000000
2affaaff
00000000
d5ff55ff
00000000
00000000
00000000
3bbbabbb

00000000
3fffeffc
ffffffff
d5555557
00000000
00000000
00000000
2aaaaaa8
ffffffff
d5555557
00000000

08888888
2aaaaaa8
d5555557
2aaaaaa8
ffaaffa8
00000000
ff55ff57
d5555557
2aaaaaa8
d5555557
c4444444

00002000
00000000
00000000
00000000
00000000
00000000
00000000
00000000
00000000
00000000
00000000

3fffeffc
d5555557
00000000
00000000
d5555557
00000000
2aaaaaa8
00000000
00000000
00000000
ffffffff

22221220
ffffffff
ffffffff
d5554557
2affaaff
00000000
d5ff55ff
2aaaaaa8
ffffffff
d5555557
11112113

00000000
eaaaaaab
d5554557
00000000
00000000
00000000
00000000
00000000
2aaaaaa8
d5555557
00000000

1ddddddc
00000000
00000000
2aaaaaa8
ffaaffa8
00000000
ff55ff57
d5555557
00000000
2aaaaaa8
eeeefeec

2a00a800
00001000
d5554557
d5555557
00000000
00000000
00000000
2aaaaaa8
2aaaaaa8
00002000
d5005500

2aaaa8a8
eaaabaab
ffffffff
d5555557
d5555557
00000000
2aaaaaa8
2aaaaaa8
ffffffff
d5555557
d5555557

15555554
2aaaaaa8
00001000
00000000
2affaaff
00000000
d5ff55ff
00000000
00000000
d5555557
2aaaaaa8

15ff55fc
c0000003
00000000
00000000
00002000
00000000
00000000
00000000
00000000
2aaa8aa8
2affaaff

15554554
c0000003
d5555557
ffffedff
d5005500
00000000
2a00ba00
ffffefff
2aaaaaa8
00000000
2aaaaaa8

00000000
ffffefff
ffffffff
ffffffff
15556554
00003000
00001000
ffffefff
ffffffff
ffffdfff
00000000

3f55ff54
eaaaaaab
00000000
00000000
00000000
00000000
c0000003
00000000
00000000
ffffdfff
ffaaffa8

2aaaaaa8
c0000003
00000000
00001200
d5555557
ffffffff
2aaaaaa8
00000000
00000000
00000000
d5545557

00000000
15554554
00000000
2aaaaaa8
00000000
00000000
00000000
d5544557
00000000
00001000
00000000

15ff55fc
2aaaaaa8
2aaaaaa8
2aaaaaa8
02d502d7
00ff00ff
00aa00a8
d5554557
d5555557
d5555557
2afeaaff

15555554
2aaaaaa8
00000000
00000000
02800280
00000000
00000000
00000000
00000000
d5554557
2aaaaaa8

15555554
00000000
00000000
00000000
d5005500
ff00ff00
2a00aa00
00010000
00000000
00000000
00000000

00000000
00000000
00000000
00000000
00000000
00000000
00000000
00000000
00000000
00000000
00000000

2aaa8aa8
2aaabaa8
ffffffff
ffffefff
ffffefff
00001000
ffffffff
ffffdfff
ffffffff
d5557557
d5554557

22220220
eaaabaab
d5554557
d5554557
2affaaff
00000000
d5ff55ff
2aaaaaa8
2aaaaaa8
d5557557
11110113

00000000
c0000003
d5554557
d5554557
00000000
00000000
00000000
2aaaaaa8
2aaaaaa8
00000000
00000000

08888888
00000000
00000000
00000000
d5004500
00001000
2a00aa00
00000000
00000000
00000000
c4444444

00000000
2aaabaa8
2aaaaaa8
2aaaaaa8
2aaabaa8
00000000
d5557557
d5555557
d5555557
d5557557
00000000

2aaaaaa8
2aaabaa8
d5554557
d5554557
ffffffff
00003000
ffffffff
2aaaaaa8
2aaaaaa8
d5557557
d5555557

22222220
00000000
d5554557
d5554557
00550057
00000000
00aa00a8
2aaaaaa8
2aaaaaa8
00000000
11111113

00000000
00000000
00000000
00000000
00000000
00001000
00000000
00000000
00000000
00000000
00000000

08888888
eaaabaab
2aaaaaa8
2aaaaaa8
ffaaefa8
00002000
ff55df57
d5555557
d5555557
d5557557
c4444444

00000000
eaaabaab
00000000
00000000
00000000
00000000
00000000
00000000
00000000
d5557557
00001000

2aaa8aa8
00001000
00000000
00000000
d5555557
00000000
2aaaaaa8
00000000
00000000
00000000
d5555557

22220220
00000000
00000000
00000000
2affaaff
00000000
d5ff55ff
00000000
00000000
00000000
11110113

00000000
2aaabaa8
ffffffff
d5555557
00000000
00000000
00000000
2aaaaaa8
ffffffff
d5557557
00000000

08888888
2aaaaaa8
d5555557
2aaaaaa8
ffaaffa8
00000000
ff55ff57
d5555557
2aaaaaa8
d5557557
c4444444

00000000
00000000
00000000
00000000
00000000
00000000
00000000
00000000
00000000
00000000
00000000

2aaaaaa8
c0001003
00000000
00000000
d5555557
00000000
2aaaaaa8
00000000
00000000
00000000
d5555557

22220220
eaaaaaab
ffffffff
d5554557
2affaaff
00000000
d5ffd5ff
2aaaaaa8
ffffffff
d5555557
11111113

00002000
eaaaaaab
d5554557
00000000
00000000
00000000
00000000
00000000
2aaaaaa8
d5555557
00000000

08888888
00000000
00000000
2aaaaaa8
ffaaffa8
00000000
ff557f57
d5555557
00000000
00000000
c4444444

2a00aa00
00000000
d5555557
d5554557
00000000
00000000
00000000
2aaa8aa8
2aaa8aa8
00000000
d5005500

2aaaaaa8
eaaaaaab
ffffffff
d5555557
d5555557
00000000
2aaaaaa8
2aaa8aa8
ffffdfff
d5555557
d5555557

00000000
2aaaaaa8
00000000
00000000
2affaaff
00000000
d5ff55ff
00000000
00000000
d5555557
00000000

00aa00a8
c0000003
00000000
00001000
2aaa8aa8
00000000
15554554
00000000
00000000
00000000
00550057

00000000
c0001003
d5554557
ffffefff
ffaadfa8
00000000
3f55ef54
ffffcfff
2aaa8aa8
00003000
00000000

00000000
eaaabaab
ffffffff
ffffefff
2beaabe8
3fffdffc
17d547d4
ffffcfff
ffffdfff
d5557557
00000000

2a00aa00
eaaabaab
00000000
00000000
00000000
00000000
c0000003
00000000
00000000
d5556557
d5005500

2aaaaaa8
c0001003
00001000
00000000
d5555557
ffffffff
2aaaaaa8
00000000
00000000
00002000
d5555557

00000000
00000000
00000000
2aaaaaa8
00000000
00000000
00000000
d5554557
00000000
00002000
00000000

00aa00a8
2aaabaa8
2aaaaaa8
2aaaaaa8
00550057
00ff00ff
00aa00a8
d5554557
d5555557
d5557557
00550057

00000000
2aaabaa8
00000000
00000000
02800280
00000000
01400140
00000000
00000000
d5557557
00000000

00000000
00001000
00000000
00000000
d5005500
ff00ff00
2a00aa00
00000000
00000000
00002000
00000000

22222220
00000000
00000000
00000000
00000000
00000000
00000000
00000000
00000000
00000000
11111113

2aaaaaa8
2aaaaaa8
ffffffff
ffffffff
ffffffff
00000000
ffffffff
ffffffff
ffffffff
d5555557
d5555557

00000000
eaaaaaab
d5555557
d5555557
2affaaff
00000000
d5ff55ff
2aaaaaa8
2aaaaaa8
d5555557
00000000

08888888
c0000003
d5555557
d5555557
00000000
00000000
00000000
2aaaaaa8
2aaaaaa8
00000000
c4444444

00000000
00000000
00000000
00000000
d5005500
00000000
2a00aa00
00000000
00000000
00000000
00000000

22222220
2aaaaaa8
2aaaaaa8
2aaaaaa8
2aaaaaa8
00000000
d5555557
d5555557
d5555557
d5555557
11111113

2aaaaaa8
2aaaaaa8
d5555557
d5555557
ffffffff
00000000
ffffffff
2aaaaaa8
2aaaaaa8
d5555557
d5555557

00000000
00000000
d5555557
d5555557
00550057
00000000
00aa00a8
2aaaaaa8
2aaaaaa8
00000000
00000000

08888888
00000000
00000000
00000000
00000000
00000000
00000000
00000000
00000000
00000000
c4444444

00000000
2aaaaaa8
2aaaaaa8
2aaaaaa8
ffaaffa8
00000000
ff55ff57
d5555557
d5555557
d5555557
00000000

22222220
eaaaaaab
00000000
00000000
00000000
00000000
00000000
00000000
00000000
d5555557
11111113

2aaaaaa8
c0000003
00000000
00000000
d5555557
00000000
2aaaaaa8
00000000
00000000
00000000
d5555557

00000000
00000000
00000000
00000000
2affaaff
00000000
d5ff55ff
00000000
00000000
00000000
00000000

08888888
2aaaaaa8
ffffffff
d5555557
00000000
00000000
00000000
2aaaaaa8
ffffffff
d5555557
c4444444

00000000
2aaaaaa8
d5555557
2aaaaaa8
ffaaffa8
00000000
ff55ff57
d5555557
2aaaaaa8
d5555557
00000000

22222220
00000000
00000000
00000000
00000000
00000000
00000000
00000000
00000000
00000000
11111113

2aaaaaa8
c0000003
00000000
00000000
d5555557
00000000
2aaaaaa8
00000000
00000000
00000000
d5555557

00000000
eaaaaaab
ffffffff
d5555557
2affaaff
00000000
d5ff55ff
2aaaaaa8
ffffffff
d5555557
00000000

08888888
eaaaaaab
d5555557
00000000
00000000
00000000
00000000
00000000
2aaaaaa8
d5555557
c4444444

00000000
c0000003
00000000
2aaaaaa8
ffaaffa8
00000000
ff55ff57
d5555557
00000000
00000000
00000000

2a00aa00
00000000
d5555557
d5555557
00000000
00000000
00000000
2aaaaaa8
2aaaaaa8
00000000
d5005500

2aaaaaa8
2aaaaaa8
ffffffff
d5555557
d5555557
00000000
2aaaaaa8
2aaaaaa8
ffffffff
d5555557
d5555557

00000000
eaaaaaab
00000000
00000000
2affaaff
00000000
d5ff55ff
00000000
00000000
d5555557
00000000

00aa00a8
00000000
00000000
00000000
2aaaaaa8
00000000
15555554
00000000
00000000
00000000
00550057

00000000
c0000003
d5555557
ffffffff
ffaaffa8
00000000
3f55ff54
ffffffff
2aaaaaa8
00000000
00000000

00000000
eaaaaaab
ffffffff
ffffffff
2beaabe8
3ffffffc
17d557d4
ffffffff
ffffffff
d5555557
00000000

2a00aa00
eaaaaaab
00000000
00000000
02800280
00000000
c1400143
00000000
00000000
d5555557
d5005500

2aaaaaa8
c0000003
00000000
00000000
d7d557d7
ffffffff
2beaabe8
00000000
00000000
00000000
d5555557

00000000
00000000
00000000
2aaaaaa8
00000000
00000000
00000000
d5555557
00000000
00000000
00000000

00aa00a8
2aaaaaa8
2aaaaaa8
2aaaaaa8
00550057
00ff00ff
00aa00a8
d5555557
d5555557
d5555557
00550057

00000000
2aaaaaa8
00000000
00000000
02800280
00000000
01400140
00000000
00000000
d5555557
00000000

00000000
00000000
00000000
00000000
d5005500
ff00ff00
2a00aa00
00000000
00000000
00000000
00000000

22222220
00000000
00000000
00000000
00000000
00000000
00000000
00000000
00000000
00000000
11111113

3ffffffc
2aaaaaa8
ffffffff
ffffffff
ffffffff
00000000
ffffffff
ffffffff
ffffffff
d5555557
ffffffff

00000000
eaaaaaab
d5555557
d5555557
2affaaff
00000000
d5ff55ff
2aaaaaa8
2aaaaaa8
d5555557
00000000

08888888
c0000003
d5555557
d5555557
00000000
00000000
00000000
2aaaaaa8
2aaaaaa8
00000000
c4444444

00000000
15555554
00000000
00000000
d5005500
00000000
2a00aa00
00000000
00000000
2aaaaaa8
00000000

37777774
2aaaaaa8
2aaaaaa8
2aaaaaa8
2aaaaaa8
00000000
d5555557
d5555557
d5555557
ffffffff
3bbbbbbb

2aaaaaa8
eaaaaaab
d5555557
d5555557
ffffffff
00000000
ffffffff
2aaaaaa8
2aaaaaa8
d5555557
d5555557

15555554
15555554
d5555557
d5555557
00550057
00000000
00aa00a8
2aaaaaa8
2aaaaaa8
00000000
2aaaaaa8

1ddddddc
00000000
00000000
00000000
00000000
00000000
00000000
00000000
00000000
00000000
eeeeeeec

00000000
eaaaaaab
2aaaaaa8
2aaaaaa8
ffaaffa8
00000000
ff55ff57
d5555557
d5555557
ffffffff
00000000

22222220
eaaaaaab
00000000
00000000
00000000
00000000
00000000
00000000
00000000
d5555557
11111113

3ffffffc
00000000
00000000
00000000
d5555557
00000000
2aaaaaa8
00000000
00000000
00000000
ffffffff

15555554
15555554
00000000
00000000
2affaaff
00000000
d5ff55ff
00000000
00000000
00000000
2aaaaaa8

08888888
ffffffff
ffffffff
d5555557
00000000
00000000
00000000
2aaaaaa8
ffffffff
ffffffff
c4444444

00000000
2aaaaaa8
d5555557
2aaaaaa8
ffaaffa8
00000000
ff55ff57
d5555557
2aaaaaa8
d5555557
00000000

22222220
00000000
00000000
00000000
00000000
00000000
00000000
00000000
00000000
00000000
11111113

3ffffffc
d5555557
00000000
00000000
d5555557
00000000
2aaaaaa8
00000000
00000000
00000000
ffffffff

00000000
ffffffff
ffffffff
d5555557
2affaaff
00000000
d5ff55ff
2aaaaaa8
ffffffff
d5555557
00000000

08888888
eaaaaaab
d5555557
00000000
00000000
00000000
00000000
00000000
2aaaaaa8
d5555557
c4444444

15555554
00000000
00000000
2aaaaaa8
ffaaffa8
00000000
ff55ff57
d5555557
00000000
00000000
2aaaaaa8

2a00aa00
15555554
d5555557
d5555557
00000000
00000000
00000000
2aaaaaa8
2aaaaaa8
2aaaaaa8
d5005500

2aaaaaa8
3ffffffc
ffffffff
d5555557
d5555557
00000000
2aaaaaa8
2aaaaaa8
ffffffff
ffffffff
d5555557

15555554
2aaaaaa8
00000000
00000000
2affaaff
00000000
d5ff55ff
00000000
00000000
d5555557
2aaaaaa8

15ff55fc
c0000003
00000000
00000000
00000000
00000000
00000000
00000000
00000000
00000000
2affaaff

00000000
d5555557
d5555557
ffffffff
d5005500
00000000
2a00aa00
ffffffff
2aaaaaa8
2aaaaaa8
2aaaaaa8

00000000
ffffffff
ffffffff
ffffffff
15555554
00000000
00000000
ffffffff
ffffffff
ffffffff
00000000

3f55ff54
eaaaaaab
00000000
00000000
00000000
00000000
c0000003
00000000
00000000
d5555557
ffaaffa8

2aaaaaa8
c0000003
00000000
00000000
d5555557
ffffffff
2aaaaaa8
00000000
00000000
00000000
d5555557

00000000
15555554
00000000
2aaaaaa8
00000000
00000000
00000000
d5555557
00000000
2aaaaaa8
00000000

15ff55fc
3ffffffc
2aaaaaa8
2aaaaaa8
02d502d7
00ff00ff
00aa00a8
d5555557
d5555557
ffffffff
2affaaff

15555554
eaaaaaab
00000000
00000000
02800280
00000000
00000000
00000000
00000000
d5555557
2aaaaaa8

15555554
00000000
00000000
00000000
d5005500
ff00ff00
2a00aa00
00000000
00000000
00000000
2aaaaaa8

00000000
00000000
00000000
00000000
00000000
00000000
00000000
00000000
00000000
00000000
00000000

2aaaaaa8
2aaaaaa8
ffffffff
ffffffff
ffffffff
00000000
ffffffff
ffffffff
ffffffff
d5555557
d5555557

22222220
eaaaaaab
d5555557
d5555557
2aff8aff
00000000
d5ff55ff
2aaaaaa8
2aaaaaa8
d5555557
11111113

00000000
c0000003
d5555557
d5557557
00000000
00000000
00000000
2aaaaaa8
2aaaaaa8
00000000
00000000

08888888
00000000
00000000
00000000
d5005500
00000000
2a00aa00
00000000
00000000
00000000
c4444444

00000000
2aaaaaa8
2aaaaaa8
2aaaaaa8
2aaaaaa8
00000000
d5555557
d5555557
d5555557
d5555557
00000000

2aaaaaa8
2aaaaaa8
d5555557
d5555557
ffffffff
00000000
ffffffff
2aaaaaa8
2aaaaaa8
d5555557
d5555557

22222220
00000000
d5555557
d5555557
00550057
00000000
00aa00a8
2aaaaaa8
2aaaaaa8
00000000
11111113

00000000
00000000
00000000
00000000
00000000
00000000
00000000
00000000
00000000
00000000
00000000

08888888
eaaaaaab
2aaaaaa8
2aaaaaa8
ffaaffa8
00000000
ff55ff57
d5555557
d5555557
d5555557
c4444444

00000000
eaaaaaab
00000000
00000000
00000000
00000000
00000000
00000000
00000000
d5555557
00000000

2aaaaaa8
00000000
00000000
00000000
d5555557
00000000
2aaaaaa8
00000000
00000000
00000000
d5555557

22222220
00000000
00000000
00000000
2affaaff
00000000
d5ff55ff
00000000
00000000
00000000
11111113

00000000
2aaaaaa8
ffffffff
d5555557
00000000
00000000
00000000
2aaaaaa8
ffffffff
d5555557
00000000

08888888
2aaaaaa8
d5555557
2aaaaaa8
ffaaffa8
00000000
ff55ff57
d5555557
2aaaaaa8
d5555557
c4444444

00000000
00000000
00000000
00000000
00000000
00000000
00000000
00000000
00000000
00000000
00000000

2aaaaaa8
c0000003
00000000
00000000
d5555557
00000000
2aaaaaa8
00000000
00000000
00000000
d5555557

22222220
eaaaaaab
ffffffff
d5555557
2affaaff
00000000
d5ff55ff
2aaaaaa8
ffffffff
d5555557
11111113

00000000
eaaaaaab
d5555557
00000000
00000000
00000000
00000000
00000000
2aaaaaa8
d5555557
00000000

08888888
00000000
00000000
2aaaaaa8
ffaaffa8
00000000
ff55ff57
d5555557
00000000
00000000
c4444444

2a00aa00
00000000
d5555557
d5555557
00000000
00000000
00000000
2aaaaaa8
2aaaaaa8
00000000
d5005500

2aaaaaa8
eaaaaaab
ffffffff
d5555557
d5555557
00000000
2aaaaaa8
2aaaaaa8
ffffffff
d5555557
d5555557

00000000
2aaaaaa8
00000000
00000000
2affaaff
00000000
d5ff55ff
00000000
00000000
d5555557
00000000

00aa00a8
c0000003
00000000
00000000
2aaaaaa8
00000000
15555554
00000000
00000000
00000000
00550057

00000000
c0000003
d5555557
ffffffff
ffaaffa8
00000000
3f55ff54
ffffffff
2aaaaaa8
00000000
00000000

00000000
eaaaaaab
ffffffff
ffffffff
2beaabe8
3ffffffc
17d557d4
ffffffff
ffffffff
d5555557
00000000

2a00aa00
eaaaaaab
00000000
00000000
02800280
00000000
c1400143
00000000
00000000
d5555557
d5005500

2aaaaaa8
c0000003
00000000
00000000
d7d557d7
ffffffff
2bea8be8
00000000
00000000
00000000
d5555557

00000000
00000000
00000000
2aaaaaa8
00000000
00000000
00000000
d5555557
00000000
00000000
00000000

00aa00a8
2aaaaaa8
2aaaaaa8
2aaaaaa8
00550057
00ff00ff
00aa00a8
d5555557
d5555557
d5555557
00550057

00000000
2aaaaaa8
00000000
00000000
02800280
00000000
01400140
00000000
00000000
d5555557
00000000

00000000
00000000
00000000
00000000
d5005500
ff00ff00
2a008a00
00000000
00000000
00000000
00000000

00000000
00000000
00000000
00000000
00000000
00000000
00000000
00000000
00000000
00000000
00000000

2aaaaaa8
2aaaaaa8
ffffffef
ffffffef
ffffffff
00000000
ffffffff
ffffffff
ffffffff
d5555557
d5555557

23622360
ffffffff
d5555557
d5555557
2affaaff
00000000
d5ff55ff
2aaaaaa8
2aaaaaa8
fd7ffd7f
11111113

01400140
d5555557
d5555557
d5555557
00000000
00000000
00000000
2aaaaaa8
2aaaaaa8
282aa828
00000000

08888888
00000000
00000000
00000000
d5005500
00000000
2a00aa00
00000000
00000000
00000000
c4444444

00000000
2aaaaaa8
2aaaaaa8
2aaaaaa8
2aaaaaa8
00000000
d5555557
d5555557
d5555557
d5555557
00000000

2beaabe8
ffffffff
d5555557
d5555557
ffffffff
00000000
ffffffff
2aaaaaa8
2aaaaaa8
fd7ffd7f
d5555557

22222220
00000000
d5555557
d5555557
00550057
00000000
00aa00a8
2aaaaaa8
2aaaaaa8
00000000
11111113

00000000
00000000
00000000
00000000
00000000
00000000
00000000
00000000
00000000
00000000
00000000

08888888
2aaaaaa8
2aaaaaa8
2aaaaaa8
ffaaffa8
00000000
ff55ff57
d5555557
d5555557
d5555557
c4444444

01400140
ffffffff
00000000
00000000
00000000
00000000
00000000
00000000
00000000
fd7ffd7f
00000000

2beaabe8
d5555557
00000000
00000000
d5555557
00000000
2aaaaaa8
00000000
00000000
282aa828
d5555557

22222220
00000000
00000000
00000000
2affaaff
00000000
d5ff55ff
00000000
00000000
00000000
11111113

00000000
2aaaaaa8
ffffffff
d5555557
00000000
00000000
00000000
2aaaaaa8
ffffffff
d5555557
00000000

09c889c8
ffffffef
d5555557
2aaaaaa8
ffaaffa8
00000000
ff55ff57
d5555557
2aaaaaa8
fd7ffd7f
c4444444

00000000
00000000
00000000
00000000
00000000
00000000
00000000
00000000
00000000
00000000
00000000

2beaabe8
d5555557
00000000
00000000
d5555557
00000000
2aaaaaa8
00000000
00000000
282aa828
d5555557

23622360
ffffffff
ffffffff
d5555557
2affaaff
00000000
d5ff55ff
2aaaaaa8
ffffffff
fd7ffd7f
11111113

01400140
ffffffff
d5555557
00000000
00000000
00000000
00000000
00000000
2aaaaaa8
fd7ffd7f
00000000

09c889c8
d5555557
00000000
2aaaaaa8
ffaaffa8
00000000
ff55ff57
d5555557
00000000
282aa828
c4444444

2a00aa00
00000000
d5555557
d5555557
00000000
00000000
00000000
2aaaaaa8
2aaaaaa8
00000000
d5005500

2aaaaaa8
2aaaaaa8
ffffffff
d5555557
d5555557
00000000
2aaaaaa8
2aaaaaa8
ffffffff
d5555557
d5555557

00000000
2aaaaaa8
00000000
00000000
2affaaff
00000000
d5ff55ff
00000000
00000000
d5555557
00000000

00aa00a8
00000000
00000000
00000000
00000000
00000000
00000000
00000000
00000000
00000000
00550057

01400140
d5555557
d5555557
ffffffff
d5005500
00000000
2a00aa00
ffffffff
2aaaaaa8
282aa828
00000000

01400140
ffffffff
ffffffff
ffffffff
00000000
00000000
00000000
ffffffff
ffffffff
fd7ffd7f
00000000

2b40ab40
ffffffff
00000000
00000000
2aaaaaa8
00000000
d5555557
00000000
00000000
fd7ffd7f
d5005500

2beaabe8
d5555557
00000000
00000000
d5555557
ffffffff
2aaaaaa8
00000000
00000000
282aa828
d5555557

00000000
00000000
00000000
2aaaaaa8
00000000
00000000
00000000
d5555557
00000000
00000000
00000000

00aa00a8
2aaaaaa8
2aaaaaa8
2aaaaaa8
00550057
00ff00ff
00aa00a8
d5555557
d5555557
d5555557
00550057

01400140
ffffffff
00000000
00000000
00000000
00000000
00000000
00000000
00000000
fd7ffd7f
00000000

00000000
00000000
00000000
00000000
d5005500
ff00ff00
2a00aa00
00000000
00000000
00000000
00000000

