Timing Summary
==============

   POST-ROUTE

         Group  No. Clocks  No. Clock Pairs  WNS(ps)  TNS(ps)  TNS Endpoints      
   -----------  ----------  ---------------  -------  -------  -------------      
    <UDEF_clk>           1                1    -7366  -660562            143      




Clocks
======

            Clock    Clock net        Group  Constrained Period(ps)      Waveform(ps)   Achievable Period(ps)  Achievable Frequency(MHz)
   --------------  -----------  -----------  ----------------------  -----------------  ---------------------  -------------------------
              clk          clk   <UDEF_clk>           (auto) 2000            (0,1000)                   9365                    106.781 




Clock Relationships
===================

       From Clock        To Clock               Group    Endpoints     WNS(ps)    TNS(ps)  TNS Endpoints
   --------------  --------------  ------------------  -----------  ----------  ---------  -------------
              clk             clk          <UDEF_clk>          143       -7366    -660562            143




Timing Details for Clock Pair clk and clk
=========================================

       From Clock        To Clock               Group    Endpoints     WNS(ps)    TNS(ps)  TNS Endpoints
   --------------  --------------  ------------------  -----------  ----------  ---------  -------------
              clk             clk          <UDEF_clk>          143       -7366    -660562            143

Path 146:
   Slack (not met):                         -7366ps
     Path type:                               SETUP
     Group:                              <UDEF_clk>
     Launching clock:                           clk (rising edge)
     Capturing clock:                           clk (rising edge)

     Requested period:                       2000ps
   + Delay of the capturing clock:           2315ps
   - Clock uncertainty:                       150ps
   = Required time:                          4165ps
   - Propagation time:                       9210ps (59.6% logic, 40.4% route, logic stage 5)
   - Delay of the launching clock:           2321ps
   = Slack:                                 -7366ps

   Instance/Pin or Net Name                            Type         ID     Location or Fanout   Delay(ps)  Edge  Arrival Time(ps)    Instance detail                                                                                                 
   ----------------------------------------------------------------------------------------------------------------------------------------------------------------------------------------------------------------------------------------------------
   clk                                                 CLOCK-PORT    -                      -     launch     r               0                                                                                                                       
   clk                                                 Clock net     5           (fanout=489)       2321                     -                                                                                                                       
   RBB_16/CLK                                          RBB_6L       16  [TILE 0 0, RBB 13 14]          -     r            2321                                                                                                                       
   ----------------------------------------------------------------------------------------------------------------------------------------------------------------------------------------------------------------------------------------------------
   RBB_16/CMUX                                         RBB_6L       16  [TILE 0 0, RBB 13 14]       1380     r            3701     {inst34: U_uart_rx.r_Clock_Count_FDRE_Q_15 (FDE,site=cffo)}                                                       
   U_uart_rx.r_Clock_Count[2]                          Net          21             (fanout=4)        949                     -                                                                                                                       
   RBB_18/A5                                           RBB_6L       18  [TILE 0 0, RBB 13 16]          -     r            4650                                                                                                                       
   RBB_18/A                                            RBB_6L       18  [TILE 0 0, RBB 13 16]        695     r            5345     {inst87: rx_LUT5_I0_3_I2_CARRY4_O_O_2_CARRY4_O_DI_LUT5_O (LUT,site=alut)}                                         
   rx_LUT5_I0_3_I2_CARRY4_O_O_2_CARRY4_O_DI            Net          55             (fanout=1)        921                     -                                                                                                                       
   RBB_12/A6                                           RBB_6L       12  [TILE 0 0, RBB 10 14]          -     r            6266                                                                                                                       
   RBB_12/DMUX                                         RBB_6L       12  [TILE 0 0, RBB 10 14]       1313     r            7579     {inst86: rx_LUT5_I0_3_I2_CARRY4_O_O_2_CARRY4_O (CARRY4)}                                                          
   rx_LUT5_I0_3_I2_CARRY4_O_O_2[3]                     Net         155            (fanout=13)        631                     -                                                                                                                       
   RBB_15/D2                                           RBB_6L       15   [TILE 0 0, RBB 7 14]          -     r            8210                                                                                                                       
   RBB_15/D                                            RBB_6L       15   [TILE 0 0, RBB 7 14]        599     r            8809     {inst21: U_uart_rx.FSM_STATE_FDRE_Q_D_MUXF8_O_I1_MUXF7_O_I1_LUT2_O (LUT,site=dlut)}                               
   U_uart_rx.FSM_STATE_FDRE_Q_D_MUXF8_O_I1_MUXF7_O_I1  Net          75             (fanout=1)        593                     -                                                                                                                       
   RBB_15/A3                                           RBB_6L       15   [TILE 0 0, RBB 7 14]          -     r            9402                                                                                                                       
   RBB_15/AMUX                                         RBB_6L       15   [TILE 0 0, RBB 7 14]        682     r           10084     {inst20: U_uart_rx.FSM_STATE_FDRE_Q_D_MUXF8_O_I1_MUXF7_O (LUT,site=aluto)}                                        
   U_uart_rx.FSM_STATE_FDRE_Q_D_MUXF8_O_I1             Net         158             (fanout=1)        623                     -                                                                                                                       
   RBB_15/A1                                           RBB_6L       15   [TILE 0 0, RBB 7 14]          -     r           10707     {inst13: U_uart_rx.FSM_STATE_FDRE_Q_D_MUXF8_O (LUT,site=alut)} {inst10: U_uart_rx.FSM_STATE_FDRE_Q (FD,site=aff)} 
   ----------------------------------------------------------------------------------------------------------------------------------------------------------------------------------------------------------------------------------------------------
   RBB_15/CLK                                          RBB_6L       15   [TILE 0 0, RBB 7 14]        824     r           11531                                                                                                                       
   clk                                                 Clock net     5           (fanout=489)      -2315                     -                                                                                                                       
   clk                                                 CLOCK-PORT    -                      -    capture     r            9216                                                                                                                       
   ----------------------------------------------------------------------------------------------------------------------------------------------------------------------------------------------------------------------------------------------------


Path 19:
   Slack (not met):                         -7331ps
     Path type:                               SETUP
     Group:                              <UDEF_clk>
     Launching clock:                           clk (rising edge)
     Capturing clock:                           clk (rising edge)

     Requested period:                       2000ps
   + Delay of the capturing clock:           2323ps
   - Clock uncertainty:                       150ps
   = Required time:                          4173ps
   - Propagation time:                       9183ps (47.5% logic, 52.5% route, logic stage 4)
   - Delay of the launching clock:           2321ps
   = Slack:                                 -7331ps

   Instance/Pin or Net Name      Type         ID     Location or Fanout   Delay(ps)  Edge  Arrival Time(ps)    Instance detail                                             
   --------------------------------------------------------------------------------------------------------------------------------------------------------------------------
   clk                           CLOCK-PORT    -                      -     launch     r               0                                                                   
   clk                           Clock net     5           (fanout=489)       2321                     -                                                                   
   RBB_16/CLK                    RBB_6L       16  [TILE 0 0, RBB 13 14]          -     r            2321                                                                   
   --------------------------------------------------------------------------------------------------------------------------------------------------------------------------
   RBB_16/CMUX                   RBB_6L       16  [TILE 0 0, RBB 13 14]       1380     r            3701     {inst34: U_uart_rx.r_Clock_Count_FDRE_Q_15 (FDE,site=cffo)}   
   U_uart_rx.r_Clock_Count[2]    Net          21             (fanout=4)        949                     -                                                                   
   RBB_18/B5                     RBB_6L       18  [TILE 0 0, RBB 13 16]          -     r            4650                                                                   
   RBB_18/B                      RBB_6L       18  [TILE 0 0, RBB 13 16]        717     r            5367     {inst111: rx_LUT5_I0_3_I3_LUT5_O_I0_LUT3_O (LUT,site=blut)}   
   rx_LUT5_I0_3_I3_LUT5_O_I0[3]  Net         137             (fanout=1)       1390                     -                                                                   
   RBB_13/D4                     RBB_6L       13  [TILE 0 0, RBB 10 10]          -     r            6757                                                                   
   RBB_13/D                      RBB_6L       13  [TILE 0 0, RBB 10 10]        653     r            7410     {inst110: rx_LUT5_I0_3_I3_LUT5_O (LUT,site=dlut)}             
   rx_LUT5_I0_3_I3[2]            Net          59             (fanout=8)       1324                     -                                                                   
   RBB_6/D5                      RBB_6L        6   [TILE 0 0, RBB 7 12]          -     r            8734                                                                   
   RBB_6/DMUX                    RBB_6L        6   [TILE 0 0, RBB 7 12]        875     r            9609     {inst78: rx_LUT5_I0_3 (LUT,site=dluto)}                       
   rx_LUT5_I0_3_O                Net         128             (fanout=4)       1156                     -                                                                   
   RBB_17/A6                     RBB_6L       17  [TILE 0 0, RBB 13 10]          -     r           10765     {<CE>inst44: U_uart_rx.r_Clock_Count_FDRE_Q_9 (FDE,site=cff)} 
   --------------------------------------------------------------------------------------------------------------------------------------------------------------------------
   RBB_17/CLK                    RBB_6L       17  [TILE 0 0, RBB 13 10]        739     r           11504                                                                   
   clk                           Clock net     5           (fanout=489)      -2323                     -                                                                   
   clk                           CLOCK-PORT    -                      -    capture     r            9181                                                                   
   --------------------------------------------------------------------------------------------------------------------------------------------------------------------------


Path 21:
   Slack (not met):                         -7331ps
     Path type:                               SETUP
     Group:                              <UDEF_clk>
     Launching clock:                           clk (rising edge)
     Capturing clock:                           clk (rising edge)

     Requested period:                       2000ps
   + Delay of the capturing clock:           2323ps
   - Clock uncertainty:                       150ps
   = Required time:                          4173ps
   - Propagation time:                       9183ps (47.5% logic, 52.5% route, logic stage 4)
   - Delay of the launching clock:           2321ps
   = Slack:                                 -7331ps

   Instance/Pin or Net Name      Type         ID     Location or Fanout   Delay(ps)  Edge  Arrival Time(ps)    Instance detail                                              
   ---------------------------------------------------------------------------------------------------------------------------------------------------------------------------
   clk                           CLOCK-PORT    -                      -     launch     r               0                                                                    
   clk                           Clock net     5           (fanout=489)       2321                     -                                                                    
   RBB_16/CLK                    RBB_6L       16  [TILE 0 0, RBB 13 14]          -     r            2321                                                                    
   ---------------------------------------------------------------------------------------------------------------------------------------------------------------------------
   RBB_16/CMUX                   RBB_6L       16  [TILE 0 0, RBB 13 14]       1380     r            3701     {inst34: U_uart_rx.r_Clock_Count_FDRE_Q_15 (FDE,site=cffo)}    
   U_uart_rx.r_Clock_Count[2]    Net          21             (fanout=4)        949                     -                                                                    
   RBB_18/B5                     RBB_6L       18  [TILE 0 0, RBB 13 16]          -     r            4650                                                                    
   RBB_18/B                      RBB_6L       18  [TILE 0 0, RBB 13 16]        717     r            5367     {inst111: rx_LUT5_I0_3_I3_LUT5_O_I0_LUT3_O (LUT,site=blut)}    
   rx_LUT5_I0_3_I3_LUT5_O_I0[3]  Net         137             (fanout=1)       1390                     -                                                                    
   RBB_13/D4                     RBB_6L       13  [TILE 0 0, RBB 10 10]          -     r            6757                                                                    
   RBB_13/D                      RBB_6L       13  [TILE 0 0, RBB 10 10]        653     r            7410     {inst110: rx_LUT5_I0_3_I3_LUT5_O (LUT,site=dlut)}              
   rx_LUT5_I0_3_I3[2]            Net          59             (fanout=8)       1324                     -                                                                    
   RBB_6/D5                      RBB_6L        6   [TILE 0 0, RBB 7 12]          -     r            8734                                                                    
   RBB_6/DMUX                    RBB_6L        6   [TILE 0 0, RBB 7 12]        875     r            9609     {inst78: rx_LUT5_I0_3 (LUT,site=dluto)}                        
   rx_LUT5_I0_3_O                Net         128             (fanout=4)       1156                     -                                                                    
   RBB_17/A6                     RBB_6L       17  [TILE 0 0, RBB 13 10]          -     r           10765     {<CE>inst29: U_uart_rx.r_Clock_Count_FDRE_Q_10 (FDE,site=bff)} 
   ---------------------------------------------------------------------------------------------------------------------------------------------------------------------------
   RBB_17/CLK                    RBB_6L       17  [TILE 0 0, RBB 13 10]        739     r           11504                                                                    
   clk                           Clock net     5           (fanout=489)      -2323                     -                                                                    
   clk                           CLOCK-PORT    -                      -    capture     r            9181                                                                    
   ---------------------------------------------------------------------------------------------------------------------------------------------------------------------------


Path 25:
   Slack (not met):                         -7331ps
     Path type:                               SETUP
     Group:                              <UDEF_clk>
     Launching clock:                           clk (rising edge)
     Capturing clock:                           clk (rising edge)

     Requested period:                       2000ps
   + Delay of the capturing clock:           2323ps
   - Clock uncertainty:                       150ps
   = Required time:                          4173ps
   - Propagation time:                       9183ps (47.5% logic, 52.5% route, logic stage 4)
   - Delay of the launching clock:           2321ps
   = Slack:                                 -7331ps

   Instance/Pin or Net Name      Type         ID     Location or Fanout   Delay(ps)  Edge  Arrival Time(ps)    Instance detail                                              
   ---------------------------------------------------------------------------------------------------------------------------------------------------------------------------
   clk                           CLOCK-PORT    -                      -     launch     r               0                                                                    
   clk                           Clock net     5           (fanout=489)       2321                     -                                                                    
   RBB_16/CLK                    RBB_6L       16  [TILE 0 0, RBB 13 14]          -     r            2321                                                                    
   ---------------------------------------------------------------------------------------------------------------------------------------------------------------------------
   RBB_16/CMUX                   RBB_6L       16  [TILE 0 0, RBB 13 14]       1380     r            3701     {inst34: U_uart_rx.r_Clock_Count_FDRE_Q_15 (FDE,site=cffo)}    
   U_uart_rx.r_Clock_Count[2]    Net          21             (fanout=4)        949                     -                                                                    
   RBB_18/B5                     RBB_6L       18  [TILE 0 0, RBB 13 16]          -     r            4650                                                                    
   RBB_18/B                      RBB_6L       18  [TILE 0 0, RBB 13 16]        717     r            5367     {inst111: rx_LUT5_I0_3_I3_LUT5_O_I0_LUT3_O (LUT,site=blut)}    
   rx_LUT5_I0_3_I3_LUT5_O_I0[3]  Net         137             (fanout=1)       1390                     -                                                                    
   RBB_13/D4                     RBB_6L       13  [TILE 0 0, RBB 10 10]          -     r            6757                                                                    
   RBB_13/D                      RBB_6L       13  [TILE 0 0, RBB 10 10]        653     r            7410     {inst110: rx_LUT5_I0_3_I3_LUT5_O (LUT,site=dlut)}              
   rx_LUT5_I0_3_I3[2]            Net          59             (fanout=8)       1324                     -                                                                    
   RBB_6/D5                      RBB_6L        6   [TILE 0 0, RBB 7 12]          -     r            8734                                                                    
   RBB_6/DMUX                    RBB_6L        6   [TILE 0 0, RBB 7 12]        875     r            9609     {inst78: rx_LUT5_I0_3 (LUT,site=dluto)}                        
   rx_LUT5_I0_3_O                Net         128             (fanout=4)       1156                     -                                                                    
   RBB_17/A6                     RBB_6L       17  [TILE 0 0, RBB 13 10]          -     r           10765     {<CE>inst43: U_uart_rx.r_Clock_Count_FDRE_Q_8 (FDE,site=affo)} 
   ---------------------------------------------------------------------------------------------------------------------------------------------------------------------------
   RBB_17/CLK                    RBB_6L       17  [TILE 0 0, RBB 13 10]        739     r           11504                                                                    
   clk                           Clock net     5           (fanout=489)      -2323                     -                                                                    
   clk                           CLOCK-PORT    -                      -    capture     r            9181                                                                    
   ---------------------------------------------------------------------------------------------------------------------------------------------------------------------------


Path 26:
   Slack (not met):                         -7331ps
     Path type:                               SETUP
     Group:                              <UDEF_clk>
     Launching clock:                           clk (rising edge)
     Capturing clock:                           clk (rising edge)

     Requested period:                       2000ps
   + Delay of the capturing clock:           2323ps
   - Clock uncertainty:                       150ps
   = Required time:                          4173ps
   - Propagation time:                       9183ps (47.5% logic, 52.5% route, logic stage 4)
   - Delay of the launching clock:           2321ps
   = Slack:                                 -7331ps

   Instance/Pin or Net Name      Type         ID     Location or Fanout   Delay(ps)  Edge  Arrival Time(ps)    Instance detail                                             
   --------------------------------------------------------------------------------------------------------------------------------------------------------------------------
   clk                           CLOCK-PORT    -                      -     launch     r               0                                                                   
   clk                           Clock net     5           (fanout=489)       2321                     -                                                                   
   RBB_16/CLK                    RBB_6L       16  [TILE 0 0, RBB 13 14]          -     r            2321                                                                   
   --------------------------------------------------------------------------------------------------------------------------------------------------------------------------
   RBB_16/CMUX                   RBB_6L       16  [TILE 0 0, RBB 13 14]       1380     r            3701     {inst34: U_uart_rx.r_Clock_Count_FDRE_Q_15 (FDE,site=cffo)}   
   U_uart_rx.r_Clock_Count[2]    Net          21             (fanout=4)        949                     -                                                                   
   RBB_18/B5                     RBB_6L       18  [TILE 0 0, RBB 13 16]          -     r            4650                                                                   
   RBB_18/B                      RBB_6L       18  [TILE 0 0, RBB 13 16]        717     r            5367     {inst111: rx_LUT5_I0_3_I3_LUT5_O_I0_LUT3_O (LUT,site=blut)}   
   rx_LUT5_I0_3_I3_LUT5_O_I0[3]  Net         137             (fanout=1)       1390                     -                                                                   
   RBB_13/D4                     RBB_6L       13  [TILE 0 0, RBB 10 10]          -     r            6757                                                                   
   RBB_13/D                      RBB_6L       13  [TILE 0 0, RBB 10 10]        653     r            7410     {inst110: rx_LUT5_I0_3_I3_LUT5_O (LUT,site=dlut)}             
   rx_LUT5_I0_3_I3[2]            Net          59             (fanout=8)       1324                     -                                                                   
   RBB_6/D5                      RBB_6L        6   [TILE 0 0, RBB 7 12]          -     r            8734                                                                   
   RBB_6/DMUX                    RBB_6L        6   [TILE 0 0, RBB 7 12]        875     r            9609     {inst78: rx_LUT5_I0_3 (LUT,site=dluto)}                       
   rx_LUT5_I0_3_O                Net         128             (fanout=4)       1156                     -                                                                   
   RBB_17/A6                     RBB_6L       17  [TILE 0 0, RBB 13 10]          -     r           10765     {<CE>inst42: U_uart_rx.r_Clock_Count_FDRE_Q_7 (FDE,site=aff)} 
   --------------------------------------------------------------------------------------------------------------------------------------------------------------------------
   RBB_17/CLK                    RBB_6L       17  [TILE 0 0, RBB 13 10]        739     r           11504                                                                   
   clk                           Clock net     5           (fanout=489)      -2323                     -                                                                   
   clk                           CLOCK-PORT    -                      -    capture     r            9181                                                                   
   --------------------------------------------------------------------------------------------------------------------------------------------------------------------------


Path 20:
   Slack (not met):                         -7331ps
     Path type:                               SETUP
     Group:                              <UDEF_clk>
     Launching clock:                           clk (rising edge)
     Capturing clock:                           clk (rising edge)

     Requested period:                       2000ps
   + Delay of the capturing clock:           2323ps
   - Clock uncertainty:                       150ps
   = Required time:                          4173ps
   - Propagation time:                       9183ps (47.5% logic, 52.5% route, logic stage 4)
   - Delay of the launching clock:           2321ps
   = Slack:                                 -7331ps

   Instance/Pin or Net Name      Type         ID     Location or Fanout   Delay(ps)  Edge  Arrival Time(ps)    Instance detail                                              
   ---------------------------------------------------------------------------------------------------------------------------------------------------------------------------
   clk                           CLOCK-PORT    -                      -     launch     r               0                                                                    
   clk                           Clock net     5           (fanout=489)       2321                     -                                                                    
   RBB_16/CLK                    RBB_6L       16  [TILE 0 0, RBB 13 14]          -     r            2321                                                                    
   ---------------------------------------------------------------------------------------------------------------------------------------------------------------------------
   RBB_16/CMUX                   RBB_6L       16  [TILE 0 0, RBB 13 14]       1380     r            3701     {inst34: U_uart_rx.r_Clock_Count_FDRE_Q_15 (FDE,site=cffo)}    
   U_uart_rx.r_Clock_Count[2]    Net          21             (fanout=4)        949                     -                                                                    
   RBB_18/B5                     RBB_6L       18  [TILE 0 0, RBB 13 16]          -     r            4650                                                                    
   RBB_18/B                      RBB_6L       18  [TILE 0 0, RBB 13 16]        717     r            5367     {inst111: rx_LUT5_I0_3_I3_LUT5_O_I0_LUT3_O (LUT,site=blut)}    
   rx_LUT5_I0_3_I3_LUT5_O_I0[3]  Net         137             (fanout=1)       1390                     -                                                                    
   RBB_13/D4                     RBB_6L       13  [TILE 0 0, RBB 10 10]          -     r            6757                                                                    
   RBB_13/D                      RBB_6L       13  [TILE 0 0, RBB 10 10]        653     r            7410     {inst110: rx_LUT5_I0_3_I3_LUT5_O (LUT,site=dlut)}              
   rx_LUT5_I0_3_I3[2]            Net          59             (fanout=8)       1324                     -                                                                    
   RBB_6/D5                      RBB_6L        6   [TILE 0 0, RBB 7 12]          -     r            8734                                                                    
   RBB_6/DMUX                    RBB_6L        6   [TILE 0 0, RBB 7 12]        875     r            9609     {inst78: rx_LUT5_I0_3 (LUT,site=dluto)}                        
   rx_LUT5_I0_3_O                Net         128             (fanout=4)       1156                     -                                                                    
   RBB_17/A6                     RBB_6L       17  [TILE 0 0, RBB 13 10]          -     r           10765     {<CE>inst41: U_uart_rx.r_Clock_Count_FDRE_Q_6 (FDE,site=cffo)} 
   ---------------------------------------------------------------------------------------------------------------------------------------------------------------------------
   RBB_17/CLK                    RBB_6L       17  [TILE 0 0, RBB 13 10]        739     r           11504                                                                    
   clk                           Clock net     5           (fanout=489)      -2323                     -                                                                    
   clk                           CLOCK-PORT    -                      -    capture     r            9181                                                                    
   ---------------------------------------------------------------------------------------------------------------------------------------------------------------------------


Path 14:
   Slack (not met):                         -7291ps
     Path type:                               SETUP
     Group:                              <UDEF_clk>
     Launching clock:                           clk (rising edge)
     Capturing clock:                           clk (rising edge)

     Requested period:                       2000ps
   + Delay of the capturing clock:           2324ps
   - Clock uncertainty:                       150ps
   = Required time:                          4174ps
   - Propagation time:                       9144ps (47.7% logic, 52.3% route, logic stage 4)
   - Delay of the launching clock:           2321ps
   = Slack:                                 -7291ps

   Instance/Pin or Net Name      Type         ID     Location or Fanout   Delay(ps)  Edge  Arrival Time(ps)    Instance detail                                              
   ---------------------------------------------------------------------------------------------------------------------------------------------------------------------------
   clk                           CLOCK-PORT    -                      -     launch     r               0                                                                    
   clk                           Clock net     5           (fanout=489)       2321                     -                                                                    
   RBB_16/CLK                    RBB_6L       16  [TILE 0 0, RBB 13 14]          -     r            2321                                                                    
   ---------------------------------------------------------------------------------------------------------------------------------------------------------------------------
   RBB_16/CMUX                   RBB_6L       16  [TILE 0 0, RBB 13 14]       1380     r            3701     {inst34: U_uart_rx.r_Clock_Count_FDRE_Q_15 (FDE,site=cffo)}    
   U_uart_rx.r_Clock_Count[2]    Net          21             (fanout=4)        949                     -                                                                    
   RBB_18/B5                     RBB_6L       18  [TILE 0 0, RBB 13 16]          -     r            4650                                                                    
   RBB_18/B                      RBB_6L       18  [TILE 0 0, RBB 13 16]        717     r            5367     {inst111: rx_LUT5_I0_3_I3_LUT5_O_I0_LUT3_O (LUT,site=blut)}    
   rx_LUT5_I0_3_I3_LUT5_O_I0[3]  Net         137             (fanout=1)       1390                     -                                                                    
   RBB_13/D4                     RBB_6L       13  [TILE 0 0, RBB 10 10]          -     r            6757                                                                    
   RBB_13/D                      RBB_6L       13  [TILE 0 0, RBB 10 10]        653     r            7410     {inst110: rx_LUT5_I0_3_I3_LUT5_O (LUT,site=dlut)}              
   rx_LUT5_I0_3_I3[2]            Net          59             (fanout=8)       1324                     -                                                                    
   RBB_6/D5                      RBB_6L        6   [TILE 0 0, RBB 7 12]          -     r            8734                                                                    
   RBB_6/DMUX                    RBB_6L        6   [TILE 0 0, RBB 7 12]        875     r            9609     {inst78: rx_LUT5_I0_3 (LUT,site=dluto)}                        
   rx_LUT5_I0_3_O                Net         128             (fanout=4)       1117                     -                                                                    
   RBB_18/A6                     RBB_6L       18  [TILE 0 0, RBB 13 16]          -     r           10726     {<CE>inst36: U_uart_rx.r_Clock_Count_FDRE_Q_17 (FDE,site=cff)} 
   ---------------------------------------------------------------------------------------------------------------------------------------------------------------------------
   RBB_18/CLK                    RBB_6L       18  [TILE 0 0, RBB 13 16]        739     r           11465                                                                    
   clk                           Clock net     5           (fanout=489)      -2324                     -                                                                    
   clk                           CLOCK-PORT    -                      -    capture     r            9141                                                                    
   ---------------------------------------------------------------------------------------------------------------------------------------------------------------------------


Path 15:
   Slack (not met):                         -7291ps
     Path type:                               SETUP
     Group:                              <UDEF_clk>
     Launching clock:                           clk (rising edge)
     Capturing clock:                           clk (rising edge)

     Requested period:                       2000ps
   + Delay of the capturing clock:           2324ps
   - Clock uncertainty:                       150ps
   = Required time:                          4174ps
   - Propagation time:                       9144ps (47.7% logic, 52.3% route, logic stage 4)
   - Delay of the launching clock:           2321ps
   = Slack:                                 -7291ps

   Instance/Pin or Net Name      Type         ID     Location or Fanout   Delay(ps)  Edge  Arrival Time(ps)    Instance detail                                              
   ---------------------------------------------------------------------------------------------------------------------------------------------------------------------------
   clk                           CLOCK-PORT    -                      -     launch     r               0                                                                    
   clk                           Clock net     5           (fanout=489)       2321                     -                                                                    
   RBB_16/CLK                    RBB_6L       16  [TILE 0 0, RBB 13 14]          -     r            2321                                                                    
   ---------------------------------------------------------------------------------------------------------------------------------------------------------------------------
   RBB_16/CMUX                   RBB_6L       16  [TILE 0 0, RBB 13 14]       1380     r            3701     {inst34: U_uart_rx.r_Clock_Count_FDRE_Q_15 (FDE,site=cffo)}    
   U_uart_rx.r_Clock_Count[2]    Net          21             (fanout=4)        949                     -                                                                    
   RBB_18/B5                     RBB_6L       18  [TILE 0 0, RBB 13 16]          -     r            4650                                                                    
   RBB_18/B                      RBB_6L       18  [TILE 0 0, RBB 13 16]        717     r            5367     {inst111: rx_LUT5_I0_3_I3_LUT5_O_I0_LUT3_O (LUT,site=blut)}    
   rx_LUT5_I0_3_I3_LUT5_O_I0[3]  Net         137             (fanout=1)       1390                     -                                                                    
   RBB_13/D4                     RBB_6L       13  [TILE 0 0, RBB 10 10]          -     r            6757                                                                    
   RBB_13/D                      RBB_6L       13  [TILE 0 0, RBB 10 10]        653     r            7410     {inst110: rx_LUT5_I0_3_I3_LUT5_O (LUT,site=dlut)}              
   rx_LUT5_I0_3_I3[2]            Net          59             (fanout=8)       1324                     -                                                                    
   RBB_6/D5                      RBB_6L        6   [TILE 0 0, RBB 7 12]          -     r            8734                                                                    
   RBB_6/DMUX                    RBB_6L        6   [TILE 0 0, RBB 7 12]        875     r            9609     {inst78: rx_LUT5_I0_3 (LUT,site=dluto)}                        
   rx_LUT5_I0_3_O                Net         128             (fanout=4)       1117                     -                                                                    
   RBB_18/A6                     RBB_6L       18  [TILE 0 0, RBB 13 16]          -     r           10726     {<CE>inst35: U_uart_rx.r_Clock_Count_FDRE_Q_16 (FDE,site=dff)} 
   ---------------------------------------------------------------------------------------------------------------------------------------------------------------------------
   RBB_18/CLK                    RBB_6L       18  [TILE 0 0, RBB 13 16]        739     r           11465                                                                    
   clk                           Clock net     5           (fanout=489)      -2324                     -                                                                    
   clk                           CLOCK-PORT    -                      -    capture     r            9141                                                                    
   ---------------------------------------------------------------------------------------------------------------------------------------------------------------------------


Path 23:
   Slack (not met):                         -7190ps
     Path type:                               SETUP
     Group:                              <UDEF_clk>
     Launching clock:                           clk (rising edge)
     Capturing clock:                           clk (rising edge)

     Requested period:                       2000ps
   + Delay of the capturing clock:           2321ps
   - Clock uncertainty:                       150ps
   = Required time:                          4171ps
   - Propagation time:                       9040ps (49.2% logic, 50.8% route, logic stage 4)
   - Delay of the launching clock:           2321ps
   = Slack:                                 -7190ps

   Instance/Pin or Net Name      Type         ID     Location or Fanout   Delay(ps)  Edge  Arrival Time(ps)    Instance detail                                               
   ----------------------------------------------------------------------------------------------------------------------------------------------------------------------------
   clk                           CLOCK-PORT    -                      -     launch     r               0                                                                     
   clk                           Clock net     5           (fanout=489)       2321                     -                                                                     
   RBB_16/CLK                    RBB_6L       16  [TILE 0 0, RBB 13 14]          -     r            2321                                                                     
   ----------------------------------------------------------------------------------------------------------------------------------------------------------------------------
   RBB_16/CMUX                   RBB_6L       16  [TILE 0 0, RBB 13 14]       1380     r            3701     {inst34: U_uart_rx.r_Clock_Count_FDRE_Q_15 (FDE,site=cffo)}     
   U_uart_rx.r_Clock_Count[2]    Net          21             (fanout=4)        949                     -                                                                     
   RBB_18/B5                     RBB_6L       18  [TILE 0 0, RBB 13 16]          -     r            4650                                                                     
   RBB_18/B                      RBB_6L       18  [TILE 0 0, RBB 13 16]        717     r            5367     {inst111: rx_LUT5_I0_3_I3_LUT5_O_I0_LUT3_O (LUT,site=blut)}     
   rx_LUT5_I0_3_I3_LUT5_O_I0[3]  Net         137             (fanout=1)       1390                     -                                                                     
   RBB_13/D4                     RBB_6L       13  [TILE 0 0, RBB 10 10]          -     r            6757                                                                     
   RBB_13/D                      RBB_6L       13  [TILE 0 0, RBB 10 10]        653     r            7410     {inst110: rx_LUT5_I0_3_I3_LUT5_O (LUT,site=dlut)}               
   rx_LUT5_I0_3_I3[2]            Net          59             (fanout=8)       1324                     -                                                                     
   RBB_6/D5                      RBB_6L        6   [TILE 0 0, RBB 7 12]          -     r            8734                                                                     
   RBB_6/DMUX                    RBB_6L        6   [TILE 0 0, RBB 7 12]        875     r            9609     {inst78: rx_LUT5_I0_3 (LUT,site=dluto)}                         
   rx_LUT5_I0_3_O                Net         128             (fanout=4)        930                     -                                                                     
   RBB_16/A6                     RBB_6L       16  [TILE 0 0, RBB 13 14]          -     r           10539     {<CE>inst34: U_uart_rx.r_Clock_Count_FDRE_Q_15 (FDE,site=cffo)} 
   ----------------------------------------------------------------------------------------------------------------------------------------------------------------------------
   RBB_16/CLK                    RBB_6L       16  [TILE 0 0, RBB 13 14]        822     r           11361                                                                     
   clk                           Clock net     5           (fanout=489)      -2321                     -                                                                     
   clk                           CLOCK-PORT    -                      -    capture     r            9040                                                                     
   ----------------------------------------------------------------------------------------------------------------------------------------------------------------------------


Path 22:
   Slack (not met):                         -7190ps
     Path type:                               SETUP
     Group:                              <UDEF_clk>
     Launching clock:                           clk (rising edge)
     Capturing clock:                           clk (rising edge)

     Requested period:                       2000ps
   + Delay of the capturing clock:           2321ps
   - Clock uncertainty:                       150ps
   = Required time:                          4171ps
   - Propagation time:                       9040ps (49.2% logic, 50.8% route, logic stage 4)
   - Delay of the launching clock:           2321ps
   = Slack:                                 -7190ps

   Instance/Pin or Net Name      Type         ID     Location or Fanout   Delay(ps)  Edge  Arrival Time(ps)    Instance detail                                              
   ---------------------------------------------------------------------------------------------------------------------------------------------------------------------------
   clk                           CLOCK-PORT    -                      -     launch     r               0                                                                    
   clk                           Clock net     5           (fanout=489)       2321                     -                                                                    
   RBB_16/CLK                    RBB_6L       16  [TILE 0 0, RBB 13 14]          -     r            2321                                                                    
   ---------------------------------------------------------------------------------------------------------------------------------------------------------------------------
   RBB_16/CMUX                   RBB_6L       16  [TILE 0 0, RBB 13 14]       1380     r            3701     {inst34: U_uart_rx.r_Clock_Count_FDRE_Q_15 (FDE,site=cffo)}    
   U_uart_rx.r_Clock_Count[2]    Net          21             (fanout=4)        949                     -                                                                    
   RBB_18/B5                     RBB_6L       18  [TILE 0 0, RBB 13 16]          -     r            4650                                                                    
   RBB_18/B                      RBB_6L       18  [TILE 0 0, RBB 13 16]        717     r            5367     {inst111: rx_LUT5_I0_3_I3_LUT5_O_I0_LUT3_O (LUT,site=blut)}    
   rx_LUT5_I0_3_I3_LUT5_O_I0[3]  Net         137             (fanout=1)       1390                     -                                                                    
   RBB_13/D4                     RBB_6L       13  [TILE 0 0, RBB 10 10]          -     r            6757                                                                    
   RBB_13/D                      RBB_6L       13  [TILE 0 0, RBB 10 10]        653     r            7410     {inst110: rx_LUT5_I0_3_I3_LUT5_O (LUT,site=dlut)}              
   rx_LUT5_I0_3_I3[2]            Net          59             (fanout=8)       1324                     -                                                                    
   RBB_6/D5                      RBB_6L        6   [TILE 0 0, RBB 7 12]          -     r            8734                                                                    
   RBB_6/DMUX                    RBB_6L        6   [TILE 0 0, RBB 7 12]        875     r            9609     {inst78: rx_LUT5_I0_3 (LUT,site=dluto)}                        
   rx_LUT5_I0_3_O                Net         128             (fanout=4)        930                     -                                                                    
   RBB_16/A6                     RBB_6L       16  [TILE 0 0, RBB 13 14]          -     r           10539     {<CE>inst32: U_uart_rx.r_Clock_Count_FDRE_Q_13 (FDE,site=bff)} 
   ---------------------------------------------------------------------------------------------------------------------------------------------------------------------------
   RBB_16/CLK                    RBB_6L       16  [TILE 0 0, RBB 13 14]        822     r           11361                                                                    
   clk                           Clock net     5           (fanout=489)      -2321                     -                                                                    
   clk                           CLOCK-PORT    -                      -    capture     r            9040                                                                    
   ---------------------------------------------------------------------------------------------------------------------------------------------------------------------------


Path 13:
   Slack (not met):                         -7190ps
     Path type:                               SETUP
     Group:                              <UDEF_clk>
     Launching clock:                           clk (rising edge)
     Capturing clock:                           clk (rising edge)

     Requested period:                       2000ps
   + Delay of the capturing clock:           2321ps
   - Clock uncertainty:                       150ps
   = Required time:                          4171ps
   - Propagation time:                       9040ps (49.2% logic, 50.8% route, logic stage 4)
   - Delay of the launching clock:           2321ps
   = Slack:                                 -7190ps

   Instance/Pin or Net Name      Type         ID     Location or Fanout   Delay(ps)  Edge  Arrival Time(ps)    Instance detail                                              
   ---------------------------------------------------------------------------------------------------------------------------------------------------------------------------
   clk                           CLOCK-PORT    -                      -     launch     r               0                                                                    
   clk                           Clock net     5           (fanout=489)       2321                     -                                                                    
   RBB_16/CLK                    RBB_6L       16  [TILE 0 0, RBB 13 14]          -     r            2321                                                                    
   ---------------------------------------------------------------------------------------------------------------------------------------------------------------------------
   RBB_16/CMUX                   RBB_6L       16  [TILE 0 0, RBB 13 14]       1380     r            3701     {inst34: U_uart_rx.r_Clock_Count_FDRE_Q_15 (FDE,site=cffo)}    
   U_uart_rx.r_Clock_Count[2]    Net          21             (fanout=4)        949                     -                                                                    
   RBB_18/B5                     RBB_6L       18  [TILE 0 0, RBB 13 16]          -     r            4650                                                                    
   RBB_18/B                      RBB_6L       18  [TILE 0 0, RBB 13 16]        717     r            5367     {inst111: rx_LUT5_I0_3_I3_LUT5_O_I0_LUT3_O (LUT,site=blut)}    
   rx_LUT5_I0_3_I3_LUT5_O_I0[3]  Net         137             (fanout=1)       1390                     -                                                                    
   RBB_13/D4                     RBB_6L       13  [TILE 0 0, RBB 10 10]          -     r            6757                                                                    
   RBB_13/D                      RBB_6L       13  [TILE 0 0, RBB 10 10]        653     r            7410     {inst110: rx_LUT5_I0_3_I3_LUT5_O (LUT,site=dlut)}              
   rx_LUT5_I0_3_I3[2]            Net          59             (fanout=8)       1324                     -                                                                    
   RBB_6/D5                      RBB_6L        6   [TILE 0 0, RBB 7 12]          -     r            8734                                                                    
   RBB_6/DMUX                    RBB_6L        6   [TILE 0 0, RBB 7 12]        875     r            9609     {inst78: rx_LUT5_I0_3 (LUT,site=dluto)}                        
   rx_LUT5_I0_3_O                Net         128             (fanout=4)        930                     -                                                                    
   RBB_16/A6                     RBB_6L       16  [TILE 0 0, RBB 13 14]          -     r           10539     {<CE>inst33: U_uart_rx.r_Clock_Count_FDRE_Q_14 (FDE,site=aff)} 
   ---------------------------------------------------------------------------------------------------------------------------------------------------------------------------
   RBB_16/CLK                    RBB_6L       16  [TILE 0 0, RBB 13 14]        822     r           11361                                                                    
   clk                           Clock net     5           (fanout=489)      -2321                     -                                                                    
   clk                           CLOCK-PORT    -                      -    capture     r            9040                                                                    
   ---------------------------------------------------------------------------------------------------------------------------------------------------------------------------


Path 24:
   Slack (not met):                         -7190ps
     Path type:                               SETUP
     Group:                              <UDEF_clk>
     Launching clock:                           clk (rising edge)
     Capturing clock:                           clk (rising edge)

     Requested period:                       2000ps
   + Delay of the capturing clock:           2321ps
   - Clock uncertainty:                       150ps
   = Required time:                          4171ps
   - Propagation time:                       9040ps (49.2% logic, 50.8% route, logic stage 4)
   - Delay of the launching clock:           2321ps
   = Slack:                                 -7190ps

   Instance/Pin or Net Name      Type         ID     Location or Fanout   Delay(ps)  Edge  Arrival Time(ps)    Instance detail                                              
   ---------------------------------------------------------------------------------------------------------------------------------------------------------------------------
   clk                           CLOCK-PORT    -                      -     launch     r               0                                                                    
   clk                           Clock net     5           (fanout=489)       2321                     -                                                                    
   RBB_16/CLK                    RBB_6L       16  [TILE 0 0, RBB 13 14]          -     r            2321                                                                    
   ---------------------------------------------------------------------------------------------------------------------------------------------------------------------------
   RBB_16/CMUX                   RBB_6L       16  [TILE 0 0, RBB 13 14]       1380     r            3701     {inst34: U_uart_rx.r_Clock_Count_FDRE_Q_15 (FDE,site=cffo)}    
   U_uart_rx.r_Clock_Count[2]    Net          21             (fanout=4)        949                     -                                                                    
   RBB_18/B5                     RBB_6L       18  [TILE 0 0, RBB 13 16]          -     r            4650                                                                    
   RBB_18/B                      RBB_6L       18  [TILE 0 0, RBB 13 16]        717     r            5367     {inst111: rx_LUT5_I0_3_I3_LUT5_O_I0_LUT3_O (LUT,site=blut)}    
   rx_LUT5_I0_3_I3_LUT5_O_I0[3]  Net         137             (fanout=1)       1390                     -                                                                    
   RBB_13/D4                     RBB_6L       13  [TILE 0 0, RBB 10 10]          -     r            6757                                                                    
   RBB_13/D                      RBB_6L       13  [TILE 0 0, RBB 10 10]        653     r            7410     {inst110: rx_LUT5_I0_3_I3_LUT5_O (LUT,site=dlut)}              
   rx_LUT5_I0_3_I3[2]            Net          59             (fanout=8)       1324                     -                                                                    
   RBB_6/D5                      RBB_6L        6   [TILE 0 0, RBB 7 12]          -     r            8734                                                                    
   RBB_6/DMUX                    RBB_6L        6   [TILE 0 0, RBB 7 12]        875     r            9609     {inst78: rx_LUT5_I0_3 (LUT,site=dluto)}                        
   rx_LUT5_I0_3_O                Net         128             (fanout=4)        930                     -                                                                    
   RBB_16/A6                     RBB_6L       16  [TILE 0 0, RBB 13 14]          -     r           10539     {<CE>inst31: U_uart_rx.r_Clock_Count_FDRE_Q_12 (FDE,site=cff)} 
   ---------------------------------------------------------------------------------------------------------------------------------------------------------------------------
   RBB_16/CLK                    RBB_6L       16  [TILE 0 0, RBB 13 14]        822     r           11361                                                                    
   clk                           Clock net     5           (fanout=489)      -2321                     -                                                                    
   clk                           CLOCK-PORT    -                      -    capture     r            9040                                                                    
   ---------------------------------------------------------------------------------------------------------------------------------------------------------------------------


Path 16:
   Slack (not met):                         -7091ps
     Path type:                               SETUP
     Group:                              <UDEF_clk>
     Launching clock:                           clk (rising edge)
     Capturing clock:                           clk (rising edge)

     Requested period:                       2000ps
   + Delay of the capturing clock:           2347ps
   - Clock uncertainty:                       150ps
   = Required time:                          4197ps
   - Propagation time:                       8967ps (49.6% logic, 50.4% route, logic stage 4)
   - Delay of the launching clock:           2321ps
   = Slack:                                 -7091ps

   Instance/Pin or Net Name      Type         ID     Location or Fanout   Delay(ps)  Edge  Arrival Time(ps)    Instance detail                                              
   ---------------------------------------------------------------------------------------------------------------------------------------------------------------------------
   clk                           CLOCK-PORT    -                      -     launch     r               0                                                                    
   clk                           Clock net     5           (fanout=489)       2321                     -                                                                    
   RBB_16/CLK                    RBB_6L       16  [TILE 0 0, RBB 13 14]          -     r            2321                                                                    
   ---------------------------------------------------------------------------------------------------------------------------------------------------------------------------
   RBB_16/CMUX                   RBB_6L       16  [TILE 0 0, RBB 13 14]       1380     r            3701     {inst34: U_uart_rx.r_Clock_Count_FDRE_Q_15 (FDE,site=cffo)}    
   U_uart_rx.r_Clock_Count[2]    Net          21             (fanout=4)        949                     -                                                                    
   RBB_18/B5                     RBB_6L       18  [TILE 0 0, RBB 13 16]          -     r            4650                                                                    
   RBB_18/B                      RBB_6L       18  [TILE 0 0, RBB 13 16]        717     r            5367     {inst111: rx_LUT5_I0_3_I3_LUT5_O_I0_LUT3_O (LUT,site=blut)}    
   rx_LUT5_I0_3_I3_LUT5_O_I0[3]  Net         137             (fanout=1)       1390                     -                                                                    
   RBB_13/D4                     RBB_6L       13  [TILE 0 0, RBB 10 10]          -     r            6757                                                                    
   RBB_13/D                      RBB_6L       13  [TILE 0 0, RBB 10 10]        653     r            7410     {inst110: rx_LUT5_I0_3_I3_LUT5_O (LUT,site=dlut)}              
   rx_LUT5_I0_3_I3[2]            Net          59             (fanout=8)       1324                     -                                                                    
   RBB_6/D5                      RBB_6L        6   [TILE 0 0, RBB 7 12]          -     r            8734                                                                    
   RBB_6/DMUX                    RBB_6L        6   [TILE 0 0, RBB 7 12]        875     r            9609     {inst78: rx_LUT5_I0_3 (LUT,site=dluto)}                        
   rx_LUT5_I0_3_O                Net         128             (fanout=4)        859                     -                                                                    
   RBB_19/A6                     RBB_6L       19  [TILE 0 0, RBB 10 12]          -     r           10468     {<CE>inst40: U_uart_rx.r_Clock_Count_FDRE_Q_5 (FDE,site=affo)} 
   ---------------------------------------------------------------------------------------------------------------------------------------------------------------------------
   RBB_19/CLK                    RBB_6L       19  [TILE 0 0, RBB 10 12]        820     r           11288                                                                    
   clk                           Clock net     5           (fanout=489)      -2347                     -                                                                    
   clk                           CLOCK-PORT    -                      -    capture     r            8941                                                                    
   ---------------------------------------------------------------------------------------------------------------------------------------------------------------------------


Path 28:
   Slack (not met):                         -7091ps
     Path type:                               SETUP
     Group:                              <UDEF_clk>
     Launching clock:                           clk (rising edge)
     Capturing clock:                           clk (rising edge)

     Requested period:                       2000ps
   + Delay of the capturing clock:           2347ps
   - Clock uncertainty:                       150ps
   = Required time:                          4197ps
   - Propagation time:                       8967ps (49.6% logic, 50.4% route, logic stage 4)
   - Delay of the launching clock:           2321ps
   = Slack:                                 -7091ps

   Instance/Pin or Net Name      Type         ID     Location or Fanout   Delay(ps)  Edge  Arrival Time(ps)    Instance detail                                           
   ------------------------------------------------------------------------------------------------------------------------------------------------------------------------
   clk                           CLOCK-PORT    -                      -     launch     r               0                                                                 
   clk                           Clock net     5           (fanout=489)       2321                     -                                                                 
   RBB_16/CLK                    RBB_6L       16  [TILE 0 0, RBB 13 14]          -     r            2321                                                                 
   ------------------------------------------------------------------------------------------------------------------------------------------------------------------------
   RBB_16/CMUX                   RBB_6L       16  [TILE 0 0, RBB 13 14]       1380     r            3701     {inst34: U_uart_rx.r_Clock_Count_FDRE_Q_15 (FDE,site=cffo)} 
   U_uart_rx.r_Clock_Count[2]    Net          21             (fanout=4)        949                     -                                                                 
   RBB_18/B5                     RBB_6L       18  [TILE 0 0, RBB 13 16]          -     r            4650                                                                 
   RBB_18/B                      RBB_6L       18  [TILE 0 0, RBB 13 16]        717     r            5367     {inst111: rx_LUT5_I0_3_I3_LUT5_O_I0_LUT3_O (LUT,site=blut)} 
   rx_LUT5_I0_3_I3_LUT5_O_I0[3]  Net         137             (fanout=1)       1390                     -                                                                 
   RBB_13/D4                     RBB_6L       13  [TILE 0 0, RBB 10 10]          -     r            6757                                                                 
   RBB_13/D                      RBB_6L       13  [TILE 0 0, RBB 10 10]        653     r            7410     {inst110: rx_LUT5_I0_3_I3_LUT5_O (LUT,site=dlut)}           
   rx_LUT5_I0_3_I3[2]            Net          59             (fanout=8)       1324                     -                                                                 
   RBB_6/D5                      RBB_6L        6   [TILE 0 0, RBB 7 12]          -     r            8734                                                                 
   RBB_6/DMUX                    RBB_6L        6   [TILE 0 0, RBB 7 12]        875     r            9609     {inst78: rx_LUT5_I0_3 (LUT,site=dluto)}                     
   rx_LUT5_I0_3_O                Net         128             (fanout=4)        859                     -                                                                 
   RBB_19/A6                     RBB_6L       19  [TILE 0 0, RBB 10 12]          -     r           10468     {<CE>inst27: U_uart_rx.r_Clock_Count_FDRE_Q (FDE,site=cff)} 
   ------------------------------------------------------------------------------------------------------------------------------------------------------------------------
   RBB_19/CLK                    RBB_6L       19  [TILE 0 0, RBB 10 12]        820     r           11288                                                                 
   clk                           Clock net     5           (fanout=489)      -2347                     -                                                                 
   clk                           CLOCK-PORT    -                      -    capture     r            8941                                                                 
   ------------------------------------------------------------------------------------------------------------------------------------------------------------------------


Path 29:
   Slack (not met):                         -7091ps
     Path type:                               SETUP
     Group:                              <UDEF_clk>
     Launching clock:                           clk (rising edge)
     Capturing clock:                           clk (rising edge)

     Requested period:                       2000ps
   + Delay of the capturing clock:           2347ps
   - Clock uncertainty:                       150ps
   = Required time:                          4197ps
   - Propagation time:                       8967ps (49.6% logic, 50.4% route, logic stage 4)
   - Delay of the launching clock:           2321ps
   = Slack:                                 -7091ps

   Instance/Pin or Net Name      Type         ID     Location or Fanout   Delay(ps)  Edge  Arrival Time(ps)    Instance detail                                              
   ---------------------------------------------------------------------------------------------------------------------------------------------------------------------------
   clk                           CLOCK-PORT    -                      -     launch     r               0                                                                    
   clk                           Clock net     5           (fanout=489)       2321                     -                                                                    
   RBB_16/CLK                    RBB_6L       16  [TILE 0 0, RBB 13 14]          -     r            2321                                                                    
   ---------------------------------------------------------------------------------------------------------------------------------------------------------------------------
   RBB_16/CMUX                   RBB_6L       16  [TILE 0 0, RBB 13 14]       1380     r            3701     {inst34: U_uart_rx.r_Clock_Count_FDRE_Q_15 (FDE,site=cffo)}    
   U_uart_rx.r_Clock_Count[2]    Net          21             (fanout=4)        949                     -                                                                    
   RBB_18/B5                     RBB_6L       18  [TILE 0 0, RBB 13 16]          -     r            4650                                                                    
   RBB_18/B                      RBB_6L       18  [TILE 0 0, RBB 13 16]        717     r            5367     {inst111: rx_LUT5_I0_3_I3_LUT5_O_I0_LUT3_O (LUT,site=blut)}    
   rx_LUT5_I0_3_I3_LUT5_O_I0[3]  Net         137             (fanout=1)       1390                     -                                                                    
   RBB_13/D4                     RBB_6L       13  [TILE 0 0, RBB 10 10]          -     r            6757                                                                    
   RBB_13/D                      RBB_6L       13  [TILE 0 0, RBB 10 10]        653     r            7410     {inst110: rx_LUT5_I0_3_I3_LUT5_O (LUT,site=dlut)}              
   rx_LUT5_I0_3_I3[2]            Net          59             (fanout=8)       1324                     -                                                                    
   RBB_6/D5                      RBB_6L        6   [TILE 0 0, RBB 7 12]          -     r            8734                                                                    
   RBB_6/DMUX                    RBB_6L        6   [TILE 0 0, RBB 7 12]        875     r            9609     {inst78: rx_LUT5_I0_3 (LUT,site=dluto)}                        
   rx_LUT5_I0_3_O                Net         128             (fanout=4)        859                     -                                                                    
   RBB_19/A6                     RBB_6L       19  [TILE 0 0, RBB 10 12]          -     r           10468     {<CE>inst28: U_uart_rx.r_Clock_Count_FDRE_Q_1 (FDE,site=cffo)} 
   ---------------------------------------------------------------------------------------------------------------------------------------------------------------------------
   RBB_19/CLK                    RBB_6L       19  [TILE 0 0, RBB 10 12]        820     r           11288                                                                    
   clk                           Clock net     5           (fanout=489)      -2347                     -                                                                    
   clk                           CLOCK-PORT    -                      -    capture     r            8941                                                                    
   ---------------------------------------------------------------------------------------------------------------------------------------------------------------------------


Path 18:
   Slack (not met):                         -7091ps
     Path type:                               SETUP
     Group:                              <UDEF_clk>
     Launching clock:                           clk (rising edge)
     Capturing clock:                           clk (rising edge)

     Requested period:                       2000ps
   + Delay of the capturing clock:           2347ps
   - Clock uncertainty:                       150ps
   = Required time:                          4197ps
   - Propagation time:                       8967ps (49.6% logic, 50.4% route, logic stage 4)
   - Delay of the launching clock:           2321ps
   = Slack:                                 -7091ps

   Instance/Pin or Net Name      Type         ID     Location or Fanout   Delay(ps)  Edge  Arrival Time(ps)    Instance detail                                              
   ---------------------------------------------------------------------------------------------------------------------------------------------------------------------------
   clk                           CLOCK-PORT    -                      -     launch     r               0                                                                    
   clk                           Clock net     5           (fanout=489)       2321                     -                                                                    
   RBB_16/CLK                    RBB_6L       16  [TILE 0 0, RBB 13 14]          -     r            2321                                                                    
   ---------------------------------------------------------------------------------------------------------------------------------------------------------------------------
   RBB_16/CMUX                   RBB_6L       16  [TILE 0 0, RBB 13 14]       1380     r            3701     {inst34: U_uart_rx.r_Clock_Count_FDRE_Q_15 (FDE,site=cffo)}    
   U_uart_rx.r_Clock_Count[2]    Net          21             (fanout=4)        949                     -                                                                    
   RBB_18/B5                     RBB_6L       18  [TILE 0 0, RBB 13 16]          -     r            4650                                                                    
   RBB_18/B                      RBB_6L       18  [TILE 0 0, RBB 13 16]        717     r            5367     {inst111: rx_LUT5_I0_3_I3_LUT5_O_I0_LUT3_O (LUT,site=blut)}    
   rx_LUT5_I0_3_I3_LUT5_O_I0[3]  Net         137             (fanout=1)       1390                     -                                                                    
   RBB_13/D4                     RBB_6L       13  [TILE 0 0, RBB 10 10]          -     r            6757                                                                    
   RBB_13/D                      RBB_6L       13  [TILE 0 0, RBB 10 10]        653     r            7410     {inst110: rx_LUT5_I0_3_I3_LUT5_O (LUT,site=dlut)}              
   rx_LUT5_I0_3_I3[2]            Net          59             (fanout=8)       1324                     -                                                                    
   RBB_6/D5                      RBB_6L        6   [TILE 0 0, RBB 7 12]          -     r            8734                                                                    
   RBB_6/DMUX                    RBB_6L        6   [TILE 0 0, RBB 7 12]        875     r            9609     {inst78: rx_LUT5_I0_3 (LUT,site=dluto)}                        
   rx_LUT5_I0_3_O                Net         128             (fanout=4)        859                     -                                                                    
   RBB_19/A6                     RBB_6L       19  [TILE 0 0, RBB 10 12]          -     r           10468     {<CE>inst38: U_uart_rx.r_Clock_Count_FDRE_Q_3 (FDE,site=bffo)} 
   ---------------------------------------------------------------------------------------------------------------------------------------------------------------------------
   RBB_19/CLK                    RBB_6L       19  [TILE 0 0, RBB 10 12]        820     r           11288                                                                    
   clk                           Clock net     5           (fanout=489)      -2347                     -                                                                    
   clk                           CLOCK-PORT    -                      -    capture     r            8941                                                                    
   ---------------------------------------------------------------------------------------------------------------------------------------------------------------------------


Path 17:
   Slack (not met):                         -7091ps
     Path type:                               SETUP
     Group:                              <UDEF_clk>
     Launching clock:                           clk (rising edge)
     Capturing clock:                           clk (rising edge)

     Requested period:                       2000ps
   + Delay of the capturing clock:           2347ps
   - Clock uncertainty:                       150ps
   = Required time:                          4197ps
   - Propagation time:                       8967ps (49.6% logic, 50.4% route, logic stage 4)
   - Delay of the launching clock:           2321ps
   = Slack:                                 -7091ps

   Instance/Pin or Net Name      Type         ID     Location or Fanout   Delay(ps)  Edge  Arrival Time(ps)    Instance detail                                             
   --------------------------------------------------------------------------------------------------------------------------------------------------------------------------
   clk                           CLOCK-PORT    -                      -     launch     r               0                                                                   
   clk                           Clock net     5           (fanout=489)       2321                     -                                                                   
   RBB_16/CLK                    RBB_6L       16  [TILE 0 0, RBB 13 14]          -     r            2321                                                                   
   --------------------------------------------------------------------------------------------------------------------------------------------------------------------------
   RBB_16/CMUX                   RBB_6L       16  [TILE 0 0, RBB 13 14]       1380     r            3701     {inst34: U_uart_rx.r_Clock_Count_FDRE_Q_15 (FDE,site=cffo)}   
   U_uart_rx.r_Clock_Count[2]    Net          21             (fanout=4)        949                     -                                                                   
   RBB_18/B5                     RBB_6L       18  [TILE 0 0, RBB 13 16]          -     r            4650                                                                   
   RBB_18/B                      RBB_6L       18  [TILE 0 0, RBB 13 16]        717     r            5367     {inst111: rx_LUT5_I0_3_I3_LUT5_O_I0_LUT3_O (LUT,site=blut)}   
   rx_LUT5_I0_3_I3_LUT5_O_I0[3]  Net         137             (fanout=1)       1390                     -                                                                   
   RBB_13/D4                     RBB_6L       13  [TILE 0 0, RBB 10 10]          -     r            6757                                                                   
   RBB_13/D                      RBB_6L       13  [TILE 0 0, RBB 10 10]        653     r            7410     {inst110: rx_LUT5_I0_3_I3_LUT5_O (LUT,site=dlut)}             
   rx_LUT5_I0_3_I3[2]            Net          59             (fanout=8)       1324                     -                                                                   
   RBB_6/D5                      RBB_6L        6   [TILE 0 0, RBB 7 12]          -     r            8734                                                                   
   RBB_6/DMUX                    RBB_6L        6   [TILE 0 0, RBB 7 12]        875     r            9609     {inst78: rx_LUT5_I0_3 (LUT,site=dluto)}                       
   rx_LUT5_I0_3_O                Net         128             (fanout=4)        859                     -                                                                   
   RBB_19/A6                     RBB_6L       19  [TILE 0 0, RBB 10 12]          -     r           10468     {<CE>inst39: U_uart_rx.r_Clock_Count_FDRE_Q_4 (FDE,site=aff)} 
   --------------------------------------------------------------------------------------------------------------------------------------------------------------------------
   RBB_19/CLK                    RBB_6L       19  [TILE 0 0, RBB 10 12]        820     r           11288                                                                   
   clk                           Clock net     5           (fanout=489)      -2347                     -                                                                   
   clk                           CLOCK-PORT    -                      -    capture     r            8941                                                                   
   --------------------------------------------------------------------------------------------------------------------------------------------------------------------------


Path 30:
   Slack (not met):                         -7091ps
     Path type:                               SETUP
     Group:                              <UDEF_clk>
     Launching clock:                           clk (rising edge)
     Capturing clock:                           clk (rising edge)

     Requested period:                       2000ps
   + Delay of the capturing clock:           2347ps
   - Clock uncertainty:                       150ps
   = Required time:                          4197ps
   - Propagation time:                       8967ps (49.6% logic, 50.4% route, logic stage 4)
   - Delay of the launching clock:           2321ps
   = Slack:                                 -7091ps

   Instance/Pin or Net Name      Type         ID     Location or Fanout   Delay(ps)  Edge  Arrival Time(ps)    Instance detail                                              
   ---------------------------------------------------------------------------------------------------------------------------------------------------------------------------
   clk                           CLOCK-PORT    -                      -     launch     r               0                                                                    
   clk                           Clock net     5           (fanout=489)       2321                     -                                                                    
   RBB_16/CLK                    RBB_6L       16  [TILE 0 0, RBB 13 14]          -     r            2321                                                                    
   ---------------------------------------------------------------------------------------------------------------------------------------------------------------------------
   RBB_16/CMUX                   RBB_6L       16  [TILE 0 0, RBB 13 14]       1380     r            3701     {inst34: U_uart_rx.r_Clock_Count_FDRE_Q_15 (FDE,site=cffo)}    
   U_uart_rx.r_Clock_Count[2]    Net          21             (fanout=4)        949                     -                                                                    
   RBB_18/B5                     RBB_6L       18  [TILE 0 0, RBB 13 16]          -     r            4650                                                                    
   RBB_18/B                      RBB_6L       18  [TILE 0 0, RBB 13 16]        717     r            5367     {inst111: rx_LUT5_I0_3_I3_LUT5_O_I0_LUT3_O (LUT,site=blut)}    
   rx_LUT5_I0_3_I3_LUT5_O_I0[3]  Net         137             (fanout=1)       1390                     -                                                                    
   RBB_13/D4                     RBB_6L       13  [TILE 0 0, RBB 10 10]          -     r            6757                                                                    
   RBB_13/D                      RBB_6L       13  [TILE 0 0, RBB 10 10]        653     r            7410     {inst110: rx_LUT5_I0_3_I3_LUT5_O (LUT,site=dlut)}              
   rx_LUT5_I0_3_I3[2]            Net          59             (fanout=8)       1324                     -                                                                    
   RBB_6/D5                      RBB_6L        6   [TILE 0 0, RBB 7 12]          -     r            8734                                                                    
   RBB_6/DMUX                    RBB_6L        6   [TILE 0 0, RBB 7 12]        875     r            9609     {inst78: rx_LUT5_I0_3 (LUT,site=dluto)}                        
   rx_LUT5_I0_3_O                Net         128             (fanout=4)        859                     -                                                                    
   RBB_19/A6                     RBB_6L       19  [TILE 0 0, RBB 10 12]          -     r           10468     {<CE>inst30: U_uart_rx.r_Clock_Count_FDRE_Q_11 (FDE,site=dff)} 
   ---------------------------------------------------------------------------------------------------------------------------------------------------------------------------
   RBB_19/CLK                    RBB_6L       19  [TILE 0 0, RBB 10 12]        820     r           11288                                                                    
   clk                           Clock net     5           (fanout=489)      -2347                     -                                                                    
   clk                           CLOCK-PORT    -                      -    capture     r            8941                                                                    
   ---------------------------------------------------------------------------------------------------------------------------------------------------------------------------


Path 27:
   Slack (not met):                         -7091ps
     Path type:                               SETUP
     Group:                              <UDEF_clk>
     Launching clock:                           clk (rising edge)
     Capturing clock:                           clk (rising edge)

     Requested period:                       2000ps
   + Delay of the capturing clock:           2347ps
   - Clock uncertainty:                       150ps
   = Required time:                          4197ps
   - Propagation time:                       8967ps (49.6% logic, 50.4% route, logic stage 4)
   - Delay of the launching clock:           2321ps
   = Slack:                                 -7091ps

   Instance/Pin or Net Name      Type         ID     Location or Fanout   Delay(ps)  Edge  Arrival Time(ps)    Instance detail                                             
   --------------------------------------------------------------------------------------------------------------------------------------------------------------------------
   clk                           CLOCK-PORT    -                      -     launch     r               0                                                                   
   clk                           Clock net     5           (fanout=489)       2321                     -                                                                   
   RBB_16/CLK                    RBB_6L       16  [TILE 0 0, RBB 13 14]          -     r            2321                                                                   
   --------------------------------------------------------------------------------------------------------------------------------------------------------------------------
   RBB_16/CMUX                   RBB_6L       16  [TILE 0 0, RBB 13 14]       1380     r            3701     {inst34: U_uart_rx.r_Clock_Count_FDRE_Q_15 (FDE,site=cffo)}   
   U_uart_rx.r_Clock_Count[2]    Net          21             (fanout=4)        949                     -                                                                   
   RBB_18/B5                     RBB_6L       18  [TILE 0 0, RBB 13 16]          -     r            4650                                                                   
   RBB_18/B                      RBB_6L       18  [TILE 0 0, RBB 13 16]        717     r            5367     {inst111: rx_LUT5_I0_3_I3_LUT5_O_I0_LUT3_O (LUT,site=blut)}   
   rx_LUT5_I0_3_I3_LUT5_O_I0[3]  Net         137             (fanout=1)       1390                     -                                                                   
   RBB_13/D4                     RBB_6L       13  [TILE 0 0, RBB 10 10]          -     r            6757                                                                   
   RBB_13/D                      RBB_6L       13  [TILE 0 0, RBB 10 10]        653     r            7410     {inst110: rx_LUT5_I0_3_I3_LUT5_O (LUT,site=dlut)}             
   rx_LUT5_I0_3_I3[2]            Net          59             (fanout=8)       1324                     -                                                                   
   RBB_6/D5                      RBB_6L        6   [TILE 0 0, RBB 7 12]          -     r            8734                                                                   
   RBB_6/DMUX                    RBB_6L        6   [TILE 0 0, RBB 7 12]        875     r            9609     {inst78: rx_LUT5_I0_3 (LUT,site=dluto)}                       
   rx_LUT5_I0_3_O                Net         128             (fanout=4)        859                     -                                                                   
   RBB_19/A6                     RBB_6L       19  [TILE 0 0, RBB 10 12]          -     r           10468     {<CE>inst37: U_uart_rx.r_Clock_Count_FDRE_Q_2 (FDE,site=bff)} 
   --------------------------------------------------------------------------------------------------------------------------------------------------------------------------
   RBB_19/CLK                    RBB_6L       19  [TILE 0 0, RBB 10 12]        820     r           11288                                                                   
   clk                           Clock net     5           (fanout=489)      -2347                     -                                                                   
   clk                           CLOCK-PORT    -                      -    capture     r            8941                                                                   
   --------------------------------------------------------------------------------------------------------------------------------------------------------------------------


Path 148:
   Slack (not met):                         -7015ps
     Path type:                               SETUP
     Group:                              <UDEF_clk>
     Launching clock:                           clk (rising edge)
     Capturing clock:                           clk (rising edge)

     Requested period:                       2000ps
   + Delay of the capturing clock:           2272ps
   - Clock uncertainty:                       150ps
   = Required time:                          4122ps
   - Propagation time:                       8816ps (53.8% logic, 46.2% route, logic stage 4)
   - Delay of the launching clock:           2321ps
   = Slack:                                 -7015ps

   Instance/Pin or Net Name                  Type         ID     Location or Fanout   Delay(ps)  Edge  Arrival Time(ps)    Instance detail                                                         
   --------------------------------------------------------------------------------------------------------------------------------------------------------------------------------------------------
   clk                                       CLOCK-PORT    -                      -     launch     r               0                                                                               
   clk                                       Clock net     5           (fanout=489)       2321                     -                                                                               
   RBB_16/CLK                                RBB_6L       16  [TILE 0 0, RBB 13 14]          -     r            2321                                                                               
   --------------------------------------------------------------------------------------------------------------------------------------------------------------------------------------------------
   RBB_16/CMUX                               RBB_6L       16  [TILE 0 0, RBB 13 14]       1380     r            3701     {inst34: U_uart_rx.r_Clock_Count_FDRE_Q_15 (FDE,site=cffo)}               
   U_uart_rx.r_Clock_Count[2]                Net          21             (fanout=4)        949                     -                                                                               
   RBB_18/A5                                 RBB_6L       18  [TILE 0 0, RBB 13 16]          -     r            4650                                                                               
   RBB_18/A                                  RBB_6L       18  [TILE 0 0, RBB 13 16]        695     r            5345     {inst87: rx_LUT5_I0_3_I2_CARRY4_O_O_2_CARRY4_O_DI_LUT5_O (LUT,site=alut)} 
   rx_LUT5_I0_3_I2_CARRY4_O_O_2_CARRY4_O_DI  Net          55             (fanout=1)        921                     -                                                                               
   RBB_12/A6                                 RBB_6L       12  [TILE 0 0, RBB 10 14]          -     r            6266                                                                               
   RBB_12/DMUX                               RBB_6L       12  [TILE 0 0, RBB 10 14]       1313     r            7579     {inst86: rx_LUT5_I0_3_I2_CARRY4_O_O_2_CARRY4_O (CARRY4)}                  
   rx_LUT5_I0_3_I2_CARRY4_O_O_2[3]           Net         155            (fanout=13)        631                     -                                                                               
   RBB_15/D2                                 RBB_6L       15   [TILE 0 0, RBB 7 14]          -     r            8210                                                                               
   RBB_15/DMUX                               RBB_6L       15   [TILE 0 0, RBB 7 14]        612     r            8822     {inst53: U_uart_rx.r_RX_Byte_FDRE_Q_CE_LUT4_O (LUT,site=dluto)}           
   U_uart_rx.r_RX_Byte_FDRE_Q_CE             Net         126             (fanout=4)       1576                     -                                                                               
   RBB_11/A6                                 RBB_6L       11  [TILE 0 0, RBB 25 12]          -     r           10398     {<CE>inst47: U_uart_rx.r_RX_Byte_FDRE_Q_2 (FDE,site=cff)}                 
   --------------------------------------------------------------------------------------------------------------------------------------------------------------------------------------------------
   RBB_11/CLK                                RBB_6L       11  [TILE 0 0, RBB 25 12]        739     r           11137                                                                               
   clk                                       Clock net     5           (fanout=489)      -2272                     -                                                                               
   clk                                       CLOCK-PORT    -                      -    capture     r            8865                                                                               
   --------------------------------------------------------------------------------------------------------------------------------------------------------------------------------------------------


Path 147:
   Slack (not met):                         -7015ps
     Path type:                               SETUP
     Group:                              <UDEF_clk>
     Launching clock:                           clk (rising edge)
     Capturing clock:                           clk (rising edge)

     Requested period:                       2000ps
   + Delay of the capturing clock:           2272ps
   - Clock uncertainty:                       150ps
   = Required time:                          4122ps
   - Propagation time:                       8816ps (53.8% logic, 46.2% route, logic stage 4)
   - Delay of the launching clock:           2321ps
   = Slack:                                 -7015ps

   Instance/Pin or Net Name                  Type         ID     Location or Fanout   Delay(ps)  Edge  Arrival Time(ps)    Instance detail                                                         
   --------------------------------------------------------------------------------------------------------------------------------------------------------------------------------------------------
   clk                                       CLOCK-PORT    -                      -     launch     r               0                                                                               
   clk                                       Clock net     5           (fanout=489)       2321                     -                                                                               
   RBB_16/CLK                                RBB_6L       16  [TILE 0 0, RBB 13 14]          -     r            2321                                                                               
   --------------------------------------------------------------------------------------------------------------------------------------------------------------------------------------------------
   RBB_16/CMUX                               RBB_6L       16  [TILE 0 0, RBB 13 14]       1380     r            3701     {inst34: U_uart_rx.r_Clock_Count_FDRE_Q_15 (FDE,site=cffo)}               
   U_uart_rx.r_Clock_Count[2]                Net          21             (fanout=4)        949                     -                                                                               
   RBB_18/A5                                 RBB_6L       18  [TILE 0 0, RBB 13 16]          -     r            4650                                                                               
   RBB_18/A                                  RBB_6L       18  [TILE 0 0, RBB 13 16]        695     r            5345     {inst87: rx_LUT5_I0_3_I2_CARRY4_O_O_2_CARRY4_O_DI_LUT5_O (LUT,site=alut)} 
   rx_LUT5_I0_3_I2_CARRY4_O_O_2_CARRY4_O_DI  Net          55             (fanout=1)        921                     -                                                                               
   RBB_12/A6                                 RBB_6L       12  [TILE 0 0, RBB 10 14]          -     r            6266                                                                               
   RBB_12/DMUX                               RBB_6L       12  [TILE 0 0, RBB 10 14]       1313     r            7579     {inst86: rx_LUT5_I0_3_I2_CARRY4_O_O_2_CARRY4_O (CARRY4)}                  
   rx_LUT5_I0_3_I2_CARRY4_O_O_2[3]           Net         155            (fanout=13)        631                     -                                                                               
   RBB_15/D2                                 RBB_6L       15   [TILE 0 0, RBB 7 14]          -     r            8210                                                                               
   RBB_15/DMUX                               RBB_6L       15   [TILE 0 0, RBB 7 14]        612     r            8822     {inst53: U_uart_rx.r_RX_Byte_FDRE_Q_CE_LUT4_O (LUT,site=dluto)}           
   U_uart_rx.r_RX_Byte_FDRE_Q_CE             Net         126             (fanout=4)       1576                     -                                                                               
   RBB_11/A6                                 RBB_6L       11  [TILE 0 0, RBB 25 12]          -     r           10398     {<CE>inst46: U_uart_rx.r_RX_Byte_FDRE_Q_1 (FDE,site=dff)}                 
   --------------------------------------------------------------------------------------------------------------------------------------------------------------------------------------------------
   RBB_11/CLK                                RBB_6L       11  [TILE 0 0, RBB 25 12]        739     r           11137                                                                               
   clk                                       Clock net     5           (fanout=489)      -2272                     -                                                                               
   clk                                       CLOCK-PORT    -                      -    capture     r            8865                                                                               
   --------------------------------------------------------------------------------------------------------------------------------------------------------------------------------------------------


Path 149:
   Slack (not met):                         -6981ps
     Path type:                               SETUP
     Group:                              <UDEF_clk>
     Launching clock:                           clk (rising edge)
     Capturing clock:                           clk (rising edge)

     Requested period:                       2000ps
   + Delay of the capturing clock:           2317ps
   - Clock uncertainty:                       150ps
   = Required time:                          4167ps
   - Propagation time:                       8827ps (57.2% logic, 42.8% route, logic stage 4)
   - Delay of the launching clock:           2321ps
   = Slack:                                 -6981ps

   Instance/Pin or Net Name                  Type         ID     Location or Fanout   Delay(ps)  Edge  Arrival Time(ps)    Instance detail                                                         
   --------------------------------------------------------------------------------------------------------------------------------------------------------------------------------------------------
   clk                                       CLOCK-PORT    -                      -     launch     r               0                                                                               
   clk                                       Clock net     5           (fanout=489)       2321                     -                                                                               
   RBB_16/CLK                                RBB_6L       16  [TILE 0 0, RBB 13 14]          -     r            2321                                                                               
   --------------------------------------------------------------------------------------------------------------------------------------------------------------------------------------------------
   RBB_16/CMUX                               RBB_6L       16  [TILE 0 0, RBB 13 14]       1380     r            3701     {inst34: U_uart_rx.r_Clock_Count_FDRE_Q_15 (FDE,site=cffo)}               
   U_uart_rx.r_Clock_Count[2]                Net          21             (fanout=4)        949                     -                                                                               
   RBB_18/A5                                 RBB_6L       18  [TILE 0 0, RBB 13 16]          -     r            4650                                                                               
   RBB_18/A                                  RBB_6L       18  [TILE 0 0, RBB 13 16]        695     r            5345     {inst87: rx_LUT5_I0_3_I2_CARRY4_O_O_2_CARRY4_O_DI_LUT5_O (LUT,site=alut)} 
   rx_LUT5_I0_3_I2_CARRY4_O_O_2_CARRY4_O_DI  Net          55             (fanout=1)        921                     -                                                                               
   RBB_12/A6                                 RBB_6L       12  [TILE 0 0, RBB 10 14]          -     r            6266                                                                               
   RBB_12/DMUX                               RBB_6L       12  [TILE 0 0, RBB 10 14]       1313     r            7579     {inst86: rx_LUT5_I0_3_I2_CARRY4_O_O_2_CARRY4_O (CARRY4)}                  
   rx_LUT5_I0_3_I2_CARRY4_O_O_2[3]           Net         155            (fanout=13)        964                     -                                                                               
   RBB_14/D4                                 RBB_6L       14    [TILE 0 0, RBB 7 8]          -     r            8543                                                                               
   RBB_14/DMUX                               RBB_6L       14    [TILE 0 0, RBB 7 8]        922     r            9465     {inst25: U_uart_rx.r_Bit_Index_FDRE_Q_CE_LUT4_O (LUT,site=dluto)}         
   U_uart_rx.r_Bit_Index_FDRE_Q_CE           Net         129             (fanout=1)        944                     -                                                                               
   RBB_5/A6                                  RBB_6L        5   [TILE 0 0, RBB 7 10]          -     r           10409     {<CE>inst24: U_uart_rx.r_Bit_Index_FDRE_Q_2 (FDRE,site=aff)}              
   --------------------------------------------------------------------------------------------------------------------------------------------------------------------------------------------------
   RBB_5/CLK                                 RBB_6L        5   [TILE 0 0, RBB 7 10]        739     r           11148                                                                               
   clk                                       Clock net     5           (fanout=489)      -2317                     -                                                                               
   clk                                       CLOCK-PORT    -                      -    capture     r            8831                                                                               
   --------------------------------------------------------------------------------------------------------------------------------------------------------------------------------------------------


Path 151:
   Slack (not met):                         -6981ps
     Path type:                               SETUP
     Group:                              <UDEF_clk>
     Launching clock:                           clk (rising edge)
     Capturing clock:                           clk (rising edge)

     Requested period:                       2000ps
   + Delay of the capturing clock:           2317ps
   - Clock uncertainty:                       150ps
   = Required time:                          4167ps
   - Propagation time:                       8827ps (57.2% logic, 42.8% route, logic stage 4)
   - Delay of the launching clock:           2321ps
   = Slack:                                 -6981ps

   Instance/Pin or Net Name                  Type         ID     Location or Fanout   Delay(ps)  Edge  Arrival Time(ps)    Instance detail                                                         
   --------------------------------------------------------------------------------------------------------------------------------------------------------------------------------------------------
   clk                                       CLOCK-PORT    -                      -     launch     r               0                                                                               
   clk                                       Clock net     5           (fanout=489)       2321                     -                                                                               
   RBB_16/CLK                                RBB_6L       16  [TILE 0 0, RBB 13 14]          -     r            2321                                                                               
   --------------------------------------------------------------------------------------------------------------------------------------------------------------------------------------------------
   RBB_16/CMUX                               RBB_6L       16  [TILE 0 0, RBB 13 14]       1380     r            3701     {inst34: U_uart_rx.r_Clock_Count_FDRE_Q_15 (FDE,site=cffo)}               
   U_uart_rx.r_Clock_Count[2]                Net          21             (fanout=4)        949                     -                                                                               
   RBB_18/A5                                 RBB_6L       18  [TILE 0 0, RBB 13 16]          -     r            4650                                                                               
   RBB_18/A                                  RBB_6L       18  [TILE 0 0, RBB 13 16]        695     r            5345     {inst87: rx_LUT5_I0_3_I2_CARRY4_O_O_2_CARRY4_O_DI_LUT5_O (LUT,site=alut)} 
   rx_LUT5_I0_3_I2_CARRY4_O_O_2_CARRY4_O_DI  Net          55             (fanout=1)        921                     -                                                                               
   RBB_12/A6                                 RBB_6L       12  [TILE 0 0, RBB 10 14]          -     r            6266                                                                               
   RBB_12/DMUX                               RBB_6L       12  [TILE 0 0, RBB 10 14]       1313     r            7579     {inst86: rx_LUT5_I0_3_I2_CARRY4_O_O_2_CARRY4_O (CARRY4)}                  
   rx_LUT5_I0_3_I2_CARRY4_O_O_2[3]           Net         155            (fanout=13)        964                     -                                                                               
   RBB_14/D4                                 RBB_6L       14    [TILE 0 0, RBB 7 8]          -     r            8543                                                                               
   RBB_14/DMUX                               RBB_6L       14    [TILE 0 0, RBB 7 8]        922     r            9465     {inst25: U_uart_rx.r_Bit_Index_FDRE_Q_CE_LUT4_O (LUT,site=dluto)}         
   U_uart_rx.r_Bit_Index_FDRE_Q_CE           Net         129             (fanout=1)        944                     -                                                                               
   RBB_5/A6                                  RBB_6L        5   [TILE 0 0, RBB 7 10]          -     r           10409     {<CE>inst22: U_uart_rx.r_Bit_Index_FDRE_Q (FDRE,site=dff)}                
   --------------------------------------------------------------------------------------------------------------------------------------------------------------------------------------------------
   RBB_5/CLK                                 RBB_6L        5   [TILE 0 0, RBB 7 10]        739     r           11148                                                                               
   clk                                       Clock net     5           (fanout=489)      -2317                     -                                                                               
   clk                                       CLOCK-PORT    -                      -    capture     r            8831                                                                               
   --------------------------------------------------------------------------------------------------------------------------------------------------------------------------------------------------


Path 150:
   Slack (not met):                         -6981ps
     Path type:                               SETUP
     Group:                              <UDEF_clk>
     Launching clock:                           clk (rising edge)
     Capturing clock:                           clk (rising edge)

     Requested period:                       2000ps
   + Delay of the capturing clock:           2317ps
   - Clock uncertainty:                       150ps
   = Required time:                          4167ps
   - Propagation time:                       8827ps (57.2% logic, 42.8% route, logic stage 4)
   - Delay of the launching clock:           2321ps
   = Slack:                                 -6981ps

   Instance/Pin or Net Name                  Type         ID     Location or Fanout   Delay(ps)  Edge  Arrival Time(ps)    Instance detail                                                         
   --------------------------------------------------------------------------------------------------------------------------------------------------------------------------------------------------
   clk                                       CLOCK-PORT    -                      -     launch     r               0                                                                               
   clk                                       Clock net     5           (fanout=489)       2321                     -                                                                               
   RBB_16/CLK                                RBB_6L       16  [TILE 0 0, RBB 13 14]          -     r            2321                                                                               
   --------------------------------------------------------------------------------------------------------------------------------------------------------------------------------------------------
   RBB_16/CMUX                               RBB_6L       16  [TILE 0 0, RBB 13 14]       1380     r            3701     {inst34: U_uart_rx.r_Clock_Count_FDRE_Q_15 (FDE,site=cffo)}               
   U_uart_rx.r_Clock_Count[2]                Net          21             (fanout=4)        949                     -                                                                               
   RBB_18/A5                                 RBB_6L       18  [TILE 0 0, RBB 13 16]          -     r            4650                                                                               
   RBB_18/A                                  RBB_6L       18  [TILE 0 0, RBB 13 16]        695     r            5345     {inst87: rx_LUT5_I0_3_I2_CARRY4_O_O_2_CARRY4_O_DI_LUT5_O (LUT,site=alut)} 
   rx_LUT5_I0_3_I2_CARRY4_O_O_2_CARRY4_O_DI  Net          55             (fanout=1)        921                     -                                                                               
   RBB_12/A6                                 RBB_6L       12  [TILE 0 0, RBB 10 14]          -     r            6266                                                                               
   RBB_12/DMUX                               RBB_6L       12  [TILE 0 0, RBB 10 14]       1313     r            7579     {inst86: rx_LUT5_I0_3_I2_CARRY4_O_O_2_CARRY4_O (CARRY4)}                  
   rx_LUT5_I0_3_I2_CARRY4_O_O_2[3]           Net         155            (fanout=13)        964                     -                                                                               
   RBB_14/D4                                 RBB_6L       14    [TILE 0 0, RBB 7 8]          -     r            8543                                                                               
   RBB_14/DMUX                               RBB_6L       14    [TILE 0 0, RBB 7 8]        922     r            9465     {inst25: U_uart_rx.r_Bit_Index_FDRE_Q_CE_LUT4_O (LUT,site=dluto)}         
   U_uart_rx.r_Bit_Index_FDRE_Q_CE           Net         129             (fanout=1)        944                     -                                                                               
   RBB_5/A6                                  RBB_6L        5   [TILE 0 0, RBB 7 10]          -     r           10409     {<CE>inst23: U_uart_rx.r_Bit_Index_FDRE_Q_1 (FDRE,site=cff)}              
   --------------------------------------------------------------------------------------------------------------------------------------------------------------------------------------------------
   RBB_5/CLK                                 RBB_6L        5   [TILE 0 0, RBB 7 10]        739     r           11148                                                                               
   clk                                       Clock net     5           (fanout=489)      -2317                     -                                                                               
   clk                                       CLOCK-PORT    -                      -    capture     r            8831                                                                               
   --------------------------------------------------------------------------------------------------------------------------------------------------------------------------------------------------


Path 153:
   Slack (not met):                         -6974ps
     Path type:                               SETUP
     Group:                              <UDEF_clk>
     Launching clock:                           clk (rising edge)
     Capturing clock:                           clk (rising edge)

     Requested period:                       2000ps
   + Delay of the capturing clock:           2208ps
   - Clock uncertainty:                       150ps
   = Required time:                          4058ps
   - Propagation time:                       8711ps (56.5% logic, 43.5% route, logic stage 4)
   - Delay of the launching clock:           2321ps
   = Slack:                                 -6974ps

   Instance/Pin or Net Name                  Type         ID     Location or Fanout   Delay(ps)  Edge  Arrival Time(ps)    Instance detail                                                         
   --------------------------------------------------------------------------------------------------------------------------------------------------------------------------------------------------
   clk                                       CLOCK-PORT    -                      -     launch     r               0                                                                               
   clk                                       Clock net     5           (fanout=489)       2321                     -                                                                               
   RBB_16/CLK                                RBB_6L       16  [TILE 0 0, RBB 13 14]          -     r            2321                                                                               
   --------------------------------------------------------------------------------------------------------------------------------------------------------------------------------------------------
   RBB_16/CMUX                               RBB_6L       16  [TILE 0 0, RBB 13 14]       1380     r            3701     {inst34: U_uart_rx.r_Clock_Count_FDRE_Q_15 (FDE,site=cffo)}               
   U_uart_rx.r_Clock_Count[2]                Net          21             (fanout=4)        949                     -                                                                               
   RBB_18/A5                                 RBB_6L       18  [TILE 0 0, RBB 13 16]          -     r            4650                                                                               
   RBB_18/A                                  RBB_6L       18  [TILE 0 0, RBB 13 16]        695     r            5345     {inst87: rx_LUT5_I0_3_I2_CARRY4_O_O_2_CARRY4_O_DI_LUT5_O (LUT,site=alut)} 
   rx_LUT5_I0_3_I2_CARRY4_O_O_2_CARRY4_O_DI  Net          55             (fanout=1)        921                     -                                                                               
   RBB_12/A6                                 RBB_6L       12  [TILE 0 0, RBB 10 14]          -     r            6266                                                                               
   RBB_12/DMUX                               RBB_6L       12  [TILE 0 0, RBB 10 14]       1313     r            7579     {inst86: rx_LUT5_I0_3_I2_CARRY4_O_O_2_CARRY4_O (CARRY4)}                  
   rx_LUT5_I0_3_I2_CARRY4_O_O_2[3]           Net         155            (fanout=13)        631                     -                                                                               
   RBB_15/D2                                 RBB_6L       15   [TILE 0 0, RBB 7 14]          -     r            8210                                                                               
   RBB_15/DMUX                               RBB_6L       15   [TILE 0 0, RBB 7 14]        612     r            8822     {inst53: U_uart_rx.r_RX_Byte_FDRE_Q_CE_LUT4_O (LUT,site=dluto)}           
   U_uart_rx.r_RX_Byte_FDRE_Q_CE             Net         126             (fanout=4)       1287                     -                                                                               
   RBB_20/A6                                 RBB_6L       20   [TILE 0 0, RBB 13 8]          -     r           10109     {<CE>inst51: U_uart_rx.r_RX_Byte_FDRE_Q_6 (FDE,site=bff)}                 
   --------------------------------------------------------------------------------------------------------------------------------------------------------------------------------------------------
   RBB_20/CLK                                RBB_6L       20   [TILE 0 0, RBB 13 8]        923     r           11032                                                                               
   clk                                       Clock net     5           (fanout=489)      -2208                     -                                                                               
   clk                                       CLOCK-PORT    -                      -    capture     r            8824                                                                               
   --------------------------------------------------------------------------------------------------------------------------------------------------------------------------------------------------


Path 152:
   Slack (not met):                         -6974ps
     Path type:                               SETUP
     Group:                              <UDEF_clk>
     Launching clock:                           clk (rising edge)
     Capturing clock:                           clk (rising edge)

     Requested period:                       2000ps
   + Delay of the capturing clock:           2208ps
   - Clock uncertainty:                       150ps
   = Required time:                          4058ps
   - Propagation time:                       8711ps (56.5% logic, 43.5% route, logic stage 4)
   - Delay of the launching clock:           2321ps
   = Slack:                                 -6974ps

   Instance/Pin or Net Name                  Type         ID     Location or Fanout   Delay(ps)  Edge  Arrival Time(ps)    Instance detail                                                         
   --------------------------------------------------------------------------------------------------------------------------------------------------------------------------------------------------
   clk                                       CLOCK-PORT    -                      -     launch     r               0                                                                               
   clk                                       Clock net     5           (fanout=489)       2321                     -                                                                               
   RBB_16/CLK                                RBB_6L       16  [TILE 0 0, RBB 13 14]          -     r            2321                                                                               
   --------------------------------------------------------------------------------------------------------------------------------------------------------------------------------------------------
   RBB_16/CMUX                               RBB_6L       16  [TILE 0 0, RBB 13 14]       1380     r            3701     {inst34: U_uart_rx.r_Clock_Count_FDRE_Q_15 (FDE,site=cffo)}               
   U_uart_rx.r_Clock_Count[2]                Net          21             (fanout=4)        949                     -                                                                               
   RBB_18/A5                                 RBB_6L       18  [TILE 0 0, RBB 13 16]          -     r            4650                                                                               
   RBB_18/A                                  RBB_6L       18  [TILE 0 0, RBB 13 16]        695     r            5345     {inst87: rx_LUT5_I0_3_I2_CARRY4_O_O_2_CARRY4_O_DI_LUT5_O (LUT,site=alut)} 
   rx_LUT5_I0_3_I2_CARRY4_O_O_2_CARRY4_O_DI  Net          55             (fanout=1)        921                     -                                                                               
   RBB_12/A6                                 RBB_6L       12  [TILE 0 0, RBB 10 14]          -     r            6266                                                                               
   RBB_12/DMUX                               RBB_6L       12  [TILE 0 0, RBB 10 14]       1313     r            7579     {inst86: rx_LUT5_I0_3_I2_CARRY4_O_O_2_CARRY4_O (CARRY4)}                  
   rx_LUT5_I0_3_I2_CARRY4_O_O_2[3]           Net         155            (fanout=13)        631                     -                                                                               
   RBB_15/D2                                 RBB_6L       15   [TILE 0 0, RBB 7 14]          -     r            8210                                                                               
   RBB_15/DMUX                               RBB_6L       15   [TILE 0 0, RBB 7 14]        612     r            8822     {inst53: U_uart_rx.r_RX_Byte_FDRE_Q_CE_LUT4_O (LUT,site=dluto)}           
   U_uart_rx.r_RX_Byte_FDRE_Q_CE             Net         126             (fanout=4)       1287                     -                                                                               
   RBB_20/A6                                 RBB_6L       20   [TILE 0 0, RBB 13 8]          -     r           10109     {<CE>inst50: U_uart_rx.r_RX_Byte_FDRE_Q_5 (FDE,site=cff)}                 
   --------------------------------------------------------------------------------------------------------------------------------------------------------------------------------------------------
   RBB_20/CLK                                RBB_6L       20   [TILE 0 0, RBB 13 8]        923     r           11032                                                                               
   clk                                       Clock net     5           (fanout=489)      -2208                     -                                                                               
   clk                                       CLOCK-PORT    -                      -    capture     r            8824                                                                               
   --------------------------------------------------------------------------------------------------------------------------------------------------------------------------------------------------


Path 154:
   Slack (not met):                         -6974ps
     Path type:                               SETUP
     Group:                              <UDEF_clk>
     Launching clock:                           clk (rising edge)
     Capturing clock:                           clk (rising edge)

     Requested period:                       2000ps
   + Delay of the capturing clock:           2208ps
   - Clock uncertainty:                       150ps
   = Required time:                          4058ps
   - Propagation time:                       8711ps (56.5% logic, 43.5% route, logic stage 4)
   - Delay of the launching clock:           2321ps
   = Slack:                                 -6974ps

   Instance/Pin or Net Name                  Type         ID     Location or Fanout   Delay(ps)  Edge  Arrival Time(ps)    Instance detail                                                         
   --------------------------------------------------------------------------------------------------------------------------------------------------------------------------------------------------
   clk                                       CLOCK-PORT    -                      -     launch     r               0                                                                               
   clk                                       Clock net     5           (fanout=489)       2321                     -                                                                               
   RBB_16/CLK                                RBB_6L       16  [TILE 0 0, RBB 13 14]          -     r            2321                                                                               
   --------------------------------------------------------------------------------------------------------------------------------------------------------------------------------------------------
   RBB_16/CMUX                               RBB_6L       16  [TILE 0 0, RBB 13 14]       1380     r            3701     {inst34: U_uart_rx.r_Clock_Count_FDRE_Q_15 (FDE,site=cffo)}               
   U_uart_rx.r_Clock_Count[2]                Net          21             (fanout=4)        949                     -                                                                               
   RBB_18/A5                                 RBB_6L       18  [TILE 0 0, RBB 13 16]          -     r            4650                                                                               
   RBB_18/A                                  RBB_6L       18  [TILE 0 0, RBB 13 16]        695     r            5345     {inst87: rx_LUT5_I0_3_I2_CARRY4_O_O_2_CARRY4_O_DI_LUT5_O (LUT,site=alut)} 
   rx_LUT5_I0_3_I2_CARRY4_O_O_2_CARRY4_O_DI  Net          55             (fanout=1)        921                     -                                                                               
   RBB_12/A6                                 RBB_6L       12  [TILE 0 0, RBB 10 14]          -     r            6266                                                                               
   RBB_12/DMUX                               RBB_6L       12  [TILE 0 0, RBB 10 14]       1313     r            7579     {inst86: rx_LUT5_I0_3_I2_CARRY4_O_O_2_CARRY4_O (CARRY4)}                  
   rx_LUT5_I0_3_I2_CARRY4_O_O_2[3]           Net         155            (fanout=13)        631                     -                                                                               
   RBB_15/D2                                 RBB_6L       15   [TILE 0 0, RBB 7 14]          -     r            8210                                                                               
   RBB_15/DMUX                               RBB_6L       15   [TILE 0 0, RBB 7 14]        612     r            8822     {inst53: U_uart_rx.r_RX_Byte_FDRE_Q_CE_LUT4_O (LUT,site=dluto)}           
   U_uart_rx.r_RX_Byte_FDRE_Q_CE             Net         126             (fanout=4)       1287                     -                                                                               
   RBB_20/A6                                 RBB_6L       20   [TILE 0 0, RBB 13 8]          -     r           10109     {<CE>inst52: U_uart_rx.r_RX_Byte_FDRE_Q_7 (FDE,site=aff)}                 
   --------------------------------------------------------------------------------------------------------------------------------------------------------------------------------------------------
   RBB_20/CLK                                RBB_6L       20   [TILE 0 0, RBB 13 8]        923     r           11032                                                                               
   clk                                       Clock net     5           (fanout=489)      -2208                     -                                                                               
   clk                                       CLOCK-PORT    -                      -    capture     r            8824                                                                               
   --------------------------------------------------------------------------------------------------------------------------------------------------------------------------------------------------


Path 155:
   Slack (not met):                         -6848ps
     Path type:                               SETUP
     Group:                              <UDEF_clk>
     Launching clock:                           clk (rising edge)
     Capturing clock:                           clk (rising edge)

     Requested period:                       2000ps
   + Delay of the capturing clock:           2208ps
   - Clock uncertainty:                       150ps
   = Required time:                          4058ps
   - Propagation time:                       8585ps (56.8% logic, 43.2% route, logic stage 4)
   - Delay of the launching clock:           2321ps
   = Slack:                                 -6848ps

   Instance/Pin or Net Name                  Type         ID     Location or Fanout   Delay(ps)  Edge  Arrival Time(ps)    Instance detail                                                         
   --------------------------------------------------------------------------------------------------------------------------------------------------------------------------------------------------
   clk                                       CLOCK-PORT    -                      -     launch     r               0                                                                               
   clk                                       Clock net     5           (fanout=489)       2321                     -                                                                               
   RBB_16/CLK                                RBB_6L       16  [TILE 0 0, RBB 13 14]          -     r            2321                                                                               
   --------------------------------------------------------------------------------------------------------------------------------------------------------------------------------------------------
   RBB_16/CMUX                               RBB_6L       16  [TILE 0 0, RBB 13 14]       1380     r            3701     {inst34: U_uart_rx.r_Clock_Count_FDRE_Q_15 (FDE,site=cffo)}               
   U_uart_rx.r_Clock_Count[2]                Net          21             (fanout=4)        949                     -                                                                               
   RBB_18/A5                                 RBB_6L       18  [TILE 0 0, RBB 13 16]          -     r            4650                                                                               
   RBB_18/A                                  RBB_6L       18  [TILE 0 0, RBB 13 16]        695     r            5345     {inst87: rx_LUT5_I0_3_I2_CARRY4_O_O_2_CARRY4_O_DI_LUT5_O (LUT,site=alut)} 
   rx_LUT5_I0_3_I2_CARRY4_O_O_2_CARRY4_O_DI  Net          55             (fanout=1)        921                     -                                                                               
   RBB_12/A6                                 RBB_6L       12  [TILE 0 0, RBB 10 14]          -     r            6266                                                                               
   RBB_12/DMUX                               RBB_6L       12  [TILE 0 0, RBB 10 14]       1313     r            7579     {inst86: rx_LUT5_I0_3_I2_CARRY4_O_O_2_CARRY4_O (CARRY4)}                  
   rx_LUT5_I0_3_I2_CARRY4_O_O_2[3]           Net         155            (fanout=13)        606                     -                                                                               
   RBB_15/C2                                 RBB_6L       15   [TILE 0 0, RBB 7 14]          -     r            8185                                                                               
   RBB_15/C                                  RBB_6L       15   [TILE 0 0, RBB 7 14]        611     r            8796     {inst55: U_uart_rx.r_RX_DV_FDRE_Q_CE_LUT4_O (LUT,site=clut)}              
   U_uart_rx.r_RX_DV_FDRE_Q_CE               Net         149             (fanout=1)       1232                     -                                                                               
   RBB_21/A6                                 RBB_6L       21   [TILE 0 0, RBB 10 8]          -     r           10028     {<CE>inst54: U_uart_rx.r_RX_DV_FDRE_Q (FDE,site=dff)}                     
   --------------------------------------------------------------------------------------------------------------------------------------------------------------------------------------------------
   RBB_21/CLK                                RBB_6L       21   [TILE 0 0, RBB 10 8]        878     r           10906                                                                               
   clk                                       Clock net     5           (fanout=489)      -2208                     -                                                                               
   clk                                       CLOCK-PORT    -                      -    capture     r            8698                                                                               
   --------------------------------------------------------------------------------------------------------------------------------------------------------------------------------------------------


Path 56:
   Slack (not met):                         -6814ps
     Path type:                               SETUP
     Group:                              <UDEF_clk>
     Launching clock:                           clk (rising edge)
     Capturing clock:                           clk (rising edge)

     Requested period:                       2000ps
   + Delay of the capturing clock:           2331ps
   - Clock uncertainty:                       150ps
   = Required time:                          4181ps
   - Propagation time:                       8674ps (41.1% logic, 58.9% route, logic stage 3)
   - Delay of the launching clock:           2321ps
   = Slack:                                 -6814ps

   Instance/Pin or Net Name   Type         ID     Location or Fanout   Delay(ps)  Edge  Arrival Time(ps)    Instance detail                                                        
   ----------------------------------------------------------------------------------------------------------------------------------------------------------------------------------
   clk                        CLOCK-PORT    -                      -     launch     r               0                                                                              
   clk                        Clock net     5           (fanout=489)       2321                     -                                                                              
   RBB_7/CLK                  RBB_6L        7  [TILE 0 0, RBB 13 12]          -     r            2321                                                                              
   ----------------------------------------------------------------------------------------------------------------------------------------------------------------------------------
   RBB_7/CQ                   RBB_6L        7  [TILE 0 0, RBB 13 12]        800     r            3121     {inst49: U_uart_rx.r_RX_Byte_FDRE_Q_4 (FDE,site=cff)}                    
   U_uart_rx.r_RX_Byte[3]     Net          15             (fanout=2)       3063                     -                                                                              
   RBB_21/A3                  RBB_6L       21   [TILE 0 0, RBB 10 8]          -     r            6184                                                                              
   RBB_21/A                   RBB_6L       21   [TILE 0 0, RBB 10 8]       1085     r            7269     {inst62: led_FDSE_Q_D_LUT5_O_I4_LUT4_O (LUT,site=alut)}                  
   led_FDSE_Q_D_LUT5_O_I4[4]  Net          81             (fanout=1)        569                     -                                                                              
   RBB_21/B1                  RBB_6L       21   [TILE 0 0, RBB 10 8]          -     r            7838                                                                              
   RBB_21/B                   RBB_6L       21   [TILE 0 0, RBB 10 8]        905     r            8743     {inst61: led_FDSE_Q_D_LUT5_O (LUT,site=blut)}                            
   led_FDSE_Q_D               Net         165             (fanout=1)       1481                     -                                                                              
   RBB_0/O[0]                 IOB           0    [TILE 0 0, RBB 0 6]          -     r           10224     {inst59: led_FDSE_Q (FDRE)} {(output_port) inst119: g_119_led_obuf (IO)} 
   ----------------------------------------------------------------------------------------------------------------------------------------------------------------------------------
   RBB_0/CLK                  IOB           0    [TILE 0 0, RBB 0 6]        771     r           10995                                                                              
   clk                        Clock net     5           (fanout=489)      -2331                     -                                                                              
   clk                        CLOCK-PORT    -                      -    capture     r            8664                                                                              
   ----------------------------------------------------------------------------------------------------------------------------------------------------------------------------------


Path 437:
   Slack (not met):                         -6507ps
     Path type:                               SETUP
     Group:                              <UDEF_clk>
     Launching clock:                           clk (rising edge)
     Capturing clock:                           clk (rising edge)

     Requested period:                       2000ps
   + Delay of the capturing clock:           2348ps
   - Clock uncertainty:                       150ps
   = Required time:                          4198ps
   - Propagation time:                       8384ps (53.0% logic, 47.0% route, logic stage 4)
   - Delay of the launching clock:           2321ps
   = Slack:                                 -6507ps

   Instance/Pin or Net Name                   Type         ID     Location or Fanout   Delay(ps)  Edge  Arrival Time(ps)    Instance detail                                                                                                      
   ------------------------------------------------------------------------------------------------------------------------------------------------------------------------------------------------------------------------------------------------
   clk                                        CLOCK-PORT    -                      -     launch     r               0                                                                                                                            
   clk                                        Clock net     5           (fanout=489)       2321                     -                                                                                                                            
   RBB_16/CLK                                 RBB_6L       16  [TILE 0 0, RBB 13 14]          -     r            2321                                                                                                                            
   ------------------------------------------------------------------------------------------------------------------------------------------------------------------------------------------------------------------------------------------------
   RBB_16/CMUX                                RBB_6L       16  [TILE 0 0, RBB 13 14]       1380     r            3701     {inst34: U_uart_rx.r_Clock_Count_FDRE_Q_15 (FDE,site=cffo)}                                                            
   U_uart_rx.r_Clock_Count[2]                 Net          21             (fanout=4)        949                     -                                                                                                                            
   RBB_18/B5                                  RBB_6L       18  [TILE 0 0, RBB 13 16]          -     r            4650                                                                                                                            
   RBB_18/B                                   RBB_6L       18  [TILE 0 0, RBB 13 16]        717     r            5367     {inst111: rx_LUT5_I0_3_I3_LUT5_O_I0_LUT3_O (LUT,site=blut)}                                                            
   rx_LUT5_I0_3_I3_LUT5_O_I0[3]               Net         137             (fanout=1)       1390                     -                                                                                                                            
   RBB_13/D4                                  RBB_6L       13  [TILE 0 0, RBB 10 10]          -     r            6757                                                                                                                            
   RBB_13/D                                   RBB_6L       13  [TILE 0 0, RBB 10 10]        653     r            7410     {inst110: rx_LUT5_I0_3_I3_LUT5_O (LUT,site=dlut)}                                                                      
   rx_LUT5_I0_3_I3[2]                         Net          59             (fanout=8)        972                     -                                                                                                                            
   RBB_13/A3                                  RBB_6L       13  [TILE 0 0, RBB 10 10]          -     r            8382                                                                                                                            
   RBB_13/AMUX                                RBB_6L       13  [TILE 0 0, RBB 10 10]       1029     r            9411     {inst15: U_uart_rx.FSM_STATE_FDRE_Q_D_MUXF8_O_1_I1_MUXF7_O (MUXF,site=muxf7a)}                                         
   U_uart_rx.FSM_STATE_FDRE_Q_D_MUXF8_O_1_I1  Net          76             (fanout=1)        627                     -                                                                                                                            
   RBB_13/B4                                  RBB_6L       13  [TILE 0 0, RBB 10 10]          -     r           10038     {inst14: U_uart_rx.FSM_STATE_FDRE_Q_D_MUXF8_O_1 (LUT,site=bluto)} {inst11: U_uart_rx.FSM_STATE_FDRE_Q_1 (FD,site=bff)} 
   ------------------------------------------------------------------------------------------------------------------------------------------------------------------------------------------------------------------------------------------------
   RBB_13/CLK                                 RBB_6L       13  [TILE 0 0, RBB 10 10]        667     r           10705                                                                                                                            
   clk                                        Clock net     5           (fanout=489)      -2348                     -                                                                                                                            
   clk                                        CLOCK-PORT    -                      -    capture     r            8357                                                                                                                            
   ------------------------------------------------------------------------------------------------------------------------------------------------------------------------------------------------------------------------------------------------


Path 53:
   Slack (not met):                         -6482ps
     Path type:                               SETUP
     Group:                              <UDEF_clk>
     Launching clock:                           clk (rising edge)
     Capturing clock:                           clk (rising edge)

     Requested period:                       2000ps
   + Delay of the capturing clock:           2331ps
   - Clock uncertainty:                       150ps
   = Required time:                          4181ps
   - Propagation time:                       8391ps (44.2% logic, 55.8% route, logic stage 3)
   - Delay of the launching clock:           2272ps
   = Slack:                                 -6482ps

   Instance/Pin or Net Name        Type         ID     Location or Fanout   Delay(ps)  Edge  Arrival Time(ps)    Instance detail                                                        
   ---------------------------------------------------------------------------------------------------------------------------------------------------------------------------------------
   clk                             CLOCK-PORT    -                      -     launch     r               0                                                                              
   clk                             Clock net     5           (fanout=489)       2272                     -                                                                              
   RBB_11/CLK                      RBB_6L       11  [TILE 0 0, RBB 25 12]          -     r            2272                                                                              
   ---------------------------------------------------------------------------------------------------------------------------------------------------------------------------------------
   RBB_11/CQ                       RBB_6L       11  [TILE 0 0, RBB 25 12]        800     r            3072     {inst47: U_uart_rx.r_RX_Byte_FDRE_Q_2 (FDE,site=cff)}                    
   U_uart_rx.r_RX_Byte[5]          Net           9             (fanout=3)       2561                     -                                                                              
   RBB_21/C5                       RBB_6L       21   [TILE 0 0, RBB 10 8]          -     r            5633                                                                              
   RBB_21/C                        RBB_6L       21   [TILE 0 0, RBB 10 8]       1051     r            6684     {inst58: U_uart_rx.r_RX_DV_LUT5_I3 (LUT,site=clut)}                      
   U_uart_rx.r_RX_DV_LUT5_I3_O[4]  Net         163             (fanout=1)        608                     -                                                                              
   RBB_21/A5                       RBB_6L       21   [TILE 0 0, RBB 10 8]          -     r            7292                                                                              
   RBB_21/AMUX                     RBB_6L       21   [TILE 0 0, RBB 10 8]        998     r            8290     {inst60: led_FDSE_Q_CE_LUT5_O (LUT,site=aluto)}                          
   led_FDSE_Q_CE                   Net         127             (fanout=1)       1509                     -                                                                              
   RBB_0/CE                        IOB           0    [TILE 0 0, RBB 0 6]          -     r            9799     {inst59: led_FDSE_Q (FDRE)} {(output_port) inst119: g_119_led_obuf (IO)} 
   ---------------------------------------------------------------------------------------------------------------------------------------------------------------------------------------
   RBB_0/CLK                       IOB           0    [TILE 0 0, RBB 0 6]        864     r           10663                                                                              
   clk                             Clock net     5           (fanout=489)      -2331                     -                                                                              
   clk                             CLOCK-PORT    -                      -    capture     r            8332                                                                              
   ---------------------------------------------------------------------------------------------------------------------------------------------------------------------------------------


Path 158:
   Slack (not met):                         -6455ps
     Path type:                               SETUP
     Group:                              <UDEF_clk>
     Launching clock:                           clk (rising edge)
     Capturing clock:                           clk (rising edge)

     Requested period:                       2000ps
   + Delay of the capturing clock:           2347ps
   - Clock uncertainty:                       150ps
   = Required time:                          4197ps
   - Propagation time:                       8331ps (57.9% logic, 42.1% route, logic stage 4)
   - Delay of the launching clock:           2321ps
   = Slack:                                 -6455ps

   Instance/Pin or Net Name                  Type         ID     Location or Fanout   Delay(ps)  Edge  Arrival Time(ps)    Instance detail                                                         
   --------------------------------------------------------------------------------------------------------------------------------------------------------------------------------------------------
   clk                                       CLOCK-PORT    -                      -     launch     r               0                                                                               
   clk                                       Clock net     5           (fanout=489)       2321                     -                                                                               
   RBB_16/CLK                                RBB_6L       16  [TILE 0 0, RBB 13 14]          -     r            2321                                                                               
   --------------------------------------------------------------------------------------------------------------------------------------------------------------------------------------------------
   RBB_16/CMUX                               RBB_6L       16  [TILE 0 0, RBB 13 14]       1380     r            3701     {inst34: U_uart_rx.r_Clock_Count_FDRE_Q_15 (FDE,site=cffo)}               
   U_uart_rx.r_Clock_Count[2]                Net          21             (fanout=4)        949                     -                                                                               
   RBB_18/A5                                 RBB_6L       18  [TILE 0 0, RBB 13 16]          -     r            4650                                                                               
   RBB_18/A                                  RBB_6L       18  [TILE 0 0, RBB 13 16]        695     r            5345     {inst87: rx_LUT5_I0_3_I2_CARRY4_O_O_2_CARRY4_O_DI_LUT5_O (LUT,site=alut)} 
   rx_LUT5_I0_3_I2_CARRY4_O_O_2_CARRY4_O_DI  Net          55             (fanout=1)        921                     -                                                                               
   RBB_12/A6                                 RBB_6L       12  [TILE 0 0, RBB 10 14]          -     r            6266                                                                               
   RBB_12/DMUX                               RBB_6L       12  [TILE 0 0, RBB 10 14]       1313     r            7579     {inst86: rx_LUT5_I0_3_I2_CARRY4_O_O_2_CARRY4_O (CARRY4)}                  
   rx_LUT5_I0_3_I2_CARRY4_O_O_2[3]           Net         155            (fanout=13)        631                     -                                                                               
   RBB_15/D2                                 RBB_6L       15   [TILE 0 0, RBB 7 14]          -     r            8210                                                                               
   RBB_15/DMUX                               RBB_6L       15   [TILE 0 0, RBB 7 14]        612     r            8822     {inst53: U_uart_rx.r_RX_Byte_FDRE_Q_CE_LUT4_O (LUT,site=dluto)}           
   U_uart_rx.r_RX_Byte_FDRE_Q_CE             Net         126             (fanout=4)       1010                     -                                                                               
   RBB_12/D6                                 RBB_6L       12  [TILE 0 0, RBB 10 14]          -     r            9832     {<CE>inst48: U_uart_rx.r_RX_Byte_FDRE_Q_3 (FDE,site=dff)}                 
   --------------------------------------------------------------------------------------------------------------------------------------------------------------------------------------------------
   RBB_12/CLK                                RBB_6L       12  [TILE 0 0, RBB 10 14]        820     r           10652                                                                               
   clk                                       Clock net     5           (fanout=489)      -2347                     -                                                                               
   clk                                       CLOCK-PORT    -                      -    capture     r            8305                                                                               
   --------------------------------------------------------------------------------------------------------------------------------------------------------------------------------------------------


Path 44:
   Slack (not met):                         -6343ps
     Path type:                               SETUP
     Group:                              <UDEF_clk>
     Launching clock:                           clk (rising edge)
     Capturing clock:                           clk (rising edge)

     Requested period:                       2000ps
   + Delay of the capturing clock:           2321ps
   - Clock uncertainty:                       150ps
   = Required time:                          4171ps
   - Propagation time:                       8197ps (49.5% logic, 50.5% route, logic stage 3)
   - Delay of the launching clock:           2317ps
   = Slack:                                 -6343ps

   Instance/Pin or Net Name             Type         ID     Location or Fanout   Delay(ps)  Edge  Arrival Time(ps)    Instance detail                                                                                  
   ----------------------------------------------------------------------------------------------------------------------------------------------------------------------------------------------------------------------
   clk                                  CLOCK-PORT    -                      -     launch     r               0                                                                                                        
   clk                                  Clock net     5           (fanout=489)       2317                     -                                                                                                        
   RBB_5/CLK                            RBB_6L        5   [TILE 0 0, RBB 7 10]          -     r            2317                                                                                                        
   ----------------------------------------------------------------------------------------------------------------------------------------------------------------------------------------------------------------------
   RBB_5/AQ                             RBB_6L        5   [TILE 0 0, RBB 7 10]        800     r            3117     {inst24: U_uart_rx.r_Bit_Index_FDRE_Q_2 (FDRE,site=aff)}                                           
   U_uart_rx.r_Bit_Index[0]             Net          37             (fanout=7)       1779                     -                                                                                                        
   RBB_6/A1                             RBB_6L        6   [TILE 0 0, RBB 7 12]          -     r            4896                                                                                                        
   RBB_6/BQ                             RBB_6L        6   [TILE 0 0, RBB 7 12]       1276     r            6172     {inst74: rx_LUT3_I2_O_CARRY4_O (CARRY4)}                                                           
   U_uart_rx.r_Bit_Index_FDRE_Q_1_D[1]  Net          52             (fanout=5)       1438                     -                                                                                                        
   RBB_20/C3                            RBB_6L       20   [TILE 0 0, RBB 13 8]          -     r            7610                                                                                                        
   RBB_20/CMUX                          RBB_6L       20   [TILE 0 0, RBB 13 8]       1193     r            8803     {inst73: rx_LUT3_I2 (LUT,site=cluto)}                                                              
   rx_LUT3_I2_O[2]                      Net         130             (fanout=2)        926                     -                                                                                                        
   RBB_7/D5                             RBB_6L        7  [TILE 0 0, RBB 13 12]          -     r            9729     {inst71: rx_LUT3_I0_O_LUT3_O (LUT,site=dluto)} {inst45: U_uart_rx.r_RX_Byte_FDRE_Q (FDE,site=dff)} 
   ----------------------------------------------------------------------------------------------------------------------------------------------------------------------------------------------------------------------
   RBB_7/CLK                            RBB_6L        7  [TILE 0 0, RBB 13 12]        785     r           10514                                                                                                        
   clk                                  Clock net     5           (fanout=489)      -2321                     -                                                                                                        
   clk                                  CLOCK-PORT    -                      -    capture     r            8193                                                                                                        
   ----------------------------------------------------------------------------------------------------------------------------------------------------------------------------------------------------------------------


Path 156:
   Slack (not met):                         -6307ps
     Path type:                               SETUP
     Group:                              <UDEF_clk>
     Launching clock:                           clk (rising edge)
     Capturing clock:                           clk (rising edge)

     Requested period:                       2000ps
   + Delay of the capturing clock:           2321ps
   - Clock uncertainty:                       150ps
   = Required time:                          4171ps
   - Propagation time:                       8157ps (58.1% logic, 41.9% route, logic stage 4)
   - Delay of the launching clock:           2321ps
   = Slack:                                 -6307ps

   Instance/Pin or Net Name                  Type         ID     Location or Fanout   Delay(ps)  Edge  Arrival Time(ps)    Instance detail                                                         
   --------------------------------------------------------------------------------------------------------------------------------------------------------------------------------------------------
   clk                                       CLOCK-PORT    -                      -     launch     r               0                                                                               
   clk                                       Clock net     5           (fanout=489)       2321                     -                                                                               
   RBB_16/CLK                                RBB_6L       16  [TILE 0 0, RBB 13 14]          -     r            2321                                                                               
   --------------------------------------------------------------------------------------------------------------------------------------------------------------------------------------------------
   RBB_16/CMUX                               RBB_6L       16  [TILE 0 0, RBB 13 14]       1380     r            3701     {inst34: U_uart_rx.r_Clock_Count_FDRE_Q_15 (FDE,site=cffo)}               
   U_uart_rx.r_Clock_Count[2]                Net          21             (fanout=4)        949                     -                                                                               
   RBB_18/A5                                 RBB_6L       18  [TILE 0 0, RBB 13 16]          -     r            4650                                                                               
   RBB_18/A                                  RBB_6L       18  [TILE 0 0, RBB 13 16]        695     r            5345     {inst87: rx_LUT5_I0_3_I2_CARRY4_O_O_2_CARRY4_O_DI_LUT5_O (LUT,site=alut)} 
   rx_LUT5_I0_3_I2_CARRY4_O_O_2_CARRY4_O_DI  Net          55             (fanout=1)        921                     -                                                                               
   RBB_12/A6                                 RBB_6L       12  [TILE 0 0, RBB 10 14]          -     r            6266                                                                               
   RBB_12/DMUX                               RBB_6L       12  [TILE 0 0, RBB 10 14]       1313     r            7579     {inst86: rx_LUT5_I0_3_I2_CARRY4_O_O_2_CARRY4_O (CARRY4)}                  
   rx_LUT5_I0_3_I2_CARRY4_O_O_2[3]           Net         155            (fanout=13)        631                     -                                                                               
   RBB_15/D2                                 RBB_6L       15   [TILE 0 0, RBB 7 14]          -     r            8210                                                                               
   RBB_15/DMUX                               RBB_6L       15   [TILE 0 0, RBB 7 14]        612     r            8822     {inst53: U_uart_rx.r_RX_Byte_FDRE_Q_CE_LUT4_O (LUT,site=dluto)}           
   U_uart_rx.r_RX_Byte_FDRE_Q_CE             Net         126             (fanout=4)        917                     -                                                                               
   RBB_7/A6                                  RBB_6L        7  [TILE 0 0, RBB 13 12]          -     r            9739     {<CE>inst49: U_uart_rx.r_RX_Byte_FDRE_Q_4 (FDE,site=cff)}                 
   --------------------------------------------------------------------------------------------------------------------------------------------------------------------------------------------------
   RBB_7/CLK                                 RBB_6L        7  [TILE 0 0, RBB 13 12]        739     r           10478                                                                               
   clk                                       Clock net     5           (fanout=489)      -2321                     -                                                                               
   clk                                       CLOCK-PORT    -                      -    capture     r            8157                                                                               
   --------------------------------------------------------------------------------------------------------------------------------------------------------------------------------------------------


Path 157:
   Slack (not met):                         -6307ps
     Path type:                               SETUP
     Group:                              <UDEF_clk>
     Launching clock:                           clk (rising edge)
     Capturing clock:                           clk (rising edge)

     Requested period:                       2000ps
   + Delay of the capturing clock:           2321ps
   - Clock uncertainty:                       150ps
   = Required time:                          4171ps
   - Propagation time:                       8157ps (58.1% logic, 41.9% route, logic stage 4)
   - Delay of the launching clock:           2321ps
   = Slack:                                 -6307ps

   Instance/Pin or Net Name                  Type         ID     Location or Fanout   Delay(ps)  Edge  Arrival Time(ps)    Instance detail                                                         
   --------------------------------------------------------------------------------------------------------------------------------------------------------------------------------------------------
   clk                                       CLOCK-PORT    -                      -     launch     r               0                                                                               
   clk                                       Clock net     5           (fanout=489)       2321                     -                                                                               
   RBB_16/CLK                                RBB_6L       16  [TILE 0 0, RBB 13 14]          -     r            2321                                                                               
   --------------------------------------------------------------------------------------------------------------------------------------------------------------------------------------------------
   RBB_16/CMUX                               RBB_6L       16  [TILE 0 0, RBB 13 14]       1380     r            3701     {inst34: U_uart_rx.r_Clock_Count_FDRE_Q_15 (FDE,site=cffo)}               
   U_uart_rx.r_Clock_Count[2]                Net          21             (fanout=4)        949                     -                                                                               
   RBB_18/A5                                 RBB_6L       18  [TILE 0 0, RBB 13 16]          -     r            4650                                                                               
   RBB_18/A                                  RBB_6L       18  [TILE 0 0, RBB 13 16]        695     r            5345     {inst87: rx_LUT5_I0_3_I2_CARRY4_O_O_2_CARRY4_O_DI_LUT5_O (LUT,site=alut)} 
   rx_LUT5_I0_3_I2_CARRY4_O_O_2_CARRY4_O_DI  Net          55             (fanout=1)        921                     -                                                                               
   RBB_12/A6                                 RBB_6L       12  [TILE 0 0, RBB 10 14]          -     r            6266                                                                               
   RBB_12/DMUX                               RBB_6L       12  [TILE 0 0, RBB 10 14]       1313     r            7579     {inst86: rx_LUT5_I0_3_I2_CARRY4_O_O_2_CARRY4_O (CARRY4)}                  
   rx_LUT5_I0_3_I2_CARRY4_O_O_2[3]           Net         155            (fanout=13)        631                     -                                                                               
   RBB_15/D2                                 RBB_6L       15   [TILE 0 0, RBB 7 14]          -     r            8210                                                                               
   RBB_15/DMUX                               RBB_6L       15   [TILE 0 0, RBB 7 14]        612     r            8822     {inst53: U_uart_rx.r_RX_Byte_FDRE_Q_CE_LUT4_O (LUT,site=dluto)}           
   U_uart_rx.r_RX_Byte_FDRE_Q_CE             Net         126             (fanout=4)        917                     -                                                                               
   RBB_7/A6                                  RBB_6L        7  [TILE 0 0, RBB 13 12]          -     r            9739     {<CE>inst45: U_uart_rx.r_RX_Byte_FDRE_Q (FDE,site=dff)}                   
   --------------------------------------------------------------------------------------------------------------------------------------------------------------------------------------------------
   RBB_7/CLK                                 RBB_6L        7  [TILE 0 0, RBB 13 12]        739     r           10478                                                                               
   clk                                       Clock net     5           (fanout=489)      -2321                     -                                                                               
   clk                                       CLOCK-PORT    -                      -    capture     r            8157                                                                               
   --------------------------------------------------------------------------------------------------------------------------------------------------------------------------------------------------


Path 46:
   Slack (not met):                         -6268ps
     Path type:                               SETUP
     Group:                              <UDEF_clk>
     Launching clock:                           clk (rising edge)
     Capturing clock:                           clk (rising edge)

     Requested period:                       2000ps
   + Delay of the capturing clock:           2321ps
   - Clock uncertainty:                       150ps
   = Required time:                          4171ps
   - Propagation time:                       8122ps (49.0% logic, 51.0% route, logic stage 3)
   - Delay of the launching clock:           2317ps
   = Slack:                                 -6268ps

   Instance/Pin or Net Name             Type         ID     Location or Fanout   Delay(ps)  Edge  Arrival Time(ps)    Instance detail                                                                                    
   ------------------------------------------------------------------------------------------------------------------------------------------------------------------------------------------------------------------------
   clk                                  CLOCK-PORT    -                      -     launch     r               0                                                                                                          
   clk                                  Clock net     5           (fanout=489)       2317                     -                                                                                                          
   RBB_5/CLK                            RBB_6L        5   [TILE 0 0, RBB 7 10]          -     r            2317                                                                                                          
   ------------------------------------------------------------------------------------------------------------------------------------------------------------------------------------------------------------------------
   RBB_5/AQ                             RBB_6L        5   [TILE 0 0, RBB 7 10]        800     r            3117     {inst24: U_uart_rx.r_Bit_Index_FDRE_Q_2 (FDRE,site=aff)}                                             
   U_uart_rx.r_Bit_Index[0]             Net          37             (fanout=7)       1779                     -                                                                                                          
   RBB_6/A1                             RBB_6L        6   [TILE 0 0, RBB 7 12]          -     r            4896                                                                                                          
   RBB_6/BQ                             RBB_6L        6   [TILE 0 0, RBB 7 12]       1276     r            6172     {inst74: rx_LUT3_I2_O_CARRY4_O (CARRY4)}                                                             
   U_uart_rx.r_Bit_Index_FDRE_Q_1_D[1]  Net          52             (fanout=5)       1438                     -                                                                                                          
   RBB_20/C3                            RBB_6L       20   [TILE 0 0, RBB 13 8]          -     r            7610                                                                                                          
   RBB_20/CMUX                          RBB_6L       20   [TILE 0 0, RBB 13 8]       1193     r            8803     {inst73: rx_LUT3_I2 (LUT,site=cluto)}                                                                
   rx_LUT3_I2_O[2]                      Net         130             (fanout=2)        926                     -                                                                                                          
   RBB_7/C5                             RBB_6L        7  [TILE 0 0, RBB 13 12]          -     r            9729     {inst72: rx_LUT3_I0_O_LUT4_O (LUT,site=cluto)} {inst49: U_uart_rx.r_RX_Byte_FDRE_Q_4 (FDE,site=cff)} 
   ------------------------------------------------------------------------------------------------------------------------------------------------------------------------------------------------------------------------
   RBB_7/CLK                            RBB_6L        7  [TILE 0 0, RBB 13 12]        710     r           10439                                                                                                          
   clk                                  Clock net     5           (fanout=489)      -2321                     -                                                                                                          
   clk                                  CLOCK-PORT    -                      -    capture     r            8118                                                                                                          
   ------------------------------------------------------------------------------------------------------------------------------------------------------------------------------------------------------------------------


Path 466:
   Slack (not met):                         -6100ps
     Path type:                               SETUP
     Group:                              <UDEF_clk>
     Launching clock:                           clk (rising edge)
     Capturing clock:                           clk (rising edge)

     Requested period:                       2000ps
   + Delay of the capturing clock:           2347ps
   - Clock uncertainty:                       150ps
   = Required time:                          4197ps
   - Propagation time:                       7950ps (51.0% logic, 49.0% route, logic stage 3)
   - Delay of the launching clock:           2347ps
   = Slack:                                 -6100ps

   Instance/Pin or Net Name                           Type         ID     Location or Fanout   Delay(ps)  Edge  Arrival Time(ps)    Instance detail                                                                                                             
   ---------------------------------------------------------------------------------------------------------------------------------------------------------------------------------------------------------------------------------------------------------------
   clk                                                CLOCK-PORT    -                      -     launch     r               0                                                                                                                                   
   clk                                                Clock net     5           (fanout=489)       2347                     -                                                                                                                                   
   RBB_19/CLK                                         RBB_6L       19  [TILE 0 0, RBB 10 12]          -     r            2347                                                                                                                                   
   ---------------------------------------------------------------------------------------------------------------------------------------------------------------------------------------------------------------------------------------------------------------
   RBB_19/BMUX                                        RBB_6L       19  [TILE 0 0, RBB 10 12]       1350     r            3697     {inst38: U_uart_rx.r_Clock_Count_FDRE_Q_3 (FDE,site=bffo)}                                                                    
   U_uart_rx.r_Clock_Count[14]                        Net          25             (fanout=2)       2055                     -                                                                                                                                   
   RBB_10/C1                                          RBB_6L       10  [TILE 0 0, RBB 22 12]          -     r            5752                                                                                                                                   
   RBB_10/COUT                                        RBB_6L       10  [TILE 0 0, RBB 22 12]       1332     r            7084     {inst83: rx_LUT5_I0_3_I2_CARRY4_O_CO_CARRY4_CI (CARRY4)}                                                                      
   rx_LUT5_I0_3_I2_CARRY4_O_CO_CARRY4_CI_CO           Net         159             (fanout=1)          0                     -                                                                                                                                   
   RBB_11/CIN                                         RBB_6L       11  [TILE 0 0, RBB 25 12]          -     r            7084                                                                                                                                   
   RBB_11/BMUX                                        RBB_6L       11  [TILE 0 0, RBB 25 12]        573     r            7657     {inst84: rx_LUT5_I0_3_I2_CARRY4_O_CO_CARRY4_CI_CO_CARRY4_CI (CARRY4)}                                                         
   rx_LUT5_I0_3_I2_CARRY4_O_O_LUT2_I1_O_LUT2_O_I1[1]  Net         160             (fanout=1)       1839                     -                                                                                                                                   
   RBB_19/C1                                          RBB_6L       19  [TILE 0 0, RBB 10 12]          -     r            9496     {inst93: rx_LUT5_I0_3_I2_CARRY4_O_O_LUT2_I1_O_LUT2_O (LUT,site=clut)} {inst27: U_uart_rx.r_Clock_Count_FDRE_Q (FDE,site=cff)} 
   ---------------------------------------------------------------------------------------------------------------------------------------------------------------------------------------------------------------------------------------------------------------
   RBB_19/CLK                                         RBB_6L       19  [TILE 0 0, RBB 10 12]        801     r           10297                                                                                                                                   
   clk                                                Clock net     5           (fanout=489)      -2347                     -                                                                                                                                   
   clk                                                CLOCK-PORT    -                      -    capture     r            7950                                                                                                                                   
   ---------------------------------------------------------------------------------------------------------------------------------------------------------------------------------------------------------------------------------------------------------------


Path 467:
   Slack (not met):                         -6099ps
     Path type:                               SETUP
     Group:                              <UDEF_clk>
     Launching clock:                           clk (rising edge)
     Capturing clock:                           clk (rising edge)

     Requested period:                       2000ps
   + Delay of the capturing clock:           2347ps
   - Clock uncertainty:                       150ps
   = Required time:                          4197ps
   - Propagation time:                       7972ps (54.3% logic, 45.7% route, logic stage 5)
   - Delay of the launching clock:           2324ps
   = Slack:                                 -6099ps

   Instance/Pin or Net Name                      Type         ID     Location or Fanout   Delay(ps)  Edge  Arrival Time(ps)    Instance detail                                                                                                                   
   ----------------------------------------------------------------------------------------------------------------------------------------------------------------------------------------------------------------------------------------------------------------
   clk                                           CLOCK-PORT    -                      -     launch     r               0                                                                                                                                         
   clk                                           Clock net     5           (fanout=489)       2324                     -                                                                                                                                         
   RBB_18/CLK                                    RBB_6L       18  [TILE 0 0, RBB 13 16]          -     r            2324                                                                                                                                         
   ----------------------------------------------------------------------------------------------------------------------------------------------------------------------------------------------------------------------------------------------------------------
   RBB_18/DQ                                     RBB_6L       18  [TILE 0 0, RBB 13 16]        800     r            3124     {inst35: U_uart_rx.r_Clock_Count_FDRE_Q_16 (FDE,site=dff)}                                                                          
   U_uart_rx.r_Clock_Count[1]                    Net          24             (fanout=4)       1700                     -                                                                                                                                         
   RBB_7/B1                                      RBB_6L        7  [TILE 0 0, RBB 13 12]          -     r            4824                                                                                                                                         
   RBB_7/COUT                                    RBB_6L        7  [TILE 0 0, RBB 13 12]       1254     r            6078     {inst81: rx_LUT5_I0_3_I2_CARRY4_O_CI_CARRY4_CO_CI_CARRY4_CO (CARRY4)}                                                               
   rx_LUT5_I0_3_I2_CARRY4_O_CI_CARRY4_CO_CI      Net          42             (fanout=1)          0                     -                                                                                                                                         
   RBB_8/CIN                                     RBB_6L        8  [TILE 0 0, RBB 16 12]          -     r            6078                                                                                                                                         
   RBB_8/COUT                                    RBB_6L        8  [TILE 0 0, RBB 16 12]        292     r            6370     {inst80: rx_LUT5_I0_3_I2_CARRY4_O_CI_CARRY4_CO (CARRY4)}                                                                            
   rx_LUT5_I0_3_I2_CARRY4_O_CI                   Net          53             (fanout=1)          0                     -                                                                                                                                         
   RBB_9/CIN                                     RBB_6L        9  [TILE 0 0, RBB 19 12]          -     r            6370                                                                                                                                         
   RBB_9/COUT                                    RBB_6L        9  [TILE 0 0, RBB 19 12]        282     r            6652     {inst79: rx_LUT5_I0_3_I2_CARRY4_O (CARRY4)}                                                                                         
   rx_LUT5_I0_3_I2_CARRY4_O_CO                   Net          56             (fanout=1)          0                     -                                                                                                                                         
   RBB_10/CIN                                    RBB_6L       10  [TILE 0 0, RBB 22 12]          -     r            6652                                                                                                                                         
   RBB_10/AMUX                                   RBB_6L       10  [TILE 0 0, RBB 22 12]        595     r            7247     {inst83: rx_LUT5_I0_3_I2_CARRY4_O_CO_CARRY4_CI (CARRY4)}                                                                            
   rx_LUT5_I0_3_I2_CARRY4_O_CO_CARRY4_CI_O_3[1]  Net         146             (fanout=1)       1942                     -                                                                                                                                         
   RBB_19/A2                                     RBB_6L       19  [TILE 0 0, RBB 10 12]          -     r            9189     {inst98: rx_LUT5_I0_3_I2_CARRY4_O_O_LUT2_I1_O_LUT2_O_5 (LUT,site=aluto)} {inst40: U_uart_rx.r_Clock_Count_FDRE_Q_5 (FDE,site=affo)} 
   ----------------------------------------------------------------------------------------------------------------------------------------------------------------------------------------------------------------------------------------------------------------
   RBB_19/CLK                                    RBB_6L       19  [TILE 0 0, RBB 10 12]       1107     r           10296                                                                                                                                         
   clk                                           Clock net     5           (fanout=489)      -2347                     -                                                                                                                                         
   clk                                           CLOCK-PORT    -                      -    capture     r            7949                                                                                                                                         
   ----------------------------------------------------------------------------------------------------------------------------------------------------------------------------------------------------------------------------------------------------------------


Path 178:
   Slack (not met):                         -5964ps
     Path type:                               SETUP
     Group:                              <UDEF_clk>
     Launching clock:                           clk (rising edge)
     Capturing clock:                           clk (rising edge)

     Requested period:                       2000ps
   + Delay of the capturing clock:           2317ps
   - Clock uncertainty:                       150ps
   = Required time:                          4167ps
   - Propagation time:                       7826ps (52.6% logic, 47.4% route, logic stage 3)
   - Delay of the launching clock:           2305ps
   = Slack:                                 -5964ps

   Instance/Pin or Net Name        Type         ID    Location or Fanout   Delay(ps)  Edge  Arrival Time(ps)    Instance detail                                             
   ---------------------------------------------------------------------------------------------------------------------------------------------------------------------------
   clk                             CLOCK-PORT    -                     -     launch     r               0                                                                   
   clk                             Clock net     5          (fanout=489)       2305                     -                                                                   
   RBB_14/CLK                      RBB_6L       14   [TILE 0 0, RBB 7 8]          -     r            2305                                                                   
   ---------------------------------------------------------------------------------------------------------------------------------------------------------------------------
   RBB_14/BQ                       RBB_6L       14   [TILE 0 0, RBB 7 8]        800     r            3105     {inst12: U_uart_rx.FSM_STATE_FDRE_Q_2 (FD,site=bff)}          
   U_uart_rx.FSM_STATE[0]          Net          39            (fanout=7)       1407                     -                                                                   
   RBB_21/D2                       RBB_6L       21  [TILE 0 0, RBB 10 8]          -     r            4512                                                                   
   RBB_21/D                        RBB_6L       21  [TILE 0 0, RBB 10 8]        945     r            5457     {inst57: U_uart_rx.r_RX_DV_FDRE_Q_D_LUT2_O (LUT,site=dlut)}   
   U_uart_rx.r_RX_DV_FDRE_Q_D[1]   Net         101            (fanout=1)       1113                     -                                                                   
   RBB_21/D4                       RBB_6L       21  [TILE 0 0, RBB 10 8]          -     r            6570                                                                   
   RBB_21/DMUX                     RBB_6L       21  [TILE 0 0, RBB 10 8]       1200     r            7770     {inst56: U_uart_rx.r_RX_DV_FDRE_Q_D_LUT2_I1 (LUT,site=dluto)} 
   U_uart_rx.r_Bit_Index_FDRE_Q_R  Net         154            (fanout=1)       1188                     -                                                                   
   RBB_5/B6                        RBB_6L        5  [TILE 0 0, RBB 7 10]          -     r            8958     {<SR>inst22: U_uart_rx.r_Bit_Index_FDRE_Q (FDRE,site=dff)}    
   ---------------------------------------------------------------------------------------------------------------------------------------------------------------------------
   RBB_5/CLK                       RBB_6L        5  [TILE 0 0, RBB 7 10]       1173     r           10131                                                                   
   clk                             Clock net     5          (fanout=489)      -2317                     -                                                                   
   clk                             CLOCK-PORT    -                     -    capture     r            7814                                                                   
   ---------------------------------------------------------------------------------------------------------------------------------------------------------------------------


Path 179:
   Slack (not met):                         -5955ps
     Path type:                               SETUP
     Group:                              <UDEF_clk>
     Launching clock:                           clk (rising edge)
     Capturing clock:                           clk (rising edge)

     Requested period:                       2000ps
   + Delay of the capturing clock:           2317ps
   - Clock uncertainty:                       150ps
   = Required time:                          4167ps
   - Propagation time:                       7817ps (52.6% logic, 47.4% route, logic stage 3)
   - Delay of the launching clock:           2305ps
   = Slack:                                 -5955ps

   Instance/Pin or Net Name        Type         ID    Location or Fanout   Delay(ps)  Edge  Arrival Time(ps)    Instance detail                                             
   ---------------------------------------------------------------------------------------------------------------------------------------------------------------------------
   clk                             CLOCK-PORT    -                     -     launch     r               0                                                                   
   clk                             Clock net     5          (fanout=489)       2305                     -                                                                   
   RBB_14/CLK                      RBB_6L       14   [TILE 0 0, RBB 7 8]          -     r            2305                                                                   
   ---------------------------------------------------------------------------------------------------------------------------------------------------------------------------
   RBB_14/BQ                       RBB_6L       14   [TILE 0 0, RBB 7 8]        800     r            3105     {inst12: U_uart_rx.FSM_STATE_FDRE_Q_2 (FD,site=bff)}          
   U_uart_rx.FSM_STATE[0]          Net          39            (fanout=7)       1407                     -                                                                   
   RBB_21/D2                       RBB_6L       21  [TILE 0 0, RBB 10 8]          -     r            4512                                                                   
   RBB_21/D                        RBB_6L       21  [TILE 0 0, RBB 10 8]        945     r            5457     {inst57: U_uart_rx.r_RX_DV_FDRE_Q_D_LUT2_O (LUT,site=dlut)}   
   U_uart_rx.r_RX_DV_FDRE_Q_D[1]   Net         101            (fanout=1)       1113                     -                                                                   
   RBB_21/D4                       RBB_6L       21  [TILE 0 0, RBB 10 8]          -     r            6570                                                                   
   RBB_21/DMUX                     RBB_6L       21  [TILE 0 0, RBB 10 8]       1200     r            7770     {inst56: U_uart_rx.r_RX_DV_FDRE_Q_D_LUT2_I1 (LUT,site=dluto)} 
   U_uart_rx.r_Bit_Index_FDRE_Q_R  Net         154            (fanout=1)       1188                     -                                                                   
   RBB_5/B6                        RBB_6L        5  [TILE 0 0, RBB 7 10]          -     r            8958     {<SR>inst23: U_uart_rx.r_Bit_Index_FDRE_Q_1 (FDRE,site=cff)}  
   ---------------------------------------------------------------------------------------------------------------------------------------------------------------------------
   RBB_5/CLK                       RBB_6L        5  [TILE 0 0, RBB 7 10]       1164     r           10122                                                                   
   clk                             Clock net     5          (fanout=489)      -2317                     -                                                                   
   clk                             CLOCK-PORT    -                     -    capture     r            7805                                                                   
   ---------------------------------------------------------------------------------------------------------------------------------------------------------------------------


Path 465:
   Slack (not met):                         -5945ps
     Path type:                               SETUP
     Group:                              <UDEF_clk>
     Launching clock:                           clk (rising edge)
     Capturing clock:                           clk (rising edge)

     Requested period:                       2000ps
   + Delay of the capturing clock:           2347ps
   - Clock uncertainty:                       150ps
   = Required time:                          4197ps
   - Propagation time:                       7795ps (54.7% logic, 45.3% route, logic stage 3)
   - Delay of the launching clock:           2347ps
   = Slack:                                 -5945ps

   Instance/Pin or Net Name                             Type         ID     Location or Fanout   Delay(ps)  Edge  Arrival Time(ps)    Instance detail                                                                                                                   
   -----------------------------------------------------------------------------------------------------------------------------------------------------------------------------------------------------------------------------------------------------------------------
   clk                                                  CLOCK-PORT    -                      -     launch     r               0                                                                                                                                         
   clk                                                  Clock net     5           (fanout=489)       2347                     -                                                                                                                                         
   RBB_19/CLK                                           RBB_6L       19  [TILE 0 0, RBB 10 12]          -     r            2347                                                                                                                                         
   -----------------------------------------------------------------------------------------------------------------------------------------------------------------------------------------------------------------------------------------------------------------------
   RBB_19/BMUX                                          RBB_6L       19  [TILE 0 0, RBB 10 12]       1350     r            3697     {inst38: U_uart_rx.r_Clock_Count_FDRE_Q_3 (FDE,site=bffo)}                                                                          
   U_uart_rx.r_Clock_Count[14]                          Net          25             (fanout=2)       2055                     -                                                                                                                                         
   RBB_10/C1                                            RBB_6L       10  [TILE 0 0, RBB 22 12]          -     r            5752                                                                                                                                         
   RBB_10/COUT                                          RBB_6L       10  [TILE 0 0, RBB 22 12]       1332     r            7084     {inst83: rx_LUT5_I0_3_I2_CARRY4_O_CO_CARRY4_CI (CARRY4)}                                                                            
   rx_LUT5_I0_3_I2_CARRY4_O_CO_CARRY4_CI_CO             Net         159             (fanout=1)          0                     -                                                                                                                                         
   RBB_11/CIN                                           RBB_6L       11  [TILE 0 0, RBB 25 12]          -     r            7084                                                                                                                                         
   RBB_11/AMUX                                          RBB_6L       11  [TILE 0 0, RBB 25 12]        497     r            7581     {inst84: rx_LUT5_I0_3_I2_CARRY4_O_CO_CARRY4_CI_CO_CARRY4_CI (CARRY4)}                                                               
   rx_LUT5_I0_3_I2_CARRY4_O_O_LUT2_I1_O_LUT2_O_1_I1[1]  Net         134             (fanout=1)       1480                     -                                                                                                                                         
   RBB_19/C2                                            RBB_6L       19  [TILE 0 0, RBB 10 12]          -     r            9061     {inst94: rx_LUT5_I0_3_I2_CARRY4_O_O_LUT2_I1_O_LUT2_O_1 (LUT,site=cluto)} {inst28: U_uart_rx.r_Clock_Count_FDRE_Q_1 (FDE,site=cffo)} 
   -----------------------------------------------------------------------------------------------------------------------------------------------------------------------------------------------------------------------------------------------------------------------
   RBB_19/CLK                                           RBB_6L       19  [TILE 0 0, RBB 10 12]       1081     r           10142                                                                                                                                         
   clk                                                  Clock net     5           (fanout=489)      -2347                     -                                                                                                                                         
   clk                                                  CLOCK-PORT    -                      -    capture     r            7795                                                                                                                                         
   -----------------------------------------------------------------------------------------------------------------------------------------------------------------------------------------------------------------------------------------------------------------------


Path 468:
   Slack (not met):                         -5942ps
     Path type:                               SETUP
     Group:                              <UDEF_clk>
     Launching clock:                           clk (rising edge)
     Capturing clock:                           clk (rising edge)

     Requested period:                       2000ps
   + Delay of the capturing clock:           2347ps
   - Clock uncertainty:                       150ps
   = Required time:                          4197ps
   - Propagation time:                       7815ps (55.5% logic, 44.5% route, logic stage 5)
   - Delay of the launching clock:           2324ps
   = Slack:                                 -5942ps

   Instance/Pin or Net Name                      Type         ID     Location or Fanout   Delay(ps)  Edge  Arrival Time(ps)    Instance detail                                                                                                                   
   ----------------------------------------------------------------------------------------------------------------------------------------------------------------------------------------------------------------------------------------------------------------
   clk                                           CLOCK-PORT    -                      -     launch     r               0                                                                                                                                         
   clk                                           Clock net     5           (fanout=489)       2324                     -                                                                                                                                         
   RBB_18/CLK                                    RBB_6L       18  [TILE 0 0, RBB 13 16]          -     r            2324                                                                                                                                         
   ----------------------------------------------------------------------------------------------------------------------------------------------------------------------------------------------------------------------------------------------------------------
   RBB_18/DQ                                     RBB_6L       18  [TILE 0 0, RBB 13 16]        800     r            3124     {inst35: U_uart_rx.r_Clock_Count_FDRE_Q_16 (FDE,site=dff)}                                                                          
   U_uart_rx.r_Clock_Count[1]                    Net          24             (fanout=4)       1700                     -                                                                                                                                         
   RBB_7/B1                                      RBB_6L        7  [TILE 0 0, RBB 13 12]          -     r            4824                                                                                                                                         
   RBB_7/COUT                                    RBB_6L        7  [TILE 0 0, RBB 13 12]       1254     r            6078     {inst81: rx_LUT5_I0_3_I2_CARRY4_O_CI_CARRY4_CO_CI_CARRY4_CO (CARRY4)}                                                               
   rx_LUT5_I0_3_I2_CARRY4_O_CI_CARRY4_CO_CI      Net          42             (fanout=1)          0                     -                                                                                                                                         
   RBB_8/CIN                                     RBB_6L        8  [TILE 0 0, RBB 16 12]          -     r            6078                                                                                                                                         
   RBB_8/COUT                                    RBB_6L        8  [TILE 0 0, RBB 16 12]        292     r            6370     {inst80: rx_LUT5_I0_3_I2_CARRY4_O_CI_CARRY4_CO (CARRY4)}                                                                            
   rx_LUT5_I0_3_I2_CARRY4_O_CI                   Net          53             (fanout=1)          0                     -                                                                                                                                         
   RBB_9/CIN                                     RBB_6L        9  [TILE 0 0, RBB 19 12]          -     r            6370                                                                                                                                         
   RBB_9/COUT                                    RBB_6L        9  [TILE 0 0, RBB 19 12]        282     r            6652     {inst79: rx_LUT5_I0_3_I2_CARRY4_O (CARRY4)}                                                                                         
   rx_LUT5_I0_3_I2_CARRY4_O_CO                   Net          56             (fanout=1)          0                     -                                                                                                                                         
   RBB_10/CIN                                    RBB_6L       10  [TILE 0 0, RBB 22 12]          -     r            6652                                                                                                                                         
   RBB_10/CMUX                                   RBB_6L       10  [TILE 0 0, RBB 22 12]        752     r            7404     {inst83: rx_LUT5_I0_3_I2_CARRY4_O_CO_CARRY4_CI (CARRY4)}                                                                            
   rx_LUT5_I0_3_I2_CARRY4_O_CO_CARRY4_CI_O_1[1]  Net         148             (fanout=1)       1781                     -                                                                                                                                         
   RBB_19/B2                                     RBB_6L       19  [TILE 0 0, RBB 10 12]          -     r            9185     {inst96: rx_LUT5_I0_3_I2_CARRY4_O_O_LUT2_I1_O_LUT2_O_3 (LUT,site=bluto)} {inst38: U_uart_rx.r_Clock_Count_FDRE_Q_3 (FDE,site=bffo)} 
   ----------------------------------------------------------------------------------------------------------------------------------------------------------------------------------------------------------------------------------------------------------------
   RBB_19/CLK                                    RBB_6L       19  [TILE 0 0, RBB 10 12]        954     r           10139                                                                                                                                         
   clk                                           Clock net     5           (fanout=489)      -2347                     -                                                                                                                                         
   clk                                           CLOCK-PORT    -                      -    capture     r            7792                                                                                                                                         
   ----------------------------------------------------------------------------------------------------------------------------------------------------------------------------------------------------------------------------------------------------------------


Path 185:
   Slack (not met):                         -5815ps
     Path type:                               SETUP
     Group:                              <UDEF_clk>
     Launching clock:                           clk (rising edge)
     Capturing clock:                           clk (rising edge)

     Requested period:                       2000ps
   + Delay of the capturing clock:           2323ps
   - Clock uncertainty:                       150ps
   = Required time:                          4173ps
   - Propagation time:                       7664ps (48.0% logic, 52.0% route, logic stage 3)
   - Delay of the launching clock:           2324ps
   = Slack:                                 -5815ps

   Instance/Pin or Net Name                    Type         ID     Location or Fanout   Delay(ps)  Edge  Arrival Time(ps)    Instance detail                                                                                                                   
   --------------------------------------------------------------------------------------------------------------------------------------------------------------------------------------------------------------------------------------------------------------
   clk                                         CLOCK-PORT    -                      -     launch     r               0                                                                                                                                         
   clk                                         Clock net     5           (fanout=489)       2324                     -                                                                                                                                         
   RBB_18/CLK                                  RBB_6L       18  [TILE 0 0, RBB 13 16]          -     r            2324                                                                                                                                         
   --------------------------------------------------------------------------------------------------------------------------------------------------------------------------------------------------------------------------------------------------------------
   RBB_18/DQ                                   RBB_6L       18  [TILE 0 0, RBB 13 16]        800     r            3124     {inst35: U_uart_rx.r_Clock_Count_FDRE_Q_16 (FDE,site=dff)}                                                                          
   U_uart_rx.r_Clock_Count[1]                  Net          24             (fanout=4)       1700                     -                                                                                                                                         
   RBB_7/B1                                    RBB_6L        7  [TILE 0 0, RBB 13 12]          -     r            4824                                                                                                                                         
   RBB_7/COUT                                  RBB_6L        7  [TILE 0 0, RBB 13 12]       1254     r            6078     {inst81: rx_LUT5_I0_3_I2_CARRY4_O_CI_CARRY4_CO_CI_CARRY4_CO (CARRY4)}                                                               
   rx_LUT5_I0_3_I2_CARRY4_O_CI_CARRY4_CO_CI    Net          42             (fanout=1)          0                     -                                                                                                                                         
   RBB_8/CIN                                   RBB_6L        8  [TILE 0 0, RBB 16 12]          -     r            6078                                                                                                                                         
   RBB_8/DMUX                                  RBB_6L        8  [TILE 0 0, RBB 16 12]        790     r            6868     {inst80: rx_LUT5_I0_3_I2_CARRY4_O_CI_CARRY4_CO (CARRY4)}                                                                            
   rx_LUT5_I0_3_I2_CARRY4_O_CI_CARRY4_CO_O[2]  Net         164             (fanout=1)       2288                     -                                                                                                                                         
   RBB_17/B1                                   RBB_6L       17  [TILE 0 0, RBB 13 10]          -     r            9156     {inst106: rx_LUT5_I0_3_I2_CARRY4_O_O_LUT2_I1_O_LUT5_O_2 (LUT,site=blut)} {inst29: U_uart_rx.r_Clock_Count_FDRE_Q_10 (FDE,site=bff)} 
   --------------------------------------------------------------------------------------------------------------------------------------------------------------------------------------------------------------------------------------------------------------
   RBB_17/CLK                                  RBB_6L       17  [TILE 0 0, RBB 13 10]        832     r            9988                                                                                                                                         
   clk                                         Clock net     5           (fanout=489)      -2323                     -                                                                                                                                         
   clk                                         CLOCK-PORT    -                      -    capture     r            7665                                                                                                                                         
   --------------------------------------------------------------------------------------------------------------------------------------------------------------------------------------------------------------------------------------------------------------


Path 469:
   Slack (not met):                         -5808ps
     Path type:                               SETUP
     Group:                              <UDEF_clk>
     Launching clock:                           clk (rising edge)
     Capturing clock:                           clk (rising edge)

     Requested period:                       2000ps
   + Delay of the capturing clock:           2347ps
   - Clock uncertainty:                       150ps
   = Required time:                          4197ps
   - Propagation time:                       7681ps (54.3% logic, 45.7% route, logic stage 5)
   - Delay of the launching clock:           2324ps
   = Slack:                                 -5808ps

   Instance/Pin or Net Name                    Type         ID     Location or Fanout   Delay(ps)  Edge  Arrival Time(ps)    Instance detail                                                                                                                 
   ------------------------------------------------------------------------------------------------------------------------------------------------------------------------------------------------------------------------------------------------------------
   clk                                         CLOCK-PORT    -                      -     launch     r               0                                                                                                                                       
   clk                                         Clock net     5           (fanout=489)       2324                     -                                                                                                                                       
   RBB_18/CLK                                  RBB_6L       18  [TILE 0 0, RBB 13 16]          -     r            2324                                                                                                                                       
   ------------------------------------------------------------------------------------------------------------------------------------------------------------------------------------------------------------------------------------------------------------
   RBB_18/DQ                                   RBB_6L       18  [TILE 0 0, RBB 13 16]        800     r            3124     {inst35: U_uart_rx.r_Clock_Count_FDRE_Q_16 (FDE,site=dff)}                                                                        
   U_uart_rx.r_Clock_Count[1]                  Net          24             (fanout=4)       1700                     -                                                                                                                                       
   RBB_7/B1                                    RBB_6L        7  [TILE 0 0, RBB 13 12]          -     r            4824                                                                                                                                       
   RBB_7/COUT                                  RBB_6L        7  [TILE 0 0, RBB 13 12]       1254     r            6078     {inst81: rx_LUT5_I0_3_I2_CARRY4_O_CI_CARRY4_CO_CI_CARRY4_CO (CARRY4)}                                                             
   rx_LUT5_I0_3_I2_CARRY4_O_CI_CARRY4_CO_CI    Net          42             (fanout=1)          0                     -                                                                                                                                       
   RBB_8/CIN                                   RBB_6L        8  [TILE 0 0, RBB 16 12]          -     r            6078                                                                                                                                       
   RBB_8/COUT                                  RBB_6L        8  [TILE 0 0, RBB 16 12]        292     r            6370     {inst80: rx_LUT5_I0_3_I2_CARRY4_O_CI_CARRY4_CO (CARRY4)}                                                                          
   rx_LUT5_I0_3_I2_CARRY4_O_CI                 Net          53             (fanout=1)          0                     -                                                                                                                                       
   RBB_9/CIN                                   RBB_6L        9  [TILE 0 0, RBB 19 12]          -     r            6370                                                                                                                                       
   RBB_9/COUT                                  RBB_6L        9  [TILE 0 0, RBB 19 12]        282     r            6652     {inst79: rx_LUT5_I0_3_I2_CARRY4_O (CARRY4)}                                                                                       
   rx_LUT5_I0_3_I2_CARRY4_O_CO                 Net          56             (fanout=1)          0                     -                                                                                                                                       
   RBB_10/CIN                                  RBB_6L       10  [TILE 0 0, RBB 22 12]          -     r            6652                                                                                                                                       
   RBB_10/DMUX                                 RBB_6L       10  [TILE 0 0, RBB 22 12]        790     r            7442     {inst83: rx_LUT5_I0_3_I2_CARRY4_O_CO_CARRY4_CI (CARRY4)}                                                                          
   rx_LUT5_I0_3_I2_CARRY4_O_CO_CARRY4_CI_O[1]  Net         150             (fanout=1)       1811                     -                                                                                                                                       
   RBB_19/B1                                   RBB_6L       19  [TILE 0 0, RBB 10 12]          -     r            9253     {inst95: rx_LUT5_I0_3_I2_CARRY4_O_O_LUT2_I1_O_LUT2_O_2 (LUT,site=blut)} {inst37: U_uart_rx.r_Clock_Count_FDRE_Q_2 (FDE,site=bff)} 
   ------------------------------------------------------------------------------------------------------------------------------------------------------------------------------------------------------------------------------------------------------------
   RBB_19/CLK                                  RBB_6L       19  [TILE 0 0, RBB 10 12]        752     r           10005                                                                                                                                       
   clk                                         Clock net     5           (fanout=489)      -2347                     -                                                                                                                                       
   clk                                         CLOCK-PORT    -                      -    capture     r            7658                                                                                                                                       
   ------------------------------------------------------------------------------------------------------------------------------------------------------------------------------------------------------------------------------------------------------------


Path 470:
   Slack (not met):                         -5803ps
     Path type:                               SETUP
     Group:                              <UDEF_clk>
     Launching clock:                           clk (rising edge)
     Capturing clock:                           clk (rising edge)

     Requested period:                       2000ps
   + Delay of the capturing clock:           2347ps
   - Clock uncertainty:                       150ps
   = Required time:                          4197ps
   - Propagation time:                       7676ps (52.6% logic, 47.4% route, logic stage 5)
   - Delay of the launching clock:           2324ps
   = Slack:                                 -5803ps

   Instance/Pin or Net Name                      Type         ID     Location or Fanout   Delay(ps)  Edge  Arrival Time(ps)    Instance detail                                                                                                                 
   --------------------------------------------------------------------------------------------------------------------------------------------------------------------------------------------------------------------------------------------------------------
   clk                                           CLOCK-PORT    -                      -     launch     r               0                                                                                                                                       
   clk                                           Clock net     5           (fanout=489)       2324                     -                                                                                                                                       
   RBB_18/CLK                                    RBB_6L       18  [TILE 0 0, RBB 13 16]          -     r            2324                                                                                                                                       
   --------------------------------------------------------------------------------------------------------------------------------------------------------------------------------------------------------------------------------------------------------------
   RBB_18/DQ                                     RBB_6L       18  [TILE 0 0, RBB 13 16]        800     r            3124     {inst35: U_uart_rx.r_Clock_Count_FDRE_Q_16 (FDE,site=dff)}                                                                        
   U_uart_rx.r_Clock_Count[1]                    Net          24             (fanout=4)       1700                     -                                                                                                                                       
   RBB_7/B1                                      RBB_6L        7  [TILE 0 0, RBB 13 12]          -     r            4824                                                                                                                                       
   RBB_7/COUT                                    RBB_6L        7  [TILE 0 0, RBB 13 12]       1254     r            6078     {inst81: rx_LUT5_I0_3_I2_CARRY4_O_CI_CARRY4_CO_CI_CARRY4_CO (CARRY4)}                                                             
   rx_LUT5_I0_3_I2_CARRY4_O_CI_CARRY4_CO_CI      Net          42             (fanout=1)          0                     -                                                                                                                                       
   RBB_8/CIN                                     RBB_6L        8  [TILE 0 0, RBB 16 12]          -     r            6078                                                                                                                                       
   RBB_8/COUT                                    RBB_6L        8  [TILE 0 0, RBB 16 12]        292     r            6370     {inst80: rx_LUT5_I0_3_I2_CARRY4_O_CI_CARRY4_CO (CARRY4)}                                                                          
   rx_LUT5_I0_3_I2_CARRY4_O_CI                   Net          53             (fanout=1)          0                     -                                                                                                                                       
   RBB_9/CIN                                     RBB_6L        9  [TILE 0 0, RBB 19 12]          -     r            6370                                                                                                                                       
   RBB_9/COUT                                    RBB_6L        9  [TILE 0 0, RBB 19 12]        282     r            6652     {inst79: rx_LUT5_I0_3_I2_CARRY4_O (CARRY4)}                                                                                       
   rx_LUT5_I0_3_I2_CARRY4_O_CO                   Net          56             (fanout=1)          0                     -                                                                                                                                       
   RBB_10/CIN                                    RBB_6L       10  [TILE 0 0, RBB 22 12]          -     r            6652                                                                                                                                       
   RBB_10/BMUX                                   RBB_6L       10  [TILE 0 0, RBB 22 12]        653     r            7305     {inst83: rx_LUT5_I0_3_I2_CARRY4_O_CO_CARRY4_CI (CARRY4)}                                                                          
   rx_LUT5_I0_3_I2_CARRY4_O_CO_CARRY4_CI_O_2[1]  Net         145             (fanout=1)       1942                     -                                                                                                                                       
   RBB_19/A1                                     RBB_6L       19  [TILE 0 0, RBB 10 12]          -     r            9247     {inst97: rx_LUT5_I0_3_I2_CARRY4_O_O_LUT2_I1_O_LUT2_O_4 (LUT,site=alut)} {inst39: U_uart_rx.r_Clock_Count_FDRE_Q_4 (FDE,site=aff)} 
   --------------------------------------------------------------------------------------------------------------------------------------------------------------------------------------------------------------------------------------------------------------
   RBB_19/CLK                                    RBB_6L       19  [TILE 0 0, RBB 10 12]        753     r           10000                                                                                                                                       
   clk                                           Clock net     5           (fanout=489)      -2347                     -                                                                                                                                       
   clk                                           CLOCK-PORT    -                      -    capture     r            7653                                                                                                                                       
   --------------------------------------------------------------------------------------------------------------------------------------------------------------------------------------------------------------------------------------------------------------


Path 169:
   Slack (not met):                         -5780ps
     Path type:                               SETUP
     Group:                              <UDEF_clk>
     Launching clock:                           clk (rising edge)
     Capturing clock:                           clk (rising edge)

     Requested period:                       2000ps
   + Delay of the capturing clock:           2305ps
   - Clock uncertainty:                       150ps
   = Required time:                          4155ps
   - Propagation time:                       7614ps (62.8% logic, 37.2% route, logic stage 3)
   - Delay of the launching clock:           2321ps
   = Slack:                                 -5780ps

   Instance/Pin or Net Name                  Type         ID     Location or Fanout   Delay(ps)  Edge  Arrival Time(ps)    Instance detail                                                                                                       
   ------------------------------------------------------------------------------------------------------------------------------------------------------------------------------------------------------------------------------------------------
   clk                                       CLOCK-PORT    -                      -     launch     r               0                                                                                                                             
   clk                                       Clock net     5           (fanout=489)       2321                     -                                                                                                                             
   RBB_16/CLK                                RBB_6L       16  [TILE 0 0, RBB 13 14]          -     r            2321                                                                                                                             
   ------------------------------------------------------------------------------------------------------------------------------------------------------------------------------------------------------------------------------------------------
   RBB_16/CMUX                               RBB_6L       16  [TILE 0 0, RBB 13 14]       1380     r            3701     {inst34: U_uart_rx.r_Clock_Count_FDRE_Q_15 (FDE,site=cffo)}                                                             
   U_uart_rx.r_Clock_Count[2]                Net          21             (fanout=4)        949                     -                                                                                                                             
   RBB_18/A5                                 RBB_6L       18  [TILE 0 0, RBB 13 16]          -     r            4650                                                                                                                             
   RBB_18/A                                  RBB_6L       18  [TILE 0 0, RBB 13 16]        695     r            5345     {inst87: rx_LUT5_I0_3_I2_CARRY4_O_O_2_CARRY4_O_DI_LUT5_O (LUT,site=alut)}                                               
   rx_LUT5_I0_3_I2_CARRY4_O_O_2_CARRY4_O_DI  Net          55             (fanout=1)        921                     -                                                                                                                             
   RBB_12/A6                                 RBB_6L       12  [TILE 0 0, RBB 10 14]          -     r            6266                                                                                                                             
   RBB_12/DMUX                               RBB_6L       12  [TILE 0 0, RBB 10 14]       1313     r            7579     {inst86: rx_LUT5_I0_3_I2_CARRY4_O_O_2_CARRY4_O (CARRY4)}                                                                
   rx_LUT5_I0_3_I2_CARRY4_O_O_2[3]           Net         155            (fanout=13)        964                     -                                                                                                                             
   RBB_14/D4                                 RBB_6L       14    [TILE 0 0, RBB 7 8]          -     r            8543     {inst16: U_uart_rx.FSM_STATE_FDRE_Q_D_MUXF8_O_2 (MUXF,site=muxf8)} {inst12: U_uart_rx.FSM_STATE_FDRE_Q_2 (FD,site=bff)} 
   ------------------------------------------------------------------------------------------------------------------------------------------------------------------------------------------------------------------------------------------------
   RBB_14/CLK                                RBB_6L       14    [TILE 0 0, RBB 7 8]       1392     r            9935                                                                                                                             
   clk                                       Clock net     5           (fanout=489)      -2305                     -                                                                                                                             
   clk                                       CLOCK-PORT    -                      -    capture     r            7630                                                                                                                             
   ------------------------------------------------------------------------------------------------------------------------------------------------------------------------------------------------------------------------------------------------


Path 43:
   Slack (not met):                         -5626ps
     Path type:                               SETUP
     Group:                              <UDEF_clk>
     Launching clock:                           clk (rising edge)
     Capturing clock:                           clk (rising edge)

     Requested period:                       2000ps
   + Delay of the capturing clock:           2305ps
   - Clock uncertainty:                       150ps
   = Required time:                          4155ps
   - Propagation time:                       7460ps (55.7% logic, 44.3% route, logic stage 3)
   - Delay of the launching clock:           2321ps
   = Slack:                                 -5626ps

   Instance/Pin or Net Name      Type         ID     Location or Fanout   Delay(ps)  Edge  Arrival Time(ps)    Instance detail                                                                                                       
   ------------------------------------------------------------------------------------------------------------------------------------------------------------------------------------------------------------------------------------
   clk                           CLOCK-PORT    -                      -     launch     r               0                                                                                                                             
   clk                           Clock net     5           (fanout=489)       2321                     -                                                                                                                             
   RBB_16/CLK                    RBB_6L       16  [TILE 0 0, RBB 13 14]          -     r            2321                                                                                                                             
   ------------------------------------------------------------------------------------------------------------------------------------------------------------------------------------------------------------------------------------
   RBB_16/CMUX                   RBB_6L       16  [TILE 0 0, RBB 13 14]       1380     r            3701     {inst34: U_uart_rx.r_Clock_Count_FDRE_Q_15 (FDE,site=cffo)}                                                             
   U_uart_rx.r_Clock_Count[2]    Net          21             (fanout=4)        949                     -                                                                                                                             
   RBB_18/B5                     RBB_6L       18  [TILE 0 0, RBB 13 16]          -     r            4650                                                                                                                             
   RBB_18/B                      RBB_6L       18  [TILE 0 0, RBB 13 16]        717     r            5367     {inst111: rx_LUT5_I0_3_I3_LUT5_O_I0_LUT3_O (LUT,site=blut)}                                                             
   rx_LUT5_I0_3_I3_LUT5_O_I0[3]  Net         137             (fanout=1)       1390                     -                                                                                                                             
   RBB_13/D4                     RBB_6L       13  [TILE 0 0, RBB 10 10]          -     r            6757                                                                                                                             
   RBB_13/D                      RBB_6L       13  [TILE 0 0, RBB 10 10]        653     r            7410     {inst110: rx_LUT5_I0_3_I3_LUT5_O (LUT,site=dlut)}                                                                       
   rx_LUT5_I0_3_I3[2]            Net          59             (fanout=8)        963                     -                                                                                                                             
   RBB_14/C2                     RBB_6L       14    [TILE 0 0, RBB 7 8]          -     r            8373     {inst16: U_uart_rx.FSM_STATE_FDRE_Q_D_MUXF8_O_2 (MUXF,site=muxf8)} {inst12: U_uart_rx.FSM_STATE_FDRE_Q_2 (FD,site=bff)} 
   ------------------------------------------------------------------------------------------------------------------------------------------------------------------------------------------------------------------------------------
   RBB_14/CLK                    RBB_6L       14    [TILE 0 0, RBB 7 8]       1408     r            9781                                                                                                                             
   clk                           Clock net     5           (fanout=489)      -2305                     -                                                                                                                             
   clk                           CLOCK-PORT    -                      -    capture     r            7476                                                                                                                             
   ------------------------------------------------------------------------------------------------------------------------------------------------------------------------------------------------------------------------------------


Path 170:
   Slack (not met):                         -5608ps
     Path type:                               SETUP
     Group:                              <UDEF_clk>
     Launching clock:                           clk (rising edge)
     Capturing clock:                           clk (rising edge)

     Requested period:                       2000ps
   + Delay of the capturing clock:           2305ps
   - Clock uncertainty:                       150ps
   = Required time:                          4155ps
   - Propagation time:                       7442ps (62.3% logic, 37.7% route, logic stage 3)
   - Delay of the launching clock:           2321ps
   = Slack:                                 -5608ps

   Instance/Pin or Net Name                  Type         ID     Location or Fanout   Delay(ps)  Edge  Arrival Time(ps)    Instance detail                                                                                                       
   ------------------------------------------------------------------------------------------------------------------------------------------------------------------------------------------------------------------------------------------------
   clk                                       CLOCK-PORT    -                      -     launch     r               0                                                                                                                             
   clk                                       Clock net     5           (fanout=489)       2321                     -                                                                                                                             
   RBB_16/CLK                                RBB_6L       16  [TILE 0 0, RBB 13 14]          -     r            2321                                                                                                                             
   ------------------------------------------------------------------------------------------------------------------------------------------------------------------------------------------------------------------------------------------------
   RBB_16/CMUX                               RBB_6L       16  [TILE 0 0, RBB 13 14]       1380     r            3701     {inst34: U_uart_rx.r_Clock_Count_FDRE_Q_15 (FDE,site=cffo)}                                                             
   U_uart_rx.r_Clock_Count[2]                Net          21             (fanout=4)        949                     -                                                                                                                             
   RBB_18/A5                                 RBB_6L       18  [TILE 0 0, RBB 13 16]          -     r            4650                                                                                                                             
   RBB_18/A                                  RBB_6L       18  [TILE 0 0, RBB 13 16]        695     r            5345     {inst87: rx_LUT5_I0_3_I2_CARRY4_O_O_2_CARRY4_O_DI_LUT5_O (LUT,site=alut)}                                               
   rx_LUT5_I0_3_I2_CARRY4_O_O_2_CARRY4_O_DI  Net          55             (fanout=1)        921                     -                                                                                                                             
   RBB_12/A6                                 RBB_6L       12  [TILE 0 0, RBB 10 14]          -     r            6266                                                                                                                             
   RBB_12/DMUX                               RBB_6L       12  [TILE 0 0, RBB 10 14]       1313     r            7579     {inst86: rx_LUT5_I0_3_I2_CARRY4_O_O_2_CARRY4_O (CARRY4)}                                                                
   rx_LUT5_I0_3_I2_CARRY4_O_O_2[3]           Net         155            (fanout=13)        937                     -                                                                                                                             
   RBB_14/B4                                 RBB_6L       14    [TILE 0 0, RBB 7 8]          -     r            8516     {inst16: U_uart_rx.FSM_STATE_FDRE_Q_D_MUXF8_O_2 (MUXF,site=muxf8)} {inst12: U_uart_rx.FSM_STATE_FDRE_Q_2 (FD,site=bff)} 
   ------------------------------------------------------------------------------------------------------------------------------------------------------------------------------------------------------------------------------------------------
   RBB_14/CLK                                RBB_6L       14    [TILE 0 0, RBB 7 8]       1247     r            9763                                                                                                                             
   clk                                       Clock net     5           (fanout=489)      -2305                     -                                                                                                                             
   clk                                       CLOCK-PORT    -                      -    capture     r            7458                                                                                                                             
   ------------------------------------------------------------------------------------------------------------------------------------------------------------------------------------------------------------------------------------------------


Path 183:
   Slack (not met):                         -5528ps
     Path type:                               SETUP
     Group:                              <UDEF_clk>
     Launching clock:                           clk (rising edge)
     Capturing clock:                           clk (rising edge)

     Requested period:                       2000ps
   + Delay of the capturing clock:           2317ps
   - Clock uncertainty:                       150ps
   = Required time:                          4167ps
   - Propagation time:                       7390ps (49.8% logic, 50.2% route, logic stage 3)
   - Delay of the launching clock:           2305ps
   = Slack:                                 -5528ps

   Instance/Pin or Net Name        Type         ID    Location or Fanout   Delay(ps)  Edge  Arrival Time(ps)    Instance detail                                             
   ---------------------------------------------------------------------------------------------------------------------------------------------------------------------------
   clk                             CLOCK-PORT    -                     -     launch     r               0                                                                   
   clk                             Clock net     5          (fanout=489)       2305                     -                                                                   
   RBB_14/CLK                      RBB_6L       14   [TILE 0 0, RBB 7 8]          -     r            2305                                                                   
   ---------------------------------------------------------------------------------------------------------------------------------------------------------------------------
   RBB_14/BQ                       RBB_6L       14   [TILE 0 0, RBB 7 8]        800     r            3105     {inst12: U_uart_rx.FSM_STATE_FDRE_Q_2 (FD,site=bff)}          
   U_uart_rx.FSM_STATE[0]          Net          39            (fanout=7)       1407                     -                                                                   
   RBB_21/D2                       RBB_6L       21  [TILE 0 0, RBB 10 8]          -     r            4512                                                                   
   RBB_21/D                        RBB_6L       21  [TILE 0 0, RBB 10 8]        945     r            5457     {inst57: U_uart_rx.r_RX_DV_FDRE_Q_D_LUT2_O (LUT,site=dlut)}   
   U_uart_rx.r_RX_DV_FDRE_Q_D[1]   Net         101            (fanout=1)       1113                     -                                                                   
   RBB_21/D4                       RBB_6L       21  [TILE 0 0, RBB 10 8]          -     r            6570                                                                   
   RBB_21/DMUX                     RBB_6L       21  [TILE 0 0, RBB 10 8]       1200     r            7770     {inst56: U_uart_rx.r_RX_DV_FDRE_Q_D_LUT2_I1 (LUT,site=dluto)} 
   U_uart_rx.r_Bit_Index_FDRE_Q_R  Net         154            (fanout=1)       1188                     -                                                                   
   RBB_5/B6                        RBB_6L        5  [TILE 0 0, RBB 7 10]          -     r            8958     {<SR>inst24: U_uart_rx.r_Bit_Index_FDRE_Q_2 (FDRE,site=aff)}  
   ---------------------------------------------------------------------------------------------------------------------------------------------------------------------------
   RBB_5/CLK                       RBB_6L        5  [TILE 0 0, RBB 7 10]        737     r            9695                                                                   
   clk                             Clock net     5          (fanout=489)      -2317                     -                                                                   
   clk                             CLOCK-PORT    -                     -    capture     r            7378                                                                   
   ---------------------------------------------------------------------------------------------------------------------------------------------------------------------------


Path 166:
   Slack (not met):                         -5462ps
     Path type:                               SETUP
     Group:                              <UDEF_clk>
     Launching clock:                           clk (rising edge)
     Capturing clock:                           clk (rising edge)

     Requested period:                       2000ps
   + Delay of the capturing clock:           2324ps
   - Clock uncertainty:                       150ps
   = Required time:                          4174ps
   - Propagation time:                       7315ps (58.6% logic, 41.4% route, logic stage 3)
   - Delay of the launching clock:           2321ps
   = Slack:                                 -5462ps

   Instance/Pin or Net Name                  Type         ID     Location or Fanout   Delay(ps)  Edge  Arrival Time(ps)    Instance detail                                                                                                                 
   ----------------------------------------------------------------------------------------------------------------------------------------------------------------------------------------------------------------------------------------------------------
   clk                                       CLOCK-PORT    -                      -     launch     r               0                                                                                                                                       
   clk                                       Clock net     5           (fanout=489)       2321                     -                                                                                                                                       
   RBB_16/CLK                                RBB_6L       16  [TILE 0 0, RBB 13 14]          -     r            2321                                                                                                                                       
   ----------------------------------------------------------------------------------------------------------------------------------------------------------------------------------------------------------------------------------------------------------
   RBB_16/CMUX                               RBB_6L       16  [TILE 0 0, RBB 13 14]       1380     r            3701     {inst34: U_uart_rx.r_Clock_Count_FDRE_Q_15 (FDE,site=cffo)}                                                                       
   U_uart_rx.r_Clock_Count[2]                Net          21             (fanout=4)        949                     -                                                                                                                                       
   RBB_18/A5                                 RBB_6L       18  [TILE 0 0, RBB 13 16]          -     r            4650                                                                                                                                       
   RBB_18/A                                  RBB_6L       18  [TILE 0 0, RBB 13 16]        695     r            5345     {inst87: rx_LUT5_I0_3_I2_CARRY4_O_O_2_CARRY4_O_DI_LUT5_O (LUT,site=alut)}                                                         
   rx_LUT5_I0_3_I2_CARRY4_O_O_2_CARRY4_O_DI  Net          55             (fanout=1)        921                     -                                                                                                                                       
   RBB_12/A6                                 RBB_6L       12  [TILE 0 0, RBB 10 14]          -     r            6266                                                                                                                                       
   RBB_12/DMUX                               RBB_6L       12  [TILE 0 0, RBB 10 14]       1313     r            7579     {inst86: rx_LUT5_I0_3_I2_CARRY4_O_O_2_CARRY4_O (CARRY4)}                                                                          
   rx_LUT5_I0_3_I2_CARRY4_O_O_2[3]           Net         155            (fanout=13)       1158                     -                                                                                                                                       
   RBB_18/D3                                 RBB_6L       18  [TILE 0 0, RBB 13 16]          -     r            8737     {inst104: rx_LUT5_I0_3_I2_CARRY4_O_O_LUT2_I1_O_LUT5_O (LUT,site=dlut)} {inst35: U_uart_rx.r_Clock_Count_FDRE_Q_16 (FDE,site=dff)} 
   ----------------------------------------------------------------------------------------------------------------------------------------------------------------------------------------------------------------------------------------------------------
   RBB_18/CLK                                RBB_6L       18  [TILE 0 0, RBB 13 16]        899     r            9636                                                                                                                                       
   clk                                       Clock net     5           (fanout=489)      -2324                     -                                                                                                                                       
   clk                                       CLOCK-PORT    -                      -    capture     r            7312                                                                                                                                       
   ----------------------------------------------------------------------------------------------------------------------------------------------------------------------------------------------------------------------------------------------------------


Path 172:
   Slack (not met):                         -5420ps
     Path type:                               SETUP
     Group:                              <UDEF_clk>
     Launching clock:                           clk (rising edge)
     Capturing clock:                           clk (rising edge)

     Requested period:                       2000ps
   + Delay of the capturing clock:           2323ps
   - Clock uncertainty:                       150ps
   = Required time:                          4173ps
   - Propagation time:                       7269ps (55.9% logic, 44.1% route, logic stage 4)
   - Delay of the launching clock:           2324ps
   = Slack:                                 -5420ps

   Instance/Pin or Net Name                  Type         ID     Location or Fanout   Delay(ps)  Edge  Arrival Time(ps)    Instance detail                                                                                                        
   -------------------------------------------------------------------------------------------------------------------------------------------------------------------------------------------------------------------------------------------------
   clk                                       CLOCK-PORT    -                      -     launch     r               0                                                                                                                              
   clk                                       Clock net     5           (fanout=489)       2324                     -                                                                                                                              
   RBB_18/CLK                                RBB_6L       18  [TILE 0 0, RBB 13 16]          -     r            2324                                                                                                                              
   -------------------------------------------------------------------------------------------------------------------------------------------------------------------------------------------------------------------------------------------------
   RBB_18/DQ                                 RBB_6L       18  [TILE 0 0, RBB 13 16]        800     r            3124     {inst35: U_uart_rx.r_Clock_Count_FDRE_Q_16 (FDE,site=dff)}                                                               
   U_uart_rx.r_Clock_Count[1]                Net          24             (fanout=4)       1700                     -                                                                                                                              
   RBB_7/B1                                  RBB_6L        7  [TILE 0 0, RBB 13 12]          -     r            4824                                                                                                                              
   RBB_7/COUT                                RBB_6L        7  [TILE 0 0, RBB 13 12]       1254     r            6078     {inst81: rx_LUT5_I0_3_I2_CARRY4_O_CI_CARRY4_CO_CI_CARRY4_CO (CARRY4)}                                                    
   rx_LUT5_I0_3_I2_CARRY4_O_CI_CARRY4_CO_CI  Net          42             (fanout=1)          0                     -                                                                                                                              
   RBB_8/CIN                                 RBB_6L        8  [TILE 0 0, RBB 16 12]          -     r            6078                                                                                                                              
   RBB_8/COUT                                RBB_6L        8  [TILE 0 0, RBB 16 12]        292     r            6370     {inst80: rx_LUT5_I0_3_I2_CARRY4_O_CI_CARRY4_CO (CARRY4)}                                                                 
   rx_LUT5_I0_3_I2_CARRY4_O_CI               Net          53             (fanout=1)          0                     -                                                                                                                              
   RBB_9/CIN                                 RBB_6L        9  [TILE 0 0, RBB 19 12]          -     r            6370                                                                                                                              
   RBB_9/DMUX                                RBB_6L        9  [TILE 0 0, RBB 19 12]        666     r            7036     {inst79: rx_LUT5_I0_3_I2_CARRY4_O (CARRY4)}                                                                              
   rx_LUT5_I0_3_I2_CARRY4_O_O[1]             Net         132             (fanout=1)       1506                     -                                                                                                                              
   RBB_17/C2                                 RBB_6L       17  [TILE 0 0, RBB 13 10]          -     r            8542     {inst92: rx_LUT5_I0_3_I2_CARRY4_O_O_LUT2_I1 (LUT,site=cluto)} {inst41: U_uart_rx.r_Clock_Count_FDRE_Q_6 (FDE,site=cffo)} 
   -------------------------------------------------------------------------------------------------------------------------------------------------------------------------------------------------------------------------------------------------
   RBB_17/CLK                                RBB_6L       17  [TILE 0 0, RBB 13 10]       1051     r            9593                                                                                                                              
   clk                                       Clock net     5           (fanout=489)      -2323                     -                                                                                                                              
   clk                                       CLOCK-PORT    -                      -    capture     r            7270                                                                                                                              
   -------------------------------------------------------------------------------------------------------------------------------------------------------------------------------------------------------------------------------------------------


Path 92:
   Slack (not met):                         -5380ps
     Path type:                               SETUP
     Group:                              <UDEF_clk>
     Launching clock:                           clk (rising edge)
     Capturing clock:                           clk (rising edge)

     Requested period:                       2000ps
   + Delay of the capturing clock:           2321ps
   - Clock uncertainty:                       150ps
   = Required time:                          4171ps
   - Propagation time:                       7234ps (36.9% logic, 63.1% route, logic stage 2)
   - Delay of the launching clock:           2317ps
   = Slack:                                 -5380ps

   Instance/Pin or Net Name       Type         ID     Location or Fanout   Delay(ps)  Edge  Arrival Time(ps)    Instance detail                                                                                    
   ------------------------------------------------------------------------------------------------------------------------------------------------------------------------------------------------------------------
   clk                            CLOCK-PORT    -                      -     launch     r               0                                                                                                          
   clk                            Clock net     5           (fanout=489)       2317                     -                                                                                                          
   RBB_5/CLK                      RBB_6L        5   [TILE 0 0, RBB 7 10]          -     r            2317                                                                                                          
   ------------------------------------------------------------------------------------------------------------------------------------------------------------------------------------------------------------------
   RBB_5/AQ                       RBB_6L        5   [TILE 0 0, RBB 7 10]        800     r            3117     {inst24: U_uart_rx.r_Bit_Index_FDRE_Q_2 (FDRE,site=aff)}                                             
   U_uart_rx.r_Bit_Index[0]       Net          37             (fanout=7)       1779                     -                                                                                                          
   RBB_6/A1                       RBB_6L        6   [TILE 0 0, RBB 7 12]          -     r            4896                                                                                                          
   RBB_6/BMUX                     RBB_6L        6   [TILE 0 0, RBB 7 12]       1238     r            6134     {inst74: rx_LUT3_I2_O_CARRY4_O (CARRY4)}                                                             
   rx_LUT3_I2_O_CARRY4_O_CO_3[1]  Net         124             (fanout=1)       2786                     -                                                                                                          
   RBB_7/C3                       RBB_6L        7  [TILE 0 0, RBB 13 12]          -     r            8920     {inst72: rx_LUT3_I0_O_LUT4_O (LUT,site=cluto)} {inst49: U_uart_rx.r_RX_Byte_FDRE_Q_4 (FDE,site=cff)} 
   ------------------------------------------------------------------------------------------------------------------------------------------------------------------------------------------------------------------
   RBB_7/CLK                      RBB_6L        7  [TILE 0 0, RBB 13 12]        631     r            9551                                                                                                          
   clk                            Clock net     5           (fanout=489)      -2321                     -                                                                                                          
   clk                            CLOCK-PORT    -                      -    capture     r            7230                                                                                                          
   ------------------------------------------------------------------------------------------------------------------------------------------------------------------------------------------------------------------


Path 47:
   Slack (not met):                         -5369ps
     Path type:                               SETUP
     Group:                              <UDEF_clk>
     Launching clock:                           clk (rising edge)
     Capturing clock:                           clk (rising edge)

     Requested period:                       2000ps
   + Delay of the capturing clock:           2324ps
   - Clock uncertainty:                       150ps
   = Required time:                          4174ps
   - Propagation time:                       7222ps (50.9% logic, 49.1% route, logic stage 3)
   - Delay of the launching clock:           2321ps
   = Slack:                                 -5369ps

   Instance/Pin or Net Name      Type         ID     Location or Fanout   Delay(ps)  Edge  Arrival Time(ps)    Instance detail                                                                                                                 
   ----------------------------------------------------------------------------------------------------------------------------------------------------------------------------------------------------------------------------------------------
   clk                           CLOCK-PORT    -                      -     launch     r               0                                                                                                                                       
   clk                           Clock net     5           (fanout=489)       2321                     -                                                                                                                                       
   RBB_16/CLK                    RBB_6L       16  [TILE 0 0, RBB 13 14]          -     r            2321                                                                                                                                       
   ----------------------------------------------------------------------------------------------------------------------------------------------------------------------------------------------------------------------------------------------
   RBB_16/CMUX                   RBB_6L       16  [TILE 0 0, RBB 13 14]       1380     r            3701     {inst34: U_uart_rx.r_Clock_Count_FDRE_Q_15 (FDE,site=cffo)}                                                                       
   U_uart_rx.r_Clock_Count[2]    Net          21             (fanout=4)        949                     -                                                                                                                                       
   RBB_18/B5                     RBB_6L       18  [TILE 0 0, RBB 13 16]          -     r            4650                                                                                                                                       
   RBB_18/B                      RBB_6L       18  [TILE 0 0, RBB 13 16]        717     r            5367     {inst111: rx_LUT5_I0_3_I3_LUT5_O_I0_LUT3_O (LUT,site=blut)}                                                                       
   rx_LUT5_I0_3_I3_LUT5_O_I0[3]  Net         137             (fanout=1)       1390                     -                                                                                                                                       
   RBB_13/D4                     RBB_6L       13  [TILE 0 0, RBB 10 10]          -     r            6757                                                                                                                                       
   RBB_13/D                      RBB_6L       13  [TILE 0 0, RBB 10 10]        653     r            7410     {inst110: rx_LUT5_I0_3_I3_LUT5_O (LUT,site=dlut)}                                                                                 
   rx_LUT5_I0_3_I3[2]            Net          59             (fanout=8)       1208                     -                                                                                                                                       
   RBB_18/D2                     RBB_6L       18  [TILE 0 0, RBB 13 16]          -     r            8618     {inst104: rx_LUT5_I0_3_I2_CARRY4_O_O_LUT2_I1_O_LUT5_O (LUT,site=dlut)} {inst35: U_uart_rx.r_Clock_Count_FDRE_Q_16 (FDE,site=dff)} 
   ----------------------------------------------------------------------------------------------------------------------------------------------------------------------------------------------------------------------------------------------
   RBB_18/CLK                    RBB_6L       18  [TILE 0 0, RBB 13 16]        925     r            9543                                                                                                                                       
   clk                           Clock net     5           (fanout=489)      -2324                     -                                                                                                                                       
   clk                           CLOCK-PORT    -                      -    capture     r            7219                                                                                                                                       
   ----------------------------------------------------------------------------------------------------------------------------------------------------------------------------------------------------------------------------------------------


Path 174:
   Slack (not met):                         -5363ps
     Path type:                               SETUP
     Group:                              <UDEF_clk>
     Launching clock:                           clk (rising edge)
     Capturing clock:                           clk (rising edge)

     Requested period:                       2000ps
   + Delay of the capturing clock:           2323ps
   - Clock uncertainty:                       150ps
   = Required time:                          4173ps
   - Propagation time:                       7212ps (56.0% logic, 44.0% route, logic stage 4)
   - Delay of the launching clock:           2324ps
   = Slack:                                 -5363ps

   Instance/Pin or Net Name                  Type         ID     Location or Fanout   Delay(ps)  Edge  Arrival Time(ps)    Instance detail                                                                                                          
   ---------------------------------------------------------------------------------------------------------------------------------------------------------------------------------------------------------------------------------------------------
   clk                                       CLOCK-PORT    -                      -     launch     r               0                                                                                                                                
   clk                                       Clock net     5           (fanout=489)       2324                     -                                                                                                                                
   RBB_18/CLK                                RBB_6L       18  [TILE 0 0, RBB 13 16]          -     r            2324                                                                                                                                
   ---------------------------------------------------------------------------------------------------------------------------------------------------------------------------------------------------------------------------------------------------
   RBB_18/DQ                                 RBB_6L       18  [TILE 0 0, RBB 13 16]        800     r            3124     {inst35: U_uart_rx.r_Clock_Count_FDRE_Q_16 (FDE,site=dff)}                                                                 
   U_uart_rx.r_Clock_Count[1]                Net          24             (fanout=4)       1700                     -                                                                                                                                
   RBB_7/B1                                  RBB_6L        7  [TILE 0 0, RBB 13 12]          -     r            4824                                                                                                                                
   RBB_7/COUT                                RBB_6L        7  [TILE 0 0, RBB 13 12]       1254     r            6078     {inst81: rx_LUT5_I0_3_I2_CARRY4_O_CI_CARRY4_CO_CI_CARRY4_CO (CARRY4)}                                                      
   rx_LUT5_I0_3_I2_CARRY4_O_CI_CARRY4_CO_CI  Net          42             (fanout=1)          0                     -                                                                                                                                
   RBB_8/CIN                                 RBB_6L        8  [TILE 0 0, RBB 16 12]          -     r            6078                                                                                                                                
   RBB_8/COUT                                RBB_6L        8  [TILE 0 0, RBB 16 12]        292     r            6370     {inst80: rx_LUT5_I0_3_I2_CARRY4_O_CI_CARRY4_CO (CARRY4)}                                                                   
   rx_LUT5_I0_3_I2_CARRY4_O_CI               Net          53             (fanout=1)          0                     -                                                                                                                                
   RBB_9/CIN                                 RBB_6L        9  [TILE 0 0, RBB 19 12]          -     r            6370                                                                                                                                
   RBB_9/BMUX                                RBB_6L        9  [TILE 0 0, RBB 19 12]        573     r            6943     {inst79: rx_LUT5_I0_3_I2_CARRY4_O (CARRY4)}                                                                                
   rx_LUT5_I0_3_I2_CARRY4_O_O_1[1]           Net         162             (fanout=1)       1476                     -                                                                                                                                
   RBB_17/A2                                 RBB_6L       17  [TILE 0 0, RBB 13 10]          -     r            8419     {inst85: rx_LUT5_I0_3_I2_CARRY4_O_O_1_LUT2_I1 (LUT,site=aluto)} {inst43: U_uart_rx.r_Clock_Count_FDRE_Q_8 (FDE,site=affo)} 
   ---------------------------------------------------------------------------------------------------------------------------------------------------------------------------------------------------------------------------------------------------
   RBB_17/CLK                                RBB_6L       17  [TILE 0 0, RBB 13 10]       1117     r            9536                                                                                                                                
   clk                                       Clock net     5           (fanout=489)      -2323                     -                                                                                                                                
   clk                                       CLOCK-PORT    -                      -    capture     r            7213                                                                                                                                
   ---------------------------------------------------------------------------------------------------------------------------------------------------------------------------------------------------------------------------------------------------


Path 167:
   Slack (not met):                         -5314ps
     Path type:                               SETUP
     Group:                              <UDEF_clk>
     Launching clock:                           clk (rising edge)
     Capturing clock:                           clk (rising edge)

     Requested period:                       2000ps
   + Delay of the capturing clock:           2324ps
   - Clock uncertainty:                       150ps
   = Required time:                          4174ps
   - Propagation time:                       7167ps (57.8% logic, 42.2% route, logic stage 3)
   - Delay of the launching clock:           2321ps
   = Slack:                                 -5314ps

   Instance/Pin or Net Name                  Type         ID     Location or Fanout   Delay(ps)  Edge  Arrival Time(ps)    Instance detail                                                                                                                   
   ------------------------------------------------------------------------------------------------------------------------------------------------------------------------------------------------------------------------------------------------------------
   clk                                       CLOCK-PORT    -                      -     launch     r               0                                                                                                                                         
   clk                                       Clock net     5           (fanout=489)       2321                     -                                                                                                                                         
   RBB_16/CLK                                RBB_6L       16  [TILE 0 0, RBB 13 14]          -     r            2321                                                                                                                                         
   ------------------------------------------------------------------------------------------------------------------------------------------------------------------------------------------------------------------------------------------------------------
   RBB_16/CMUX                               RBB_6L       16  [TILE 0 0, RBB 13 14]       1380     r            3701     {inst34: U_uart_rx.r_Clock_Count_FDRE_Q_15 (FDE,site=cffo)}                                                                         
   U_uart_rx.r_Clock_Count[2]                Net          21             (fanout=4)        949                     -                                                                                                                                         
   RBB_18/A5                                 RBB_6L       18  [TILE 0 0, RBB 13 16]          -     r            4650                                                                                                                                         
   RBB_18/A                                  RBB_6L       18  [TILE 0 0, RBB 13 16]        695     r            5345     {inst87: rx_LUT5_I0_3_I2_CARRY4_O_O_2_CARRY4_O_DI_LUT5_O (LUT,site=alut)}                                                           
   rx_LUT5_I0_3_I2_CARRY4_O_O_2_CARRY4_O_DI  Net          55             (fanout=1)        921                     -                                                                                                                                         
   RBB_12/A6                                 RBB_6L       12  [TILE 0 0, RBB 10 14]          -     r            6266                                                                                                                                         
   RBB_12/DMUX                               RBB_6L       12  [TILE 0 0, RBB 10 14]       1313     r            7579     {inst86: rx_LUT5_I0_3_I2_CARRY4_O_O_2_CARRY4_O (CARRY4)}                                                                            
   rx_LUT5_I0_3_I2_CARRY4_O_O_2[3]           Net         155            (fanout=13)       1155                     -                                                                                                                                         
   RBB_18/C3                                 RBB_6L       18  [TILE 0 0, RBB 13 16]          -     r            8734     {inst103: rx_LUT5_I0_3_I2_CARRY4_O_O_LUT2_I1_O_LUT4_O_3 (LUT,site=clut)} {inst36: U_uart_rx.r_Clock_Count_FDRE_Q_17 (FDE,site=cff)} 
   ------------------------------------------------------------------------------------------------------------------------------------------------------------------------------------------------------------------------------------------------------------
   RBB_18/CLK                                RBB_6L       18  [TILE 0 0, RBB 13 16]        754     r            9488                                                                                                                                         
   clk                                       Clock net     5           (fanout=489)      -2324                     -                                                                                                                                         
   clk                                       CLOCK-PORT    -                      -    capture     r            7164                                                                                                                                         
   ------------------------------------------------------------------------------------------------------------------------------------------------------------------------------------------------------------------------------------------------------------


Path 168:
   Slack (not met):                         -5307ps
     Path type:                               SETUP
     Group:                              <UDEF_clk>
     Launching clock:                           clk (rising edge)
     Capturing clock:                           clk (rising edge)

     Requested period:                       2000ps
   + Delay of the capturing clock:           2323ps
   - Clock uncertainty:                       150ps
   = Required time:                          4173ps
   - Propagation time:                       7159ps (58.5% logic, 41.5% route, logic stage 3)
   - Delay of the launching clock:           2321ps
   = Slack:                                 -5307ps

   Instance/Pin or Net Name                  Type         ID     Location or Fanout   Delay(ps)  Edge  Arrival Time(ps)    Instance detail                                                                                                                   
   ------------------------------------------------------------------------------------------------------------------------------------------------------------------------------------------------------------------------------------------------------------
   clk                                       CLOCK-PORT    -                      -     launch     r               0                                                                                                                                         
   clk                                       Clock net     5           (fanout=489)       2321                     -                                                                                                                                         
   RBB_16/CLK                                RBB_6L       16  [TILE 0 0, RBB 13 14]          -     r            2321                                                                                                                                         
   ------------------------------------------------------------------------------------------------------------------------------------------------------------------------------------------------------------------------------------------------------------
   RBB_16/CMUX                               RBB_6L       16  [TILE 0 0, RBB 13 14]       1380     r            3701     {inst34: U_uart_rx.r_Clock_Count_FDRE_Q_15 (FDE,site=cffo)}                                                                         
   U_uart_rx.r_Clock_Count[2]                Net          21             (fanout=4)        949                     -                                                                                                                                         
   RBB_18/A5                                 RBB_6L       18  [TILE 0 0, RBB 13 16]          -     r            4650                                                                                                                                         
   RBB_18/A                                  RBB_6L       18  [TILE 0 0, RBB 13 16]        695     r            5345     {inst87: rx_LUT5_I0_3_I2_CARRY4_O_O_2_CARRY4_O_DI_LUT5_O (LUT,site=alut)}                                                           
   rx_LUT5_I0_3_I2_CARRY4_O_O_2_CARRY4_O_DI  Net          55             (fanout=1)        921                     -                                                                                                                                         
   RBB_12/A6                                 RBB_6L       12  [TILE 0 0, RBB 10 14]          -     r            6266                                                                                                                                         
   RBB_12/DMUX                               RBB_6L       12  [TILE 0 0, RBB 10 14]       1313     r            7579     {inst86: rx_LUT5_I0_3_I2_CARRY4_O_O_2_CARRY4_O (CARRY4)}                                                                            
   rx_LUT5_I0_3_I2_CARRY4_O_O_2[3]           Net         155            (fanout=13)       1103                     -                                                                                                                                         
   RBB_17/B3                                 RBB_6L       17  [TILE 0 0, RBB 13 10]          -     r            8682     {inst106: rx_LUT5_I0_3_I2_CARRY4_O_O_LUT2_I1_O_LUT5_O_2 (LUT,site=blut)} {inst29: U_uart_rx.r_Clock_Count_FDRE_Q_10 (FDE,site=bff)} 
   ------------------------------------------------------------------------------------------------------------------------------------------------------------------------------------------------------------------------------------------------------------
   RBB_17/CLK                                RBB_6L       17  [TILE 0 0, RBB 13 10]        798     r            9480                                                                                                                                         
   clk                                       Clock net     5           (fanout=489)      -2323                     -                                                                                                                                         
   clk                                       CLOCK-PORT    -                      -    capture     r            7157                                                                                                                                         
   ------------------------------------------------------------------------------------------------------------------------------------------------------------------------------------------------------------------------------------------------------------


Path 48:
   Slack (not met):                         -5307ps
     Path type:                               SETUP
     Group:                              <UDEF_clk>
     Launching clock:                           clk (rising edge)
     Capturing clock:                           clk (rising edge)

     Requested period:                       2000ps
   + Delay of the capturing clock:           2347ps
   - Clock uncertainty:                       150ps
   = Required time:                          4197ps
   - Propagation time:                       7183ps (49.6% logic, 50.4% route, logic stage 3)
   - Delay of the launching clock:           2321ps
   = Slack:                                 -5307ps

   Instance/Pin or Net Name      Type         ID     Location or Fanout   Delay(ps)  Edge  Arrival Time(ps)    Instance detail                                                                                                                   
   ------------------------------------------------------------------------------------------------------------------------------------------------------------------------------------------------------------------------------------------------
   clk                           CLOCK-PORT    -                      -     launch     r               0                                                                                                                                         
   clk                           Clock net     5           (fanout=489)       2321                     -                                                                                                                                         
   RBB_16/CLK                    RBB_6L       16  [TILE 0 0, RBB 13 14]          -     r            2321                                                                                                                                         
   ------------------------------------------------------------------------------------------------------------------------------------------------------------------------------------------------------------------------------------------------
   RBB_16/CMUX                   RBB_6L       16  [TILE 0 0, RBB 13 14]       1380     r            3701     {inst34: U_uart_rx.r_Clock_Count_FDRE_Q_15 (FDE,site=cffo)}                                                                         
   U_uart_rx.r_Clock_Count[2]    Net          21             (fanout=4)        949                     -                                                                                                                                         
   RBB_18/B5                     RBB_6L       18  [TILE 0 0, RBB 13 16]          -     r            4650                                                                                                                                         
   RBB_18/B                      RBB_6L       18  [TILE 0 0, RBB 13 16]        717     r            5367     {inst111: rx_LUT5_I0_3_I3_LUT5_O_I0_LUT3_O (LUT,site=blut)}                                                                         
   rx_LUT5_I0_3_I3_LUT5_O_I0[3]  Net         137             (fanout=1)       1390                     -                                                                                                                                         
   RBB_13/D4                     RBB_6L       13  [TILE 0 0, RBB 10 10]          -     r            6757                                                                                                                                         
   RBB_13/D                      RBB_6L       13  [TILE 0 0, RBB 10 10]        653     r            7410     {inst110: rx_LUT5_I0_3_I3_LUT5_O (LUT,site=dlut)}                                                                                   
   rx_LUT5_I0_3_I3[2]            Net          59             (fanout=8)       1281                     -                                                                                                                                         
   RBB_19/D3                     RBB_6L       19  [TILE 0 0, RBB 10 12]          -     r            8691     {inst107: rx_LUT5_I0_3_I2_CARRY4_O_O_LUT2_I1_O_LUT5_O_3 (LUT,site=dlut)} {inst30: U_uart_rx.r_Clock_Count_FDRE_Q_11 (FDE,site=dff)} 
   ------------------------------------------------------------------------------------------------------------------------------------------------------------------------------------------------------------------------------------------------
   RBB_19/CLK                    RBB_6L       19  [TILE 0 0, RBB 10 12]        813     r            9504                                                                                                                                         
   clk                           Clock net     5           (fanout=489)      -2347                     -                                                                                                                                         
   clk                           CLOCK-PORT    -                      -    capture     r            7157                                                                                                                                         
   ------------------------------------------------------------------------------------------------------------------------------------------------------------------------------------------------------------------------------------------------


Path 171:
   Slack (not met):                         -5271ps
     Path type:                               SETUP
     Group:                              <UDEF_clk>
     Launching clock:                           clk (rising edge)
     Capturing clock:                           clk (rising edge)

     Requested period:                       2000ps
   + Delay of the capturing clock:           2323ps
   - Clock uncertainty:                       150ps
   = Required time:                          4173ps
   - Propagation time:                       7123ps (58.1% logic, 41.9% route, logic stage 3)
   - Delay of the launching clock:           2321ps
   = Slack:                                 -5271ps

   Instance/Pin or Net Name                  Type         ID     Location or Fanout   Delay(ps)  Edge  Arrival Time(ps)    Instance detail                                                                                                                
   ---------------------------------------------------------------------------------------------------------------------------------------------------------------------------------------------------------------------------------------------------------
   clk                                       CLOCK-PORT    -                      -     launch     r               0                                                                                                                                      
   clk                                       Clock net     5           (fanout=489)       2321                     -                                                                                                                                      
   RBB_16/CLK                                RBB_6L       16  [TILE 0 0, RBB 13 14]          -     r            2321                                                                                                                                      
   ---------------------------------------------------------------------------------------------------------------------------------------------------------------------------------------------------------------------------------------------------------
   RBB_16/CMUX                               RBB_6L       16  [TILE 0 0, RBB 13 14]       1380     r            3701     {inst34: U_uart_rx.r_Clock_Count_FDRE_Q_15 (FDE,site=cffo)}                                                                      
   U_uart_rx.r_Clock_Count[2]                Net          21             (fanout=4)        949                     -                                                                                                                                      
   RBB_18/A5                                 RBB_6L       18  [TILE 0 0, RBB 13 16]          -     r            4650                                                                                                                                      
   RBB_18/A                                  RBB_6L       18  [TILE 0 0, RBB 13 16]        695     r            5345     {inst87: rx_LUT5_I0_3_I2_CARRY4_O_O_2_CARRY4_O_DI_LUT5_O (LUT,site=alut)}                                                        
   rx_LUT5_I0_3_I2_CARRY4_O_O_2_CARRY4_O_DI  Net          55             (fanout=1)        921                     -                                                                                                                                      
   RBB_12/A6                                 RBB_6L       12  [TILE 0 0, RBB 10 14]          -     r            6266                                                                                                                                      
   RBB_12/DMUX                               RBB_6L       12  [TILE 0 0, RBB 10 14]       1313     r            7579     {inst86: rx_LUT5_I0_3_I2_CARRY4_O_O_2_CARRY4_O (CARRY4)}                                                                         
   rx_LUT5_I0_3_I2_CARRY4_O_O_2[3]           Net         155            (fanout=13)       1111                     -                                                                                                                                      
   RBB_17/C3                                 RBB_6L       17  [TILE 0 0, RBB 13 10]          -     r            8690     {inst100: rx_LUT5_I0_3_I2_CARRY4_O_O_LUT2_I1_O_LUT4_O (LUT,site=clut)} {inst44: U_uart_rx.r_Clock_Count_FDRE_Q_9 (FDE,site=cff)} 
   ---------------------------------------------------------------------------------------------------------------------------------------------------------------------------------------------------------------------------------------------------------
   RBB_17/CLK                                RBB_6L       17  [TILE 0 0, RBB 13 10]        754     r            9444                                                                                                                                      
   clk                                       Clock net     5           (fanout=489)      -2323                     -                                                                                                                                      
   clk                                       CLOCK-PORT    -                      -    capture     r            7121                                                                                                                                      
   ---------------------------------------------------------------------------------------------------------------------------------------------------------------------------------------------------------------------------------------------------------


Path 177:
   Slack (not met):                         -5224ps
     Path type:                               SETUP
     Group:                              <UDEF_clk>
     Launching clock:                           clk (rising edge)
     Capturing clock:                           clk (rising edge)

     Requested period:                       2000ps
   + Delay of the capturing clock:           2323ps
   - Clock uncertainty:                       150ps
   = Required time:                          4173ps
   - Propagation time:                       7073ps (53.8% logic, 46.2% route, logic stage 4)
   - Delay of the launching clock:           2324ps
   = Slack:                                 -5224ps

   Instance/Pin or Net Name                  Type         ID     Location or Fanout   Delay(ps)  Edge  Arrival Time(ps)    Instance detail                                                                                                                 
   ----------------------------------------------------------------------------------------------------------------------------------------------------------------------------------------------------------------------------------------------------------
   clk                                       CLOCK-PORT    -                      -     launch     r               0                                                                                                                                       
   clk                                       Clock net     5           (fanout=489)       2324                     -                                                                                                                                       
   RBB_18/CLK                                RBB_6L       18  [TILE 0 0, RBB 13 16]          -     r            2324                                                                                                                                       
   ----------------------------------------------------------------------------------------------------------------------------------------------------------------------------------------------------------------------------------------------------------
   RBB_18/DQ                                 RBB_6L       18  [TILE 0 0, RBB 13 16]        800     r            3124     {inst35: U_uart_rx.r_Clock_Count_FDRE_Q_16 (FDE,site=dff)}                                                                        
   U_uart_rx.r_Clock_Count[1]                Net          24             (fanout=4)       1700                     -                                                                                                                                       
   RBB_7/B1                                  RBB_6L        7  [TILE 0 0, RBB 13 12]          -     r            4824                                                                                                                                       
   RBB_7/COUT                                RBB_6L        7  [TILE 0 0, RBB 13 12]       1254     r            6078     {inst81: rx_LUT5_I0_3_I2_CARRY4_O_CI_CARRY4_CO_CI_CARRY4_CO (CARRY4)}                                                             
   rx_LUT5_I0_3_I2_CARRY4_O_CI_CARRY4_CO_CI  Net          42             (fanout=1)          0                     -                                                                                                                                       
   RBB_8/CIN                                 RBB_6L        8  [TILE 0 0, RBB 16 12]          -     r            6078                                                                                                                                       
   RBB_8/COUT                                RBB_6L        8  [TILE 0 0, RBB 16 12]        292     r            6370     {inst80: rx_LUT5_I0_3_I2_CARRY4_O_CI_CARRY4_CO (CARRY4)}                                                                          
   rx_LUT5_I0_3_I2_CARRY4_O_CI               Net          53             (fanout=1)          0                     -                                                                                                                                       
   RBB_9/CIN                                 RBB_6L        9  [TILE 0 0, RBB 19 12]          -     r            6370                                                                                                                                       
   RBB_9/CMUX                                RBB_6L        9  [TILE 0 0, RBB 19 12]        633     r            7003     {inst79: rx_LUT5_I0_3_I2_CARRY4_O (CARRY4)}                                                                                       
   rx_LUT5_I0_3_I2[1]                        Net         166             (fanout=1)       1570                     -                                                                                                                                       
   RBB_17/A1                                 RBB_6L       17  [TILE 0 0, RBB 13 10]          -     r            8573     {inst99: rx_LUT5_I0_3_I2_CARRY4_O_O_LUT2_I1_O_LUT2_O_6 (LUT,site=alut)} {inst42: U_uart_rx.r_Clock_Count_FDRE_Q_7 (FDE,site=aff)} 
   ----------------------------------------------------------------------------------------------------------------------------------------------------------------------------------------------------------------------------------------------------------
   RBB_17/CLK                                RBB_6L       17  [TILE 0 0, RBB 13 10]        824     r            9397                                                                                                                                       
   clk                                       Clock net     5           (fanout=489)      -2323                     -                                                                                                                                       
   clk                                       CLOCK-PORT    -                      -    capture     r            7074                                                                                                                                       
   ----------------------------------------------------------------------------------------------------------------------------------------------------------------------------------------------------------------------------------------------------------


Path 175:
   Slack (not met):                         -5198ps
     Path type:                               SETUP
     Group:                              <UDEF_clk>
     Launching clock:                           clk (rising edge)
     Capturing clock:                           clk (rising edge)

     Requested period:                       2000ps
   + Delay of the capturing clock:           2321ps
   - Clock uncertainty:                       150ps
   = Required time:                          4171ps
   - Propagation time:                       7048ps (61.5% logic, 38.5% route, logic stage 3)
   - Delay of the launching clock:           2321ps
   = Slack:                                 -5198ps

   Instance/Pin or Net Name                  Type         ID     Location or Fanout   Delay(ps)  Edge  Arrival Time(ps)    Instance detail                                                                                                                   
   ------------------------------------------------------------------------------------------------------------------------------------------------------------------------------------------------------------------------------------------------------------
   clk                                       CLOCK-PORT    -                      -     launch     r               0                                                                                                                                         
   clk                                       Clock net     5           (fanout=489)       2321                     -                                                                                                                                         
   RBB_16/CLK                                RBB_6L       16  [TILE 0 0, RBB 13 14]          -     r            2321                                                                                                                                         
   ------------------------------------------------------------------------------------------------------------------------------------------------------------------------------------------------------------------------------------------------------------
   RBB_16/CMUX                               RBB_6L       16  [TILE 0 0, RBB 13 14]       1380     r            3701     {inst34: U_uart_rx.r_Clock_Count_FDRE_Q_15 (FDE,site=cffo)}                                                                         
   U_uart_rx.r_Clock_Count[2]                Net          21             (fanout=4)        949                     -                                                                                                                                         
   RBB_18/A5                                 RBB_6L       18  [TILE 0 0, RBB 13 16]          -     r            4650                                                                                                                                         
   RBB_18/A                                  RBB_6L       18  [TILE 0 0, RBB 13 16]        695     r            5345     {inst87: rx_LUT5_I0_3_I2_CARRY4_O_O_2_CARRY4_O_DI_LUT5_O (LUT,site=alut)}                                                           
   rx_LUT5_I0_3_I2_CARRY4_O_O_2_CARRY4_O_DI  Net          55             (fanout=1)        921                     -                                                                                                                                         
   RBB_12/A6                                 RBB_6L       12  [TILE 0 0, RBB 10 14]          -     r            6266                                                                                                                                         
   RBB_12/DMUX                               RBB_6L       12  [TILE 0 0, RBB 10 14]       1313     r            7579     {inst86: rx_LUT5_I0_3_I2_CARRY4_O_O_2_CARRY4_O (CARRY4)}                                                                            
   rx_LUT5_I0_3_I2_CARRY4_O_O_2[3]           Net         155            (fanout=13)        846                     -                                                                                                                                         
   RBB_16/A3                                 RBB_6L       16  [TILE 0 0, RBB 13 14]          -     r            8425     {inst108: rx_LUT5_I0_3_I2_CARRY4_O_O_LUT2_I1_O_LUT5_O_4 (LUT,site=alut)} {inst33: U_uart_rx.r_Clock_Count_FDRE_Q_14 (FDE,site=aff)} 
   ------------------------------------------------------------------------------------------------------------------------------------------------------------------------------------------------------------------------------------------------------------
   RBB_16/CLK                                RBB_6L       16  [TILE 0 0, RBB 13 14]        944     r            9369                                                                                                                                         
   clk                                       Clock net     5           (fanout=489)      -2321                     -                                                                                                                                         
   clk                                       CLOCK-PORT    -                      -    capture     r            7048                                                                                                                                         
   ------------------------------------------------------------------------------------------------------------------------------------------------------------------------------------------------------------------------------------------------------------


Path 184:
   Slack (not met):                         -5175ps
     Path type:                               SETUP
     Group:                              <UDEF_clk>
     Launching clock:                           clk (rising edge)
     Capturing clock:                           clk (rising edge)

     Requested period:                       2000ps
   + Delay of the capturing clock:           2347ps
   - Clock uncertainty:                       150ps
   = Required time:                          4197ps
   - Propagation time:                       7048ps (52.0% logic, 48.0% route, logic stage 3)
   - Delay of the launching clock:           2324ps
   = Slack:                                 -5175ps

   Instance/Pin or Net Name                      Type         ID     Location or Fanout   Delay(ps)  Edge  Arrival Time(ps)    Instance detail                                                                                                                   
   ----------------------------------------------------------------------------------------------------------------------------------------------------------------------------------------------------------------------------------------------------------------
   clk                                           CLOCK-PORT    -                      -     launch     r               0                                                                                                                                         
   clk                                           Clock net     5           (fanout=489)       2324                     -                                                                                                                                         
   RBB_18/CLK                                    RBB_6L       18  [TILE 0 0, RBB 13 16]          -     r            2324                                                                                                                                         
   ----------------------------------------------------------------------------------------------------------------------------------------------------------------------------------------------------------------------------------------------------------------
   RBB_18/DQ                                     RBB_6L       18  [TILE 0 0, RBB 13 16]        800     r            3124     {inst35: U_uart_rx.r_Clock_Count_FDRE_Q_16 (FDE,site=dff)}                                                                          
   U_uart_rx.r_Clock_Count[1]                    Net          24             (fanout=4)       1700                     -                                                                                                                                         
   RBB_7/B1                                      RBB_6L        7  [TILE 0 0, RBB 13 12]          -     r            4824                                                                                                                                         
   RBB_7/COUT                                    RBB_6L        7  [TILE 0 0, RBB 13 12]       1254     r            6078     {inst81: rx_LUT5_I0_3_I2_CARRY4_O_CI_CARRY4_CO_CI_CARRY4_CO (CARRY4)}                                                               
   rx_LUT5_I0_3_I2_CARRY4_O_CI_CARRY4_CO_CI      Net          42             (fanout=1)          0                     -                                                                                                                                         
   RBB_8/CIN                                     RBB_6L        8  [TILE 0 0, RBB 16 12]          -     r            6078                                                                                                                                         
   RBB_8/CMUX                                    RBB_6L        8  [TILE 0 0, RBB 16 12]        752     r            6830     {inst80: rx_LUT5_I0_3_I2_CARRY4_O_CI_CARRY4_CO (CARRY4)}                                                                            
   rx_LUT5_I0_3_I2_CARRY4_O_CI_CARRY4_CO_O_1[2]  Net         152             (fanout=1)       1681                     -                                                                                                                                         
   RBB_19/D2                                     RBB_6L       19  [TILE 0 0, RBB 10 12]          -     r            8511     {inst107: rx_LUT5_I0_3_I2_CARRY4_O_O_LUT2_I1_O_LUT5_O_3 (LUT,site=dlut)} {inst30: U_uart_rx.r_Clock_Count_FDRE_Q_11 (FDE,site=dff)} 
   ----------------------------------------------------------------------------------------------------------------------------------------------------------------------------------------------------------------------------------------------------------------
   RBB_19/CLK                                    RBB_6L       19  [TILE 0 0, RBB 10 12]        861     r            9372                                                                                                                                         
   clk                                           Clock net     5           (fanout=489)      -2347                     -                                                                                                                                         
   clk                                           CLOCK-PORT    -                      -    capture     r            7025                                                                                                                                         
   ----------------------------------------------------------------------------------------------------------------------------------------------------------------------------------------------------------------------------------------------------------------


Path 173:
   Slack (not met):                         -5123ps
     Path type:                               SETUP
     Group:                              <UDEF_clk>
     Launching clock:                           clk (rising edge)
     Capturing clock:                           clk (rising edge)

     Requested period:                       2000ps
   + Delay of the capturing clock:           2321ps
   - Clock uncertainty:                       150ps
   = Required time:                          4171ps
   - Propagation time:                       6973ps (61.3% logic, 38.7% route, logic stage 3)
   - Delay of the launching clock:           2321ps
   = Slack:                                 -5123ps

   Instance/Pin or Net Name                  Type         ID     Location or Fanout   Delay(ps)  Edge  Arrival Time(ps)    Instance detail                                                                                                                     
   --------------------------------------------------------------------------------------------------------------------------------------------------------------------------------------------------------------------------------------------------------------
   clk                                       CLOCK-PORT    -                      -     launch     r               0                                                                                                                                           
   clk                                       Clock net     5           (fanout=489)       2321                     -                                                                                                                                           
   RBB_16/CLK                                RBB_6L       16  [TILE 0 0, RBB 13 14]          -     r            2321                                                                                                                                           
   --------------------------------------------------------------------------------------------------------------------------------------------------------------------------------------------------------------------------------------------------------------
   RBB_16/CMUX                               RBB_6L       16  [TILE 0 0, RBB 13 14]       1380     r            3701     {inst34: U_uart_rx.r_Clock_Count_FDRE_Q_15 (FDE,site=cffo)}                                                                           
   U_uart_rx.r_Clock_Count[2]                Net          21             (fanout=4)        949                     -                                                                                                                                           
   RBB_18/A5                                 RBB_6L       18  [TILE 0 0, RBB 13 16]          -     r            4650                                                                                                                                           
   RBB_18/A                                  RBB_6L       18  [TILE 0 0, RBB 13 16]        695     r            5345     {inst87: rx_LUT5_I0_3_I2_CARRY4_O_O_2_CARRY4_O_DI_LUT5_O (LUT,site=alut)}                                                             
   rx_LUT5_I0_3_I2_CARRY4_O_O_2_CARRY4_O_DI  Net          55             (fanout=1)        921                     -                                                                                                                                           
   RBB_12/A6                                 RBB_6L       12  [TILE 0 0, RBB 10 14]          -     r            6266                                                                                                                                           
   RBB_12/DMUX                               RBB_6L       12  [TILE 0 0, RBB 10 14]       1313     r            7579     {inst86: rx_LUT5_I0_3_I2_CARRY4_O_O_2_CARRY4_O (CARRY4)}                                                                              
   rx_LUT5_I0_3_I2_CARRY4_O_O_2[3]           Net         155            (fanout=13)        830                     -                                                                                                                                           
   RBB_16/C3                                 RBB_6L       16  [TILE 0 0, RBB 13 14]          -     r            8409     {inst102: rx_LUT5_I0_3_I2_CARRY4_O_O_LUT2_I1_O_LUT4_O_2 (LUT,site=cluto)} {inst34: U_uart_rx.r_Clock_Count_FDRE_Q_15 (FDE,site=cffo)} 
   --------------------------------------------------------------------------------------------------------------------------------------------------------------------------------------------------------------------------------------------------------------
   RBB_16/CLK                                RBB_6L       16  [TILE 0 0, RBB 13 14]        885     r            9294                                                                                                                                           
   clk                                       Clock net     5           (fanout=489)      -2321                     -                                                                                                                                           
   clk                                       CLOCK-PORT    -                      -    capture     r            6973                                                                                                                                           
   --------------------------------------------------------------------------------------------------------------------------------------------------------------------------------------------------------------------------------------------------------------


Path 118:
   Slack (not met):                         -5102ps
     Path type:                               SETUP
     Group:                              <UDEF_clk>
     Launching clock:                           clk (rising edge)
     Capturing clock:                           clk (rising edge)

     Requested period:                       2000ps
   + Delay of the capturing clock:           2272ps
   - Clock uncertainty:                       150ps
   = Required time:                          4122ps
   - Propagation time:                       6907ps (39.1% logic, 60.9% route, logic stage 2)
   - Delay of the launching clock:           2317ps
   = Slack:                                 -5102ps

   Instance/Pin or Net Name     Type         ID     Location or Fanout   Delay(ps)  Edge  Arrival Time(ps)    Instance detail                                                                            
   --------------------------------------------------------------------------------------------------------------------------------------------------------------------------------------------------------
   clk                          CLOCK-PORT    -                      -     launch     r               0                                                                                                  
   clk                          Clock net     5           (fanout=489)       2317                     -                                                                                                  
   RBB_5/CLK                    RBB_6L        5   [TILE 0 0, RBB 7 10]          -     r            2317                                                                                                  
   --------------------------------------------------------------------------------------------------------------------------------------------------------------------------------------------------------
   RBB_5/AQ                     RBB_6L        5   [TILE 0 0, RBB 7 10]        800     r            3117     {inst24: U_uart_rx.r_Bit_Index_FDRE_Q_2 (FDRE,site=aff)}                                     
   U_uart_rx.r_Bit_Index[0]     Net          37             (fanout=7)       1632                     -                                                                                                  
   RBB_5/A1                     RBB_6L        5   [TILE 0 0, RBB 7 10]          -     r            4749                                                                                                  
   RBB_5/CMUX                   RBB_6L        5   [TILE 0 0, RBB 7 10]       1391     r            6140     {inst68: rx_LUT3_I0_I2_CARRY4_O (CARRY4)}                                                    
   rx_LUT3_I0_I2_CARRY4_O_O[3]  Net           7             (fanout=4)       2572                     -                                                                                                  
   RBB_11/C3                    RBB_6L       11  [TILE 0 0, RBB 25 12]          -     r            8712     {inst115: rx_LUT5_I4 (LUT,site=cluto)} {inst47: U_uart_rx.r_RX_Byte_FDRE_Q_2 (FDE,site=cff)} 
   --------------------------------------------------------------------------------------------------------------------------------------------------------------------------------------------------------
   RBB_11/CLK                   RBB_6L       11  [TILE 0 0, RBB 25 12]        512     r            9224                                                                                                  
   clk                          Clock net     5           (fanout=489)      -2272                     -                                                                                                  
   clk                          CLOCK-PORT    -                      -    capture     r            6952                                                                                                  
   --------------------------------------------------------------------------------------------------------------------------------------------------------------------------------------------------------


Path 182:
   Slack (not met):                         -5085ps
     Path type:                               SETUP
     Group:                              <UDEF_clk>
     Launching clock:                           clk (rising edge)
     Capturing clock:                           clk (rising edge)

     Requested period:                       2000ps
   + Delay of the capturing clock:           2323ps
   - Clock uncertainty:                       150ps
   = Required time:                          4173ps
   - Propagation time:                       6934ps (53.7% logic, 46.3% route, logic stage 4)
   - Delay of the launching clock:           2324ps
   = Slack:                                 -5085ps

   Instance/Pin or Net Name                  Type         ID     Location or Fanout   Delay(ps)  Edge  Arrival Time(ps)    Instance detail                                                                                                                
   ---------------------------------------------------------------------------------------------------------------------------------------------------------------------------------------------------------------------------------------------------------
   clk                                       CLOCK-PORT    -                      -     launch     r               0                                                                                                                                      
   clk                                       Clock net     5           (fanout=489)       2324                     -                                                                                                                                      
   RBB_18/CLK                                RBB_6L       18  [TILE 0 0, RBB 13 16]          -     r            2324                                                                                                                                      
   ---------------------------------------------------------------------------------------------------------------------------------------------------------------------------------------------------------------------------------------------------------
   RBB_18/DQ                                 RBB_6L       18  [TILE 0 0, RBB 13 16]        800     r            3124     {inst35: U_uart_rx.r_Clock_Count_FDRE_Q_16 (FDE,site=dff)}                                                                       
   U_uart_rx.r_Clock_Count[1]                Net          24             (fanout=4)       1700                     -                                                                                                                                      
   RBB_7/B1                                  RBB_6L        7  [TILE 0 0, RBB 13 12]          -     r            4824                                                                                                                                      
   RBB_7/COUT                                RBB_6L        7  [TILE 0 0, RBB 13 12]       1254     r            6078     {inst81: rx_LUT5_I0_3_I2_CARRY4_O_CI_CARRY4_CO_CI_CARRY4_CO (CARRY4)}                                                            
   rx_LUT5_I0_3_I2_CARRY4_O_CI_CARRY4_CO_CI  Net          42             (fanout=1)          0                     -                                                                                                                                      
   RBB_8/CIN                                 RBB_6L        8  [TILE 0 0, RBB 16 12]          -     r            6078                                                                                                                                      
   RBB_8/COUT                                RBB_6L        8  [TILE 0 0, RBB 16 12]        292     r            6370     {inst80: rx_LUT5_I0_3_I2_CARRY4_O_CI_CARRY4_CO (CARRY4)}                                                                         
   rx_LUT5_I0_3_I2_CARRY4_O_CI               Net          53             (fanout=1)          0                     -                                                                                                                                      
   RBB_9/CIN                                 RBB_6L        9  [TILE 0 0, RBB 19 12]          -     r            6370                                                                                                                                      
   RBB_9/AMUX                                RBB_6L        9  [TILE 0 0, RBB 19 12]        497     r            6867     {inst79: rx_LUT5_I0_3_I2_CARRY4_O (CARRY4)}                                                                                      
   rx_LUT5_I0_3_I2_CARRY4_O_O_2[2]           Net         156             (fanout=1)       1510                     -                                                                                                                                      
   RBB_17/C1                                 RBB_6L       17  [TILE 0 0, RBB 13 10]          -     r            8377     {inst100: rx_LUT5_I0_3_I2_CARRY4_O_O_LUT2_I1_O_LUT4_O (LUT,site=clut)} {inst44: U_uart_rx.r_Clock_Count_FDRE_Q_9 (FDE,site=cff)} 
   ---------------------------------------------------------------------------------------------------------------------------------------------------------------------------------------------------------------------------------------------------------
   RBB_17/CLK                                RBB_6L       17  [TILE 0 0, RBB 13 10]        881     r            9258                                                                                                                                      
   clk                                       Clock net     5           (fanout=489)      -2323                     -                                                                                                                                      
   clk                                       CLOCK-PORT    -                      -    capture     r            6935                                                                                                                                      
   ---------------------------------------------------------------------------------------------------------------------------------------------------------------------------------------------------------------------------------------------------------


Path 176:
   Slack (not met):                         -5029ps
     Path type:                               SETUP
     Group:                              <UDEF_clk>
     Launching clock:                           clk (rising edge)
     Capturing clock:                           clk (rising edge)

     Requested period:                       2000ps
   + Delay of the capturing clock:           2321ps
   - Clock uncertainty:                       150ps
   = Required time:                          4171ps
   - Propagation time:                       6879ps (60.9% logic, 39.1% route, logic stage 3)
   - Delay of the launching clock:           2321ps
   = Slack:                                 -5029ps

   Instance/Pin or Net Name                  Type         ID     Location or Fanout   Delay(ps)  Edge  Arrival Time(ps)    Instance detail                                                                                                                   
   ------------------------------------------------------------------------------------------------------------------------------------------------------------------------------------------------------------------------------------------------------------
   clk                                       CLOCK-PORT    -                      -     launch     r               0                                                                                                                                         
   clk                                       Clock net     5           (fanout=489)       2321                     -                                                                                                                                         
   RBB_16/CLK                                RBB_6L       16  [TILE 0 0, RBB 13 14]          -     r            2321                                                                                                                                         
   ------------------------------------------------------------------------------------------------------------------------------------------------------------------------------------------------------------------------------------------------------------
   RBB_16/CMUX                               RBB_6L       16  [TILE 0 0, RBB 13 14]       1380     r            3701     {inst34: U_uart_rx.r_Clock_Count_FDRE_Q_15 (FDE,site=cffo)}                                                                         
   U_uart_rx.r_Clock_Count[2]                Net          21             (fanout=4)        949                     -                                                                                                                                         
   RBB_18/A5                                 RBB_6L       18  [TILE 0 0, RBB 13 16]          -     r            4650                                                                                                                                         
   RBB_18/A                                  RBB_6L       18  [TILE 0 0, RBB 13 16]        695     r            5345     {inst87: rx_LUT5_I0_3_I2_CARRY4_O_O_2_CARRY4_O_DI_LUT5_O (LUT,site=alut)}                                                           
   rx_LUT5_I0_3_I2_CARRY4_O_O_2_CARRY4_O_DI  Net          55             (fanout=1)        921                     -                                                                                                                                         
   RBB_12/A6                                 RBB_6L       12  [TILE 0 0, RBB 10 14]          -     r            6266                                                                                                                                         
   RBB_12/DMUX                               RBB_6L       12  [TILE 0 0, RBB 10 14]       1313     r            7579     {inst86: rx_LUT5_I0_3_I2_CARRY4_O_O_2_CARRY4_O (CARRY4)}                                                                            
   rx_LUT5_I0_3_I2_CARRY4_O_O_2[3]           Net         155            (fanout=13)        823                     -                                                                                                                                         
   RBB_16/B3                                 RBB_6L       16  [TILE 0 0, RBB 13 14]          -     r            8402     {inst105: rx_LUT5_I0_3_I2_CARRY4_O_O_LUT2_I1_O_LUT5_O_1 (LUT,site=blut)} {inst32: U_uart_rx.r_Clock_Count_FDRE_Q_13 (FDE,site=bff)} 
   ------------------------------------------------------------------------------------------------------------------------------------------------------------------------------------------------------------------------------------------------------------
   RBB_16/CLK                                RBB_6L       16  [TILE 0 0, RBB 13 14]        798     r            9200                                                                                                                                         
   clk                                       Clock net     5           (fanout=489)      -2321                     -                                                                                                                                         
   clk                                       CLOCK-PORT    -                      -    capture     r            6879                                                                                                                                         
   ------------------------------------------------------------------------------------------------------------------------------------------------------------------------------------------------------------------------------------------------------------


Path 45:
   Slack (not met):                         -5007ps
     Path type:                               SETUP
     Group:                              <UDEF_clk>
     Launching clock:                           clk (rising edge)
     Capturing clock:                           clk (rising edge)

     Requested period:                       2000ps
   + Delay of the capturing clock:           2321ps
   - Clock uncertainty:                       150ps
   = Required time:                          4171ps
   - Propagation time:                       6857ps (52.4% logic, 47.6% route, logic stage 3)
   - Delay of the launching clock:           2321ps
   = Slack:                                 -5007ps

   Instance/Pin or Net Name      Type         ID     Location or Fanout   Delay(ps)  Edge  Arrival Time(ps)    Instance detail                                                                                                                   
   ------------------------------------------------------------------------------------------------------------------------------------------------------------------------------------------------------------------------------------------------
   clk                           CLOCK-PORT    -                      -     launch     r               0                                                                                                                                         
   clk                           Clock net     5           (fanout=489)       2321                     -                                                                                                                                         
   RBB_16/CLK                    RBB_6L       16  [TILE 0 0, RBB 13 14]          -     r            2321                                                                                                                                         
   ------------------------------------------------------------------------------------------------------------------------------------------------------------------------------------------------------------------------------------------------
   RBB_16/CMUX                   RBB_6L       16  [TILE 0 0, RBB 13 14]       1380     r            3701     {inst34: U_uart_rx.r_Clock_Count_FDRE_Q_15 (FDE,site=cffo)}                                                                         
   U_uart_rx.r_Clock_Count[2]    Net          21             (fanout=4)        949                     -                                                                                                                                         
   RBB_18/B5                     RBB_6L       18  [TILE 0 0, RBB 13 16]          -     r            4650                                                                                                                                         
   RBB_18/B                      RBB_6L       18  [TILE 0 0, RBB 13 16]        717     r            5367     {inst111: rx_LUT5_I0_3_I3_LUT5_O_I0_LUT3_O (LUT,site=blut)}                                                                         
   rx_LUT5_I0_3_I3_LUT5_O_I0[3]  Net         137             (fanout=1)       1390                     -                                                                                                                                         
   RBB_13/D4                     RBB_6L       13  [TILE 0 0, RBB 10 10]          -     r            6757                                                                                                                                         
   RBB_13/D                      RBB_6L       13  [TILE 0 0, RBB 10 10]        653     r            7410     {inst110: rx_LUT5_I0_3_I3_LUT5_O (LUT,site=dlut)}                                                                                   
   rx_LUT5_I0_3_I3[2]            Net          59             (fanout=8)        925                     -                                                                                                                                         
   RBB_16/A2                     RBB_6L       16  [TILE 0 0, RBB 13 14]          -     r            8335     {inst108: rx_LUT5_I0_3_I2_CARRY4_O_O_LUT2_I1_O_LUT5_O_4 (LUT,site=alut)} {inst33: U_uart_rx.r_Clock_Count_FDRE_Q_14 (FDE,site=aff)} 
   ------------------------------------------------------------------------------------------------------------------------------------------------------------------------------------------------------------------------------------------------
   RBB_16/CLK                    RBB_6L       16  [TILE 0 0, RBB 13 14]        843     r            9178                                                                                                                                         
   clk                           Clock net     5           (fanout=489)      -2321                     -                                                                                                                                         
   clk                           CLOCK-PORT    -                      -    capture     r            6857                                                                                                                                         
   ------------------------------------------------------------------------------------------------------------------------------------------------------------------------------------------------------------------------------------------------


Path 180:
   Slack (not met):                         -4992ps
     Path type:                               SETUP
     Group:                              <UDEF_clk>
     Launching clock:                           clk (rising edge)
     Capturing clock:                           clk (rising edge)

     Requested period:                       2000ps
   + Delay of the capturing clock:           2321ps
   - Clock uncertainty:                       150ps
   = Required time:                          4171ps
   - Propagation time:                       6842ps (60.5% logic, 39.5% route, logic stage 3)
   - Delay of the launching clock:           2321ps
   = Slack:                                 -4992ps

   Instance/Pin or Net Name                  Type         ID     Location or Fanout   Delay(ps)  Edge  Arrival Time(ps)    Instance detail                                                                                                                   
   ------------------------------------------------------------------------------------------------------------------------------------------------------------------------------------------------------------------------------------------------------------
   clk                                       CLOCK-PORT    -                      -     launch     r               0                                                                                                                                         
   clk                                       Clock net     5           (fanout=489)       2321                     -                                                                                                                                         
   RBB_16/CLK                                RBB_6L       16  [TILE 0 0, RBB 13 14]          -     r            2321                                                                                                                                         
   ------------------------------------------------------------------------------------------------------------------------------------------------------------------------------------------------------------------------------------------------------------
   RBB_16/CMUX                               RBB_6L       16  [TILE 0 0, RBB 13 14]       1380     r            3701     {inst34: U_uart_rx.r_Clock_Count_FDRE_Q_15 (FDE,site=cffo)}                                                                         
   U_uart_rx.r_Clock_Count[2]                Net          21             (fanout=4)        949                     -                                                                                                                                         
   RBB_18/A5                                 RBB_6L       18  [TILE 0 0, RBB 13 16]          -     r            4650                                                                                                                                         
   RBB_18/A                                  RBB_6L       18  [TILE 0 0, RBB 13 16]        695     r            5345     {inst87: rx_LUT5_I0_3_I2_CARRY4_O_O_2_CARRY4_O_DI_LUT5_O (LUT,site=alut)}                                                           
   rx_LUT5_I0_3_I2_CARRY4_O_O_2_CARRY4_O_DI  Net          55             (fanout=1)        921                     -                                                                                                                                         
   RBB_12/A6                                 RBB_6L       12  [TILE 0 0, RBB 10 14]          -     r            6266                                                                                                                                         
   RBB_12/DMUX                               RBB_6L       12  [TILE 0 0, RBB 10 14]       1313     r            7579     {inst86: rx_LUT5_I0_3_I2_CARRY4_O_O_2_CARRY4_O (CARRY4)}                                                                            
   rx_LUT5_I0_3_I2_CARRY4_O_O_2[3]           Net         155            (fanout=13)        830                     -                                                                                                                                         
   RBB_16/C3                                 RBB_6L       16  [TILE 0 0, RBB 13 14]          -     r            8409     {inst101: rx_LUT5_I0_3_I2_CARRY4_O_O_LUT2_I1_O_LUT4_O_1 (LUT,site=clut)} {inst31: U_uart_rx.r_Clock_Count_FDRE_Q_12 (FDE,site=cff)} 
   ------------------------------------------------------------------------------------------------------------------------------------------------------------------------------------------------------------------------------------------------------------
   RBB_16/CLK                                RBB_6L       16  [TILE 0 0, RBB 13 14]        754     r            9163                                                                                                                                         
   clk                                       Clock net     5           (fanout=489)      -2321                     -                                                                                                                                         
   clk                                       CLOCK-PORT    -                      -    capture     r            6842                                                                                                                                         
   ------------------------------------------------------------------------------------------------------------------------------------------------------------------------------------------------------------------------------------------------------------


Path 50:
   Slack (not met):                         -4976ps
     Path type:                               SETUP
     Group:                              <UDEF_clk>
     Launching clock:                           clk (rising edge)
     Capturing clock:                           clk (rising edge)

     Requested period:                       2000ps
   + Delay of the capturing clock:           2321ps
   - Clock uncertainty:                       150ps
   = Required time:                          4171ps
   - Propagation time:                       6826ps (52.0% logic, 48.0% route, logic stage 3)
   - Delay of the launching clock:           2321ps
   = Slack:                                 -4976ps

   Instance/Pin or Net Name      Type         ID     Location or Fanout   Delay(ps)  Edge  Arrival Time(ps)    Instance detail                                                                                                                   
   ------------------------------------------------------------------------------------------------------------------------------------------------------------------------------------------------------------------------------------------------
   clk                           CLOCK-PORT    -                      -     launch     r               0                                                                                                                                         
   clk                           Clock net     5           (fanout=489)       2321                     -                                                                                                                                         
   RBB_16/CLK                    RBB_6L       16  [TILE 0 0, RBB 13 14]          -     r            2321                                                                                                                                         
   ------------------------------------------------------------------------------------------------------------------------------------------------------------------------------------------------------------------------------------------------
   RBB_16/CMUX                   RBB_6L       16  [TILE 0 0, RBB 13 14]       1380     r            3701     {inst34: U_uart_rx.r_Clock_Count_FDRE_Q_15 (FDE,site=cffo)}                                                                         
   U_uart_rx.r_Clock_Count[2]    Net          21             (fanout=4)        949                     -                                                                                                                                         
   RBB_18/B5                     RBB_6L       18  [TILE 0 0, RBB 13 16]          -     r            4650                                                                                                                                         
   RBB_18/B                      RBB_6L       18  [TILE 0 0, RBB 13 16]        717     r            5367     {inst111: rx_LUT5_I0_3_I3_LUT5_O_I0_LUT3_O (LUT,site=blut)}                                                                         
   rx_LUT5_I0_3_I3_LUT5_O_I0[3]  Net         137             (fanout=1)       1390                     -                                                                                                                                         
   RBB_13/D4                     RBB_6L       13  [TILE 0 0, RBB 10 10]          -     r            6757                                                                                                                                         
   RBB_13/D                      RBB_6L       13  [TILE 0 0, RBB 10 10]        653     r            7410     {inst110: rx_LUT5_I0_3_I3_LUT5_O (LUT,site=dlut)}                                                                                   
   rx_LUT5_I0_3_I3[2]            Net          59             (fanout=8)        935                     -                                                                                                                                         
   RBB_16/B2                     RBB_6L       16  [TILE 0 0, RBB 13 14]          -     r            8345     {inst105: rx_LUT5_I0_3_I2_CARRY4_O_O_LUT2_I1_O_LUT5_O_1 (LUT,site=blut)} {inst32: U_uart_rx.r_Clock_Count_FDRE_Q_13 (FDE,site=bff)} 
   ------------------------------------------------------------------------------------------------------------------------------------------------------------------------------------------------------------------------------------------------
   RBB_16/CLK                    RBB_6L       16  [TILE 0 0, RBB 13 14]        802     r            9147                                                                                                                                         
   clk                           Clock net     5           (fanout=489)      -2321                     -                                                                                                                                         
   clk                           CLOCK-PORT    -                      -    capture     r            6826                                                                                                                                         
   ------------------------------------------------------------------------------------------------------------------------------------------------------------------------------------------------------------------------------------------------


Path 86:
   Slack (not met):                         -4862ps
     Path type:                               SETUP
     Group:                              <UDEF_clk>
     Launching clock:                           clk (rising edge)
     Capturing clock:                           clk (rising edge)

     Requested period:                       2000ps
   + Delay of the capturing clock:           2208ps
   - Clock uncertainty:                       150ps
   = Required time:                          4058ps
   - Propagation time:                       6603ps (51.3% logic, 48.7% route, logic stage 2)
   - Delay of the launching clock:           2317ps
   = Slack:                                 -4862ps

   Instance/Pin or Net Name             Type         ID    Location or Fanout   Delay(ps)  Edge  Arrival Time(ps)    Instance detail                                                                          
   -------------------------------------------------------------------------------------------------------------------------------------------------------------------------------------------------------------
   clk                                  CLOCK-PORT    -                     -     launch     r               0                                                                                                
   clk                                  Clock net     5          (fanout=489)       2317                     -                                                                                                
   RBB_5/CLK                            RBB_6L        5  [TILE 0 0, RBB 7 10]          -     r            2317                                                                                                
   -------------------------------------------------------------------------------------------------------------------------------------------------------------------------------------------------------------
   RBB_5/AQ                             RBB_6L        5  [TILE 0 0, RBB 7 10]        800     r            3117     {inst24: U_uart_rx.r_Bit_Index_FDRE_Q_2 (FDRE,site=aff)}                                   
   U_uart_rx.r_Bit_Index[0]             Net          37            (fanout=7)       1779                     -                                                                                                
   RBB_6/A1                             RBB_6L        6  [TILE 0 0, RBB 7 12]          -     r            4896                                                                                                
   RBB_6/BQ                             RBB_6L        6  [TILE 0 0, RBB 7 12]       1276     r            6172     {inst74: rx_LUT3_I2_O_CARRY4_O (CARRY4)}                                                   
   U_uart_rx.r_Bit_Index_FDRE_Q_1_D[1]  Net          52            (fanout=5)       1438                     -                                                                                                
   RBB_20/C3                            RBB_6L       20  [TILE 0 0, RBB 13 8]          -     r            7610     {inst75: rx_LUT5_I0 (LUT,site=clut)} {inst50: U_uart_rx.r_RX_Byte_FDRE_Q_5 (FDE,site=cff)} 
   -------------------------------------------------------------------------------------------------------------------------------------------------------------------------------------------------------------
   RBB_20/CLK                           RBB_6L       20  [TILE 0 0, RBB 13 8]       1310     r            8920                                                                                                
   clk                                  Clock net     5          (fanout=489)      -2208                     -                                                                                                
   clk                                  CLOCK-PORT    -                     -    capture     r            6712                                                                                                
   -------------------------------------------------------------------------------------------------------------------------------------------------------------------------------------------------------------


Path 181:
   Slack (not met):                         -4845ps
     Path type:                               SETUP
     Group:                              <UDEF_clk>
     Launching clock:                           clk (rising edge)
     Capturing clock:                           clk (rising edge)

     Requested period:                       2000ps
   + Delay of the capturing clock:           2347ps
   - Clock uncertainty:                       150ps
   = Required time:                          4197ps
   - Propagation time:                       6721ps (62.8% logic, 37.2% route, logic stage 3)
   - Delay of the launching clock:           2321ps
   = Slack:                                 -4845ps

   Instance/Pin or Net Name                  Type         ID     Location or Fanout   Delay(ps)  Edge  Arrival Time(ps)    Instance detail                                                                                                                   
   ------------------------------------------------------------------------------------------------------------------------------------------------------------------------------------------------------------------------------------------------------------
   clk                                       CLOCK-PORT    -                      -     launch     r               0                                                                                                                                         
   clk                                       Clock net     5           (fanout=489)       2321                     -                                                                                                                                         
   RBB_16/CLK                                RBB_6L       16  [TILE 0 0, RBB 13 14]          -     r            2321                                                                                                                                         
   ------------------------------------------------------------------------------------------------------------------------------------------------------------------------------------------------------------------------------------------------------------
   RBB_16/CMUX                               RBB_6L       16  [TILE 0 0, RBB 13 14]       1380     r            3701     {inst34: U_uart_rx.r_Clock_Count_FDRE_Q_15 (FDE,site=cffo)}                                                                         
   U_uart_rx.r_Clock_Count[2]                Net          21             (fanout=4)        949                     -                                                                                                                                         
   RBB_18/A5                                 RBB_6L       18  [TILE 0 0, RBB 13 16]          -     r            4650                                                                                                                                         
   RBB_18/A                                  RBB_6L       18  [TILE 0 0, RBB 13 16]        695     r            5345     {inst87: rx_LUT5_I0_3_I2_CARRY4_O_O_2_CARRY4_O_DI_LUT5_O (LUT,site=alut)}                                                           
   rx_LUT5_I0_3_I2_CARRY4_O_O_2_CARRY4_O_DI  Net          55             (fanout=1)        921                     -                                                                                                                                         
   RBB_12/A6                                 RBB_6L       12  [TILE 0 0, RBB 10 14]          -     r            6266                                                                                                                                         
   RBB_12/DMUX                               RBB_6L       12  [TILE 0 0, RBB 10 14]       1313     r            7579     {inst86: rx_LUT5_I0_3_I2_CARRY4_O_O_2_CARRY4_O (CARRY4)}                                                                            
   rx_LUT5_I0_3_I2_CARRY4_O_O_2[3]           Net         155            (fanout=13)        629                     -                                                                                                                                         
   RBB_19/D4                                 RBB_6L       19  [TILE 0 0, RBB 10 12]          -     r            8208     {inst107: rx_LUT5_I0_3_I2_CARRY4_O_O_LUT2_I1_O_LUT5_O_3 (LUT,site=dlut)} {inst30: U_uart_rx.r_Clock_Count_FDRE_Q_11 (FDE,site=dff)} 
   ------------------------------------------------------------------------------------------------------------------------------------------------------------------------------------------------------------------------------------------------------------
   RBB_19/CLK                                RBB_6L       19  [TILE 0 0, RBB 10 12]        834     r            9042                                                                                                                                         
   clk                                       Clock net     5           (fanout=489)      -2347                     -                                                                                                                                         
   clk                                       CLOCK-PORT    -                      -    capture     r            6695                                                                                                                                         
   ------------------------------------------------------------------------------------------------------------------------------------------------------------------------------------------------------------------------------------------------------------


Path 88:
   Slack (not met):                         -4839ps
     Path type:                               SETUP
     Group:                              <UDEF_clk>
     Launching clock:                           clk (rising edge)
     Capturing clock:                           clk (rising edge)

     Requested period:                       2000ps
   + Delay of the capturing clock:           2208ps
   - Clock uncertainty:                       150ps
   = Required time:                          4058ps
   - Propagation time:                       6580ps (51.1% logic, 48.9% route, logic stage 2)
   - Delay of the launching clock:           2317ps
   = Slack:                                 -4839ps

   Instance/Pin or Net Name             Type         ID    Location or Fanout   Delay(ps)  Edge  Arrival Time(ps)    Instance detail                                                                             
   ----------------------------------------------------------------------------------------------------------------------------------------------------------------------------------------------------------------
   clk                                  CLOCK-PORT    -                     -     launch     r               0                                                                                                   
   clk                                  Clock net     5          (fanout=489)       2317                     -                                                                                                   
   RBB_5/CLK                            RBB_6L        5  [TILE 0 0, RBB 7 10]          -     r            2317                                                                                                   
   ----------------------------------------------------------------------------------------------------------------------------------------------------------------------------------------------------------------
   RBB_5/AQ                             RBB_6L        5  [TILE 0 0, RBB 7 10]        800     r            3117     {inst24: U_uart_rx.r_Bit_Index_FDRE_Q_2 (FDRE,site=aff)}                                      
   U_uart_rx.r_Bit_Index[0]             Net          37            (fanout=7)       1779                     -                                                                                                   
   RBB_6/A1                             RBB_6L        6  [TILE 0 0, RBB 7 12]          -     r            4896                                                                                                   
   RBB_6/BQ                             RBB_6L        6  [TILE 0 0, RBB 7 12]       1276     r            6172     {inst74: rx_LUT3_I2_O_CARRY4_O (CARRY4)}                                                      
   U_uart_rx.r_Bit_Index_FDRE_Q_1_D[1]  Net          52            (fanout=5)       1440                     -                                                                                                   
   RBB_20/B3                            RBB_6L       20  [TILE 0 0, RBB 13 8]          -     r            7612     {inst116: rx_LUT5_I4_1 (LUT,site=blut)} {inst51: U_uart_rx.r_RX_Byte_FDRE_Q_6 (FDE,site=bff)} 
   ----------------------------------------------------------------------------------------------------------------------------------------------------------------------------------------------------------------
   RBB_20/CLK                           RBB_6L       20  [TILE 0 0, RBB 13 8]       1285     r            8897                                                                                                   
   clk                                  Clock net     5          (fanout=489)      -2208                     -                                                                                                   
   clk                                  CLOCK-PORT    -                     -    capture     r            6689                                                                                                   
   ----------------------------------------------------------------------------------------------------------------------------------------------------------------------------------------------------------------


Path 76:
   Slack (not met):                         -4761ps
     Path type:                               SETUP
     Group:                              <UDEF_clk>
     Launching clock:                           clk (rising edge)
     Capturing clock:                           clk (rising edge)

     Requested period:                       2000ps
   + Delay of the capturing clock:           2324ps
   - Clock uncertainty:                       150ps
   = Required time:                          4174ps
   - Propagation time:                       6620ps (44.2% logic, 55.8% route, logic stage 3)
   - Delay of the launching clock:           2315ps
   = Slack:                                 -4761ps

   Instance/Pin or Net Name                 Type         ID     Location or Fanout   Delay(ps)  Edge  Arrival Time(ps)    Instance detail                                                                                                                 
   ---------------------------------------------------------------------------------------------------------------------------------------------------------------------------------------------------------------------------------------------------------
   clk                                      CLOCK-PORT    -                      -     launch     r               0                                                                                                                                       
   clk                                      Clock net     5           (fanout=489)       2315                     -                                                                                                                                       
   RBB_15/CLK                               RBB_6L       15   [TILE 0 0, RBB 7 14]          -     r            2315                                                                                                                                       
   ---------------------------------------------------------------------------------------------------------------------------------------------------------------------------------------------------------------------------------------------------------
   RBB_15/AQ                                RBB_6L       15   [TILE 0 0, RBB 7 14]        800     r            3115     {inst10: U_uart_rx.FSM_STATE_FDRE_Q (FD,site=aff)}                                                                                
   U_uart_rx.FSM_STATE[2]                   Net          38             (fanout=9)       1430                     -                                                                                                                                       
   RBB_15/B3                                RBB_6L       15   [TILE 0 0, RBB 7 14]          -     r            4545                                                                                                                                       
   RBB_15/B                                 RBB_6L       15   [TILE 0 0, RBB 7 14]        604     r            5149     {inst91: rx_LUT5_I0_3_I2_CARRY4_O_O_2_MUXF7_O_I1_INV_O (LUT,site=blut)}                                                           
   rx_LUT5_I0_3_I2_CARRY4_O_O_2_MUXF7_O_I1  Net          73             (fanout=1)       1055                     -                                                                                                                                       
   RBB_15/B1                                RBB_6L       15   [TILE 0 0, RBB 7 14]          -     r            6204                                                                                                                                       
   RBB_15/BMUX                              RBB_6L       15   [TILE 0 0, RBB 7 14]        628     r            6832     {inst90: rx_LUT5_I0_3_I2_CARRY4_O_O_2_MUXF7_O (LUT,site=bluto)}                                                                   
   rx_LUT5_I0_3_I2_CARRY4_O_O_2[0]          Net         157             (fanout=9)       1208                     -                                                                                                                                       
   RBB_18/D5                                RBB_6L       18  [TILE 0 0, RBB 13 16]          -     r            8040     {inst104: rx_LUT5_I0_3_I2_CARRY4_O_O_LUT2_I1_O_LUT5_O (LUT,site=dlut)} {inst35: U_uart_rx.r_Clock_Count_FDRE_Q_16 (FDE,site=dff)} 
   ---------------------------------------------------------------------------------------------------------------------------------------------------------------------------------------------------------------------------------------------------------
   RBB_18/CLK                               RBB_6L       18  [TILE 0 0, RBB 13 16]        895     r            8935                                                                                                                                       
   clk                                      Clock net     5           (fanout=489)      -2324                     -                                                                                                                                       
   clk                                      CLOCK-PORT    -                      -    capture     r            6611                                                                                                                                       
   ---------------------------------------------------------------------------------------------------------------------------------------------------------------------------------------------------------------------------------------------------------


Path 79:
   Slack (not met):                         -4761ps
     Path type:                               SETUP
     Group:                              <UDEF_clk>
     Launching clock:                           clk (rising edge)
     Capturing clock:                           clk (rising edge)

     Requested period:                       2000ps
   + Delay of the capturing clock:           2324ps
   - Clock uncertainty:                       150ps
   = Required time:                          4174ps
   - Propagation time:                       6620ps (44.2% logic, 55.8% route, logic stage 3)
   - Delay of the launching clock:           2315ps
   = Slack:                                 -4761ps

   Instance/Pin or Net Name                 Type         ID     Location or Fanout   Delay(ps)  Edge  Arrival Time(ps)    Instance detail                                                                                                                   
   -----------------------------------------------------------------------------------------------------------------------------------------------------------------------------------------------------------------------------------------------------------
   clk                                      CLOCK-PORT    -                      -     launch     r               0                                                                                                                                         
   clk                                      Clock net     5           (fanout=489)       2315                     -                                                                                                                                         
   RBB_15/CLK                               RBB_6L       15   [TILE 0 0, RBB 7 14]          -     r            2315                                                                                                                                         
   -----------------------------------------------------------------------------------------------------------------------------------------------------------------------------------------------------------------------------------------------------------
   RBB_15/AQ                                RBB_6L       15   [TILE 0 0, RBB 7 14]        800     r            3115     {inst10: U_uart_rx.FSM_STATE_FDRE_Q (FD,site=aff)}                                                                                  
   U_uart_rx.FSM_STATE[2]                   Net          38             (fanout=9)       1430                     -                                                                                                                                         
   RBB_15/B3                                RBB_6L       15   [TILE 0 0, RBB 7 14]          -     r            4545                                                                                                                                         
   RBB_15/B                                 RBB_6L       15   [TILE 0 0, RBB 7 14]        604     r            5149     {inst91: rx_LUT5_I0_3_I2_CARRY4_O_O_2_MUXF7_O_I1_INV_O (LUT,site=blut)}                                                             
   rx_LUT5_I0_3_I2_CARRY4_O_O_2_MUXF7_O_I1  Net          73             (fanout=1)       1055                     -                                                                                                                                         
   RBB_15/B1                                RBB_6L       15   [TILE 0 0, RBB 7 14]          -     r            6204                                                                                                                                         
   RBB_15/BMUX                              RBB_6L       15   [TILE 0 0, RBB 7 14]        628     r            6832     {inst90: rx_LUT5_I0_3_I2_CARRY4_O_O_2_MUXF7_O (LUT,site=bluto)}                                                                     
   rx_LUT5_I0_3_I2_CARRY4_O_O_2[0]          Net         157             (fanout=9)       1208                     -                                                                                                                                         
   RBB_18/C5                                RBB_6L       18  [TILE 0 0, RBB 13 16]          -     r            8040     {inst103: rx_LUT5_I0_3_I2_CARRY4_O_O_LUT2_I1_O_LUT4_O_3 (LUT,site=clut)} {inst36: U_uart_rx.r_Clock_Count_FDRE_Q_17 (FDE,site=cff)} 
   -----------------------------------------------------------------------------------------------------------------------------------------------------------------------------------------------------------------------------------------------------------
   RBB_18/CLK                               RBB_6L       18  [TILE 0 0, RBB 13 16]        895     r            8935                                                                                                                                         
   clk                                      Clock net     5           (fanout=489)      -2324                     -                                                                                                                                         
   clk                                      CLOCK-PORT    -                      -    capture     r            6611                                                                                                                                         
   -----------------------------------------------------------------------------------------------------------------------------------------------------------------------------------------------------------------------------------------------------------


Path 49:
   Slack (not met):                         -4730ps
     Path type:                               SETUP
     Group:                              <UDEF_clk>
     Launching clock:                           clk (rising edge)
     Capturing clock:                           clk (rising edge)

     Requested period:                       2000ps
   + Delay of the capturing clock:           2323ps
   - Clock uncertainty:                       150ps
   = Required time:                          4173ps
   - Propagation time:                       6582ps (54.0% logic, 46.0% route, logic stage 3)
   - Delay of the launching clock:           2321ps
   = Slack:                                 -4730ps

   Instance/Pin or Net Name      Type         ID     Location or Fanout   Delay(ps)  Edge  Arrival Time(ps)    Instance detail                                                                                                                   
   ------------------------------------------------------------------------------------------------------------------------------------------------------------------------------------------------------------------------------------------------
   clk                           CLOCK-PORT    -                      -     launch     r               0                                                                                                                                         
   clk                           Clock net     5           (fanout=489)       2321                     -                                                                                                                                         
   RBB_16/CLK                    RBB_6L       16  [TILE 0 0, RBB 13 14]          -     r            2321                                                                                                                                         
   ------------------------------------------------------------------------------------------------------------------------------------------------------------------------------------------------------------------------------------------------
   RBB_16/CMUX                   RBB_6L       16  [TILE 0 0, RBB 13 14]       1380     r            3701     {inst34: U_uart_rx.r_Clock_Count_FDRE_Q_15 (FDE,site=cffo)}                                                                         
   U_uart_rx.r_Clock_Count[2]    Net          21             (fanout=4)        949                     -                                                                                                                                         
   RBB_18/B5                     RBB_6L       18  [TILE 0 0, RBB 13 16]          -     r            4650                                                                                                                                         
   RBB_18/B                      RBB_6L       18  [TILE 0 0, RBB 13 16]        717     r            5367     {inst111: rx_LUT5_I0_3_I3_LUT5_O_I0_LUT3_O (LUT,site=blut)}                                                                         
   rx_LUT5_I0_3_I3_LUT5_O_I0[3]  Net         137             (fanout=1)       1390                     -                                                                                                                                         
   RBB_13/D4                     RBB_6L       13  [TILE 0 0, RBB 10 10]          -     r            6757                                                                                                                                         
   RBB_13/D                      RBB_6L       13  [TILE 0 0, RBB 10 10]        653     r            7410     {inst110: rx_LUT5_I0_3_I3_LUT5_O (LUT,site=dlut)}                                                                                   
   rx_LUT5_I0_3_I3[2]            Net          59             (fanout=8)        691                     -                                                                                                                                         
   RBB_17/B2                     RBB_6L       17  [TILE 0 0, RBB 13 10]          -     r            8101     {inst106: rx_LUT5_I0_3_I2_CARRY4_O_O_LUT2_I1_O_LUT5_O_2 (LUT,site=blut)} {inst29: U_uart_rx.r_Clock_Count_FDRE_Q_10 (FDE,site=bff)} 
   ------------------------------------------------------------------------------------------------------------------------------------------------------------------------------------------------------------------------------------------------
   RBB_17/CLK                    RBB_6L       17  [TILE 0 0, RBB 13 10]        802     r            8903                                                                                                                                         
   clk                           Clock net     5           (fanout=489)      -2323                     -                                                                                                                                         
   clk                           CLOCK-PORT    -                      -    capture     r            6580                                                                                                                                         
   ------------------------------------------------------------------------------------------------------------------------------------------------------------------------------------------------------------------------------------------------


Path 75:
   Slack (not met):                         -4722ps
     Path type:                               SETUP
     Group:                              <UDEF_clk>
     Launching clock:                           clk (rising edge)
     Capturing clock:                           clk (rising edge)

     Requested period:                       2000ps
   + Delay of the capturing clock:           2321ps
   - Clock uncertainty:                       150ps
   = Required time:                          4171ps
   - Propagation time:                       6578ps (47.6% logic, 52.4% route, logic stage 3)
   - Delay of the launching clock:           2315ps
   = Slack:                                 -4722ps

   Instance/Pin or Net Name                 Type         ID     Location or Fanout   Delay(ps)  Edge  Arrival Time(ps)    Instance detail                                                                                                                     
   -------------------------------------------------------------------------------------------------------------------------------------------------------------------------------------------------------------------------------------------------------------
   clk                                      CLOCK-PORT    -                      -     launch     r               0                                                                                                                                           
   clk                                      Clock net     5           (fanout=489)       2315                     -                                                                                                                                           
   RBB_15/CLK                               RBB_6L       15   [TILE 0 0, RBB 7 14]          -     r            2315                                                                                                                                           
   -------------------------------------------------------------------------------------------------------------------------------------------------------------------------------------------------------------------------------------------------------------
   RBB_15/AQ                                RBB_6L       15   [TILE 0 0, RBB 7 14]        800     r            3115     {inst10: U_uart_rx.FSM_STATE_FDRE_Q (FD,site=aff)}                                                                                    
   U_uart_rx.FSM_STATE[2]                   Net          38             (fanout=9)       1430                     -                                                                                                                                           
   RBB_15/B3                                RBB_6L       15   [TILE 0 0, RBB 7 14]          -     r            4545                                                                                                                                           
   RBB_15/B                                 RBB_6L       15   [TILE 0 0, RBB 7 14]        604     r            5149     {inst91: rx_LUT5_I0_3_I2_CARRY4_O_O_2_MUXF7_O_I1_INV_O (LUT,site=blut)}                                                               
   rx_LUT5_I0_3_I2_CARRY4_O_O_2_MUXF7_O_I1  Net          73             (fanout=1)       1055                     -                                                                                                                                           
   RBB_15/B1                                RBB_6L       15   [TILE 0 0, RBB 7 14]          -     r            6204                                                                                                                                           
   RBB_15/BMUX                              RBB_6L       15   [TILE 0 0, RBB 7 14]        628     r            6832     {inst90: rx_LUT5_I0_3_I2_CARRY4_O_O_2_MUXF7_O (LUT,site=bluto)}                                                                       
   rx_LUT5_I0_3_I2_CARRY4_O_O_2[0]          Net         157             (fanout=9)        962                     -                                                                                                                                           
   RBB_16/C5                                RBB_6L       16  [TILE 0 0, RBB 13 14]          -     r            7794     {inst102: rx_LUT5_I0_3_I2_CARRY4_O_O_LUT2_I1_O_LUT4_O_2 (LUT,site=cluto)} {inst34: U_uart_rx.r_Clock_Count_FDRE_Q_15 (FDE,site=cffo)} 
   -------------------------------------------------------------------------------------------------------------------------------------------------------------------------------------------------------------------------------------------------------------
   RBB_16/CLK                               RBB_6L       16  [TILE 0 0, RBB 13 14]       1099     r            8893                                                                                                                                           
   clk                                      Clock net     5           (fanout=489)      -2321                     -                                                                                                                                           
   clk                                      CLOCK-PORT    -                      -    capture     r            6572                                                                                                                                           
   -------------------------------------------------------------------------------------------------------------------------------------------------------------------------------------------------------------------------------------------------------------


Path 85:
   Slack (not met):                         -4693ps
     Path type:                               SETUP
     Group:                              <UDEF_clk>
     Launching clock:                           clk (rising edge)
     Capturing clock:                           clk (rising edge)

     Requested period:                       2000ps
   + Delay of the capturing clock:           2305ps
   - Clock uncertainty:                       150ps
   = Required time:                          4155ps
   - Propagation time:                       6531ps (53.5% logic, 46.5% route, logic stage 2)
   - Delay of the launching clock:           2317ps
   = Slack:                                 -4693ps

   Instance/Pin or Net Name   Type         ID    Location or Fanout   Delay(ps)  Edge  Arrival Time(ps)    Instance detail                                                                                                       
   --------------------------------------------------------------------------------------------------------------------------------------------------------------------------------------------------------------------------------
   clk                        CLOCK-PORT    -                     -     launch     r               0                                                                                                                             
   clk                        Clock net     5          (fanout=489)       2317                     -                                                                                                                             
   RBB_5/CLK                  RBB_6L        5  [TILE 0 0, RBB 7 10]          -     r            2317                                                                                                                             
   --------------------------------------------------------------------------------------------------------------------------------------------------------------------------------------------------------------------------------
   RBB_5/AQ                   RBB_6L        5  [TILE 0 0, RBB 7 10]        800     r            3117     {inst24: U_uart_rx.r_Bit_Index_FDRE_Q_2 (FDRE,site=aff)}                                                                
   U_uart_rx.r_Bit_Index[0]   Net          37            (fanout=7)       1779                     -                                                                                                                             
   RBB_6/A1                   RBB_6L        6  [TILE 0 0, RBB 7 12]          -     r            4896                                                                                                                             
   RBB_6/DQ                   RBB_6L        6  [TILE 0 0, RBB 7 12]       1325     r            6221     {inst74: rx_LUT3_I2_O_CARRY4_O (CARRY4)}                                                                                
   rx_LUT3_I2_O[1]            Net         131            (fanout=2)       1255                     -                                                                                                                             
   RBB_14/B1                  RBB_6L       14   [TILE 0 0, RBB 7 8]          -     r            7476     {inst16: U_uart_rx.FSM_STATE_FDRE_Q_D_MUXF8_O_2 (MUXF,site=muxf8)} {inst12: U_uart_rx.FSM_STATE_FDRE_Q_2 (FD,site=bff)} 
   --------------------------------------------------------------------------------------------------------------------------------------------------------------------------------------------------------------------------------
   RBB_14/CLK                 RBB_6L       14   [TILE 0 0, RBB 7 8]       1372     r            8848                                                                                                                             
   clk                        Clock net     5          (fanout=489)      -2305                     -                                                                                                                             
   clk                        CLOCK-PORT    -                     -    capture     r            6543                                                                                                                             
   --------------------------------------------------------------------------------------------------------------------------------------------------------------------------------------------------------------------------------


Path 89:
   Slack (not met):                         -4662ps
     Path type:                               SETUP
     Group:                              <UDEF_clk>
     Launching clock:                           clk (rising edge)
     Capturing clock:                           clk (rising edge)

     Requested period:                       2000ps
   + Delay of the capturing clock:           2272ps
   - Clock uncertainty:                       150ps
   = Required time:                          4122ps
   - Propagation time:                       6467ps (41.9% logic, 58.1% route, logic stage 2)
   - Delay of the launching clock:           2317ps
   = Slack:                                 -4662ps

   Instance/Pin or Net Name             Type         ID     Location or Fanout   Delay(ps)  Edge  Arrival Time(ps)    Instance detail                                                                            
   ----------------------------------------------------------------------------------------------------------------------------------------------------------------------------------------------------------------
   clk                                  CLOCK-PORT    -                      -     launch     r               0                                                                                                  
   clk                                  Clock net     5           (fanout=489)       2317                     -                                                                                                  
   RBB_5/CLK                            RBB_6L        5   [TILE 0 0, RBB 7 10]          -     r            2317                                                                                                  
   ----------------------------------------------------------------------------------------------------------------------------------------------------------------------------------------------------------------
   RBB_5/AQ                             RBB_6L        5   [TILE 0 0, RBB 7 10]        800     r            3117     {inst24: U_uart_rx.r_Bit_Index_FDRE_Q_2 (FDRE,site=aff)}                                     
   U_uart_rx.r_Bit_Index[0]             Net          37             (fanout=7)       1779                     -                                                                                                  
   RBB_6/A1                             RBB_6L        6   [TILE 0 0, RBB 7 12]          -     r            4896                                                                                                  
   RBB_6/BQ                             RBB_6L        6   [TILE 0 0, RBB 7 12]       1276     r            6172     {inst74: rx_LUT3_I2_O_CARRY4_O (CARRY4)}                                                     
   U_uart_rx.r_Bit_Index_FDRE_Q_1_D[1]  Net          52             (fanout=5)       1981                     -                                                                                                  
   RBB_11/C2                            RBB_6L       11  [TILE 0 0, RBB 25 12]          -     r            8153     {inst115: rx_LUT5_I4 (LUT,site=cluto)} {inst47: U_uart_rx.r_RX_Byte_FDRE_Q_2 (FDE,site=cff)} 
   ----------------------------------------------------------------------------------------------------------------------------------------------------------------------------------------------------------------
   RBB_11/CLK                           RBB_6L       11  [TILE 0 0, RBB 25 12]        631     r            8784                                                                                                  
   clk                                  Clock net     5           (fanout=489)      -2272                     -                                                                                                  
   clk                                  CLOCK-PORT    -                      -    capture     r            6512                                                                                                  
   ----------------------------------------------------------------------------------------------------------------------------------------------------------------------------------------------------------------


Path 84:
   Slack (not met):                         -4620ps
     Path type:                               SETUP
     Group:                              <UDEF_clk>
     Launching clock:                           clk (rising edge)
     Capturing clock:                           clk (rising edge)

     Requested period:                       2000ps
   + Delay of the capturing clock:           2323ps
   - Clock uncertainty:                       150ps
   = Required time:                          4173ps
   - Propagation time:                       6478ps (43.6% logic, 56.4% route, logic stage 3)
   - Delay of the launching clock:           2315ps
   = Slack:                                 -4620ps

   Instance/Pin or Net Name                 Type         ID     Location or Fanout   Delay(ps)  Edge  Arrival Time(ps)    Instance detail                                                                                                                   
   -----------------------------------------------------------------------------------------------------------------------------------------------------------------------------------------------------------------------------------------------------------
   clk                                      CLOCK-PORT    -                      -     launch     r               0                                                                                                                                         
   clk                                      Clock net     5           (fanout=489)       2315                     -                                                                                                                                         
   RBB_15/CLK                               RBB_6L       15   [TILE 0 0, RBB 7 14]          -     r            2315                                                                                                                                         
   -----------------------------------------------------------------------------------------------------------------------------------------------------------------------------------------------------------------------------------------------------------
   RBB_15/AQ                                RBB_6L       15   [TILE 0 0, RBB 7 14]        800     r            3115     {inst10: U_uart_rx.FSM_STATE_FDRE_Q (FD,site=aff)}                                                                                  
   U_uart_rx.FSM_STATE[2]                   Net          38             (fanout=9)       1430                     -                                                                                                                                         
   RBB_15/B3                                RBB_6L       15   [TILE 0 0, RBB 7 14]          -     r            4545                                                                                                                                         
   RBB_15/B                                 RBB_6L       15   [TILE 0 0, RBB 7 14]        604     r            5149     {inst91: rx_LUT5_I0_3_I2_CARRY4_O_O_2_MUXF7_O_I1_INV_O (LUT,site=blut)}                                                             
   rx_LUT5_I0_3_I2_CARRY4_O_O_2_MUXF7_O_I1  Net          73             (fanout=1)       1055                     -                                                                                                                                         
   RBB_15/B1                                RBB_6L       15   [TILE 0 0, RBB 7 14]          -     r            6204                                                                                                                                         
   RBB_15/BMUX                              RBB_6L       15   [TILE 0 0, RBB 7 14]        628     r            6832     {inst90: rx_LUT5_I0_3_I2_CARRY4_O_O_2_MUXF7_O (LUT,site=bluto)}                                                                     
   rx_LUT5_I0_3_I2_CARRY4_O_O_2[0]          Net         157             (fanout=9)       1166                     -                                                                                                                                         
   RBB_17/B4                                RBB_6L       17  [TILE 0 0, RBB 13 10]          -     r            7998     {inst106: rx_LUT5_I0_3_I2_CARRY4_O_O_LUT2_I1_O_LUT5_O_2 (LUT,site=blut)} {inst29: U_uart_rx.r_Clock_Count_FDRE_Q_10 (FDE,site=bff)} 
   -----------------------------------------------------------------------------------------------------------------------------------------------------------------------------------------------------------------------------------------------------------
   RBB_17/CLK                               RBB_6L       17  [TILE 0 0, RBB 13 10]        795     r            8793                                                                                                                                         
   clk                                      Clock net     5           (fanout=489)      -2323                     -                                                                                                                                         
   clk                                      CLOCK-PORT    -                      -    capture     r            6470                                                                                                                                         
   -----------------------------------------------------------------------------------------------------------------------------------------------------------------------------------------------------------------------------------------------------------


Path 80:
   Slack (not met):                         -4575ps
     Path type:                               SETUP
     Group:                              <UDEF_clk>
     Launching clock:                           clk (rising edge)
     Capturing clock:                           clk (rising edge)

     Requested period:                       2000ps
   + Delay of the capturing clock:           2323ps
   - Clock uncertainty:                       150ps
   = Required time:                          4173ps
   - Propagation time:                       6433ps (43.4% logic, 56.6% route, logic stage 3)
   - Delay of the launching clock:           2315ps
   = Slack:                                 -4575ps

   Instance/Pin or Net Name                 Type         ID     Location or Fanout   Delay(ps)  Edge  Arrival Time(ps)    Instance detail                                                                                                                
   --------------------------------------------------------------------------------------------------------------------------------------------------------------------------------------------------------------------------------------------------------
   clk                                      CLOCK-PORT    -                      -     launch     r               0                                                                                                                                      
   clk                                      Clock net     5           (fanout=489)       2315                     -                                                                                                                                      
   RBB_15/CLK                               RBB_6L       15   [TILE 0 0, RBB 7 14]          -     r            2315                                                                                                                                      
   --------------------------------------------------------------------------------------------------------------------------------------------------------------------------------------------------------------------------------------------------------
   RBB_15/AQ                                RBB_6L       15   [TILE 0 0, RBB 7 14]        800     r            3115     {inst10: U_uart_rx.FSM_STATE_FDRE_Q (FD,site=aff)}                                                                               
   U_uart_rx.FSM_STATE[2]                   Net          38             (fanout=9)       1430                     -                                                                                                                                      
   RBB_15/B3                                RBB_6L       15   [TILE 0 0, RBB 7 14]          -     r            4545                                                                                                                                      
   RBB_15/B                                 RBB_6L       15   [TILE 0 0, RBB 7 14]        604     r            5149     {inst91: rx_LUT5_I0_3_I2_CARRY4_O_O_2_MUXF7_O_I1_INV_O (LUT,site=blut)}                                                          
   rx_LUT5_I0_3_I2_CARRY4_O_O_2_MUXF7_O_I1  Net          73             (fanout=1)       1055                     -                                                                                                                                      
   RBB_15/B1                                RBB_6L       15   [TILE 0 0, RBB 7 14]          -     r            6204                                                                                                                                      
   RBB_15/BMUX                              RBB_6L       15   [TILE 0 0, RBB 7 14]        628     r            6832     {inst90: rx_LUT5_I0_3_I2_CARRY4_O_O_2_MUXF7_O (LUT,site=bluto)}                                                                  
   rx_LUT5_I0_3_I2_CARRY4_O_O_2[0]          Net         157             (fanout=9)       1157                     -                                                                                                                                      
   RBB_17/C4                                RBB_6L       17  [TILE 0 0, RBB 13 10]          -     r            7989     {inst100: rx_LUT5_I0_3_I2_CARRY4_O_O_LUT2_I1_O_LUT4_O (LUT,site=clut)} {inst44: U_uart_rx.r_Clock_Count_FDRE_Q_9 (FDE,site=cff)} 
   --------------------------------------------------------------------------------------------------------------------------------------------------------------------------------------------------------------------------------------------------------
   RBB_17/CLK                               RBB_6L       17  [TILE 0 0, RBB 13 10]        759     r            8748                                                                                                                                      
   clk                                      Clock net     5           (fanout=489)      -2323                     -                                                                                                                                      
   clk                                      CLOCK-PORT    -                      -    capture     r            6425                                                                                                                                      
   --------------------------------------------------------------------------------------------------------------------------------------------------------------------------------------------------------------------------------------------------------


Path 78:
   Slack (not met):                         -4526ps
     Path type:                               SETUP
     Group:                              <UDEF_clk>
     Launching clock:                           clk (rising edge)
     Capturing clock:                           clk (rising edge)

     Requested period:                       2000ps
   + Delay of the capturing clock:           2321ps
   - Clock uncertainty:                       150ps
   = Required time:                          4171ps
   - Propagation time:                       6382ps (46.0% logic, 54.0% route, logic stage 3)
   - Delay of the launching clock:           2315ps
   = Slack:                                 -4526ps

   Instance/Pin or Net Name                 Type         ID     Location or Fanout   Delay(ps)  Edge  Arrival Time(ps)    Instance detail                                                                                                                   
   -----------------------------------------------------------------------------------------------------------------------------------------------------------------------------------------------------------------------------------------------------------
   clk                                      CLOCK-PORT    -                      -     launch     r               0                                                                                                                                         
   clk                                      Clock net     5           (fanout=489)       2315                     -                                                                                                                                         
   RBB_15/CLK                               RBB_6L       15   [TILE 0 0, RBB 7 14]          -     r            2315                                                                                                                                         
   -----------------------------------------------------------------------------------------------------------------------------------------------------------------------------------------------------------------------------------------------------------
   RBB_15/AQ                                RBB_6L       15   [TILE 0 0, RBB 7 14]        800     r            3115     {inst10: U_uart_rx.FSM_STATE_FDRE_Q (FD,site=aff)}                                                                                  
   U_uart_rx.FSM_STATE[2]                   Net          38             (fanout=9)       1430                     -                                                                                                                                         
   RBB_15/B3                                RBB_6L       15   [TILE 0 0, RBB 7 14]          -     r            4545                                                                                                                                         
   RBB_15/B                                 RBB_6L       15   [TILE 0 0, RBB 7 14]        604     r            5149     {inst91: rx_LUT5_I0_3_I2_CARRY4_O_O_2_MUXF7_O_I1_INV_O (LUT,site=blut)}                                                             
   rx_LUT5_I0_3_I2_CARRY4_O_O_2_MUXF7_O_I1  Net          73             (fanout=1)       1055                     -                                                                                                                                         
   RBB_15/B1                                RBB_6L       15   [TILE 0 0, RBB 7 14]          -     r            6204                                                                                                                                         
   RBB_15/BMUX                              RBB_6L       15   [TILE 0 0, RBB 7 14]        628     r            6832     {inst90: rx_LUT5_I0_3_I2_CARRY4_O_O_2_MUXF7_O (LUT,site=bluto)}                                                                     
   rx_LUT5_I0_3_I2_CARRY4_O_O_2[0]          Net         157             (fanout=9)        962                     -                                                                                                                                         
   RBB_16/C5                                RBB_6L       16  [TILE 0 0, RBB 13 14]          -     r            7794     {inst101: rx_LUT5_I0_3_I2_CARRY4_O_O_LUT2_I1_O_LUT4_O_1 (LUT,site=clut)} {inst31: U_uart_rx.r_Clock_Count_FDRE_Q_12 (FDE,site=cff)} 
   -----------------------------------------------------------------------------------------------------------------------------------------------------------------------------------------------------------------------------------------------------------
   RBB_16/CLK                               RBB_6L       16  [TILE 0 0, RBB 13 14]        903     r            8697                                                                                                                                         
   clk                                      Clock net     5           (fanout=489)      -2321                     -                                                                                                                                         
   clk                                      CLOCK-PORT    -                      -    capture     r            6376                                                                                                                                         
   -----------------------------------------------------------------------------------------------------------------------------------------------------------------------------------------------------------------------------------------------------------


Path 81:
   Slack (not met):                         -4484ps
     Path type:                               SETUP
     Group:                              <UDEF_clk>
     Launching clock:                           clk (rising edge)
     Capturing clock:                           clk (rising edge)

     Requested period:                       2000ps
   + Delay of the capturing clock:           2321ps
   - Clock uncertainty:                       150ps
   = Required time:                          4171ps
   - Propagation time:                       6340ps (45.6% logic, 54.4% route, logic stage 3)
   - Delay of the launching clock:           2315ps
   = Slack:                                 -4484ps

   Instance/Pin or Net Name                 Type         ID     Location or Fanout   Delay(ps)  Edge  Arrival Time(ps)    Instance detail                                                                                                                   
   -----------------------------------------------------------------------------------------------------------------------------------------------------------------------------------------------------------------------------------------------------------
   clk                                      CLOCK-PORT    -                      -     launch     r               0                                                                                                                                         
   clk                                      Clock net     5           (fanout=489)       2315                     -                                                                                                                                         
   RBB_15/CLK                               RBB_6L       15   [TILE 0 0, RBB 7 14]          -     r            2315                                                                                                                                         
   -----------------------------------------------------------------------------------------------------------------------------------------------------------------------------------------------------------------------------------------------------------
   RBB_15/AQ                                RBB_6L       15   [TILE 0 0, RBB 7 14]        800     r            3115     {inst10: U_uart_rx.FSM_STATE_FDRE_Q (FD,site=aff)}                                                                                  
   U_uart_rx.FSM_STATE[2]                   Net          38             (fanout=9)       1430                     -                                                                                                                                         
   RBB_15/B3                                RBB_6L       15   [TILE 0 0, RBB 7 14]          -     r            4545                                                                                                                                         
   RBB_15/B                                 RBB_6L       15   [TILE 0 0, RBB 7 14]        604     r            5149     {inst91: rx_LUT5_I0_3_I2_CARRY4_O_O_2_MUXF7_O_I1_INV_O (LUT,site=blut)}                                                             
   rx_LUT5_I0_3_I2_CARRY4_O_O_2_MUXF7_O_I1  Net          73             (fanout=1)       1055                     -                                                                                                                                         
   RBB_15/B1                                RBB_6L       15   [TILE 0 0, RBB 7 14]          -     r            6204                                                                                                                                         
   RBB_15/BMUX                              RBB_6L       15   [TILE 0 0, RBB 7 14]        628     r            6832     {inst90: rx_LUT5_I0_3_I2_CARRY4_O_O_2_MUXF7_O (LUT,site=bluto)}                                                                     
   rx_LUT5_I0_3_I2_CARRY4_O_O_2[0]          Net         157             (fanout=9)        962                     -                                                                                                                                         
   RBB_16/A5                                RBB_6L       16  [TILE 0 0, RBB 13 14]          -     r            7794     {inst108: rx_LUT5_I0_3_I2_CARRY4_O_O_LUT2_I1_O_LUT5_O_4 (LUT,site=alut)} {inst33: U_uart_rx.r_Clock_Count_FDRE_Q_14 (FDE,site=aff)} 
   -----------------------------------------------------------------------------------------------------------------------------------------------------------------------------------------------------------------------------------------------------------
   RBB_16/CLK                               RBB_6L       16  [TILE 0 0, RBB 13 14]        861     r            8655                                                                                                                                         
   clk                                      Clock net     5           (fanout=489)      -2321                     -                                                                                                                                         
   clk                                      CLOCK-PORT    -                      -    capture     r            6334                                                                                                                                         
   -----------------------------------------------------------------------------------------------------------------------------------------------------------------------------------------------------------------------------------------------------------


Path 83:
   Slack (not met):                         -4478ps
     Path type:                               SETUP
     Group:                              <UDEF_clk>
     Launching clock:                           clk (rising edge)
     Capturing clock:                           clk (rising edge)

     Requested period:                       2000ps
   + Delay of the capturing clock:           2321ps
   - Clock uncertainty:                       150ps
   = Required time:                          4171ps
   - Propagation time:                       6334ps (45.6% logic, 54.4% route, logic stage 3)
   - Delay of the launching clock:           2315ps
   = Slack:                                 -4478ps

   Instance/Pin or Net Name                 Type         ID     Location or Fanout   Delay(ps)  Edge  Arrival Time(ps)    Instance detail                                                                                                                   
   -----------------------------------------------------------------------------------------------------------------------------------------------------------------------------------------------------------------------------------------------------------
   clk                                      CLOCK-PORT    -                      -     launch     r               0                                                                                                                                         
   clk                                      Clock net     5           (fanout=489)       2315                     -                                                                                                                                         
   RBB_15/CLK                               RBB_6L       15   [TILE 0 0, RBB 7 14]          -     r            2315                                                                                                                                         
   -----------------------------------------------------------------------------------------------------------------------------------------------------------------------------------------------------------------------------------------------------------
   RBB_15/AQ                                RBB_6L       15   [TILE 0 0, RBB 7 14]        800     r            3115     {inst10: U_uart_rx.FSM_STATE_FDRE_Q (FD,site=aff)}                                                                                  
   U_uart_rx.FSM_STATE[2]                   Net          38             (fanout=9)       1430                     -                                                                                                                                         
   RBB_15/B3                                RBB_6L       15   [TILE 0 0, RBB 7 14]          -     r            4545                                                                                                                                         
   RBB_15/B                                 RBB_6L       15   [TILE 0 0, RBB 7 14]        604     r            5149     {inst91: rx_LUT5_I0_3_I2_CARRY4_O_O_2_MUXF7_O_I1_INV_O (LUT,site=blut)}                                                             
   rx_LUT5_I0_3_I2_CARRY4_O_O_2_MUXF7_O_I1  Net          73             (fanout=1)       1055                     -                                                                                                                                         
   RBB_15/B1                                RBB_6L       15   [TILE 0 0, RBB 7 14]          -     r            6204                                                                                                                                         
   RBB_15/BMUX                              RBB_6L       15   [TILE 0 0, RBB 7 14]        628     r            6832     {inst90: rx_LUT5_I0_3_I2_CARRY4_O_O_2_MUXF7_O (LUT,site=bluto)}                                                                     
   rx_LUT5_I0_3_I2_CARRY4_O_O_2[0]          Net         157             (fanout=9)        962                     -                                                                                                                                         
   RBB_16/B5                                RBB_6L       16  [TILE 0 0, RBB 13 14]          -     r            7794     {inst105: rx_LUT5_I0_3_I2_CARRY4_O_O_LUT2_I1_O_LUT5_O_1 (LUT,site=blut)} {inst32: U_uart_rx.r_Clock_Count_FDRE_Q_13 (FDE,site=bff)} 
   -----------------------------------------------------------------------------------------------------------------------------------------------------------------------------------------------------------------------------------------------------------
   RBB_16/CLK                               RBB_6L       16  [TILE 0 0, RBB 13 14]        855     r            8649                                                                                                                                         
   clk                                      Clock net     5           (fanout=489)      -2321                     -                                                                                                                                         
   clk                                      CLOCK-PORT    -                      -    capture     r            6328                                                                                                                                         
   -----------------------------------------------------------------------------------------------------------------------------------------------------------------------------------------------------------------------------------------------------------


Path 90:
   Slack (not met):                         -4390ps
     Path type:                               SETUP
     Group:                              <UDEF_clk>
     Launching clock:                           clk (rising edge)
     Capturing clock:                           clk (rising edge)

     Requested period:                       2000ps
   + Delay of the capturing clock:           2348ps
   - Clock uncertainty:                       150ps
   = Required time:                          4198ps
   - Propagation time:                       6273ps (42.8% logic, 57.2% route, logic stage 3)
   - Delay of the launching clock:           2315ps
   = Slack:                                 -4390ps

   Instance/Pin or Net Name                 Type         ID     Location or Fanout   Delay(ps)  Edge  Arrival Time(ps)    Instance detail                                                                                                      
   ----------------------------------------------------------------------------------------------------------------------------------------------------------------------------------------------------------------------------------------------
   clk                                      CLOCK-PORT    -                      -     launch     r               0                                                                                                                            
   clk                                      Clock net     5           (fanout=489)       2315                     -                                                                                                                            
   RBB_15/CLK                               RBB_6L       15   [TILE 0 0, RBB 7 14]          -     r            2315                                                                                                                            
   ----------------------------------------------------------------------------------------------------------------------------------------------------------------------------------------------------------------------------------------------
   RBB_15/AQ                                RBB_6L       15   [TILE 0 0, RBB 7 14]        800     r            3115     {inst10: U_uart_rx.FSM_STATE_FDRE_Q (FD,site=aff)}                                                                     
   U_uart_rx.FSM_STATE[2]                   Net          38             (fanout=9)       1430                     -                                                                                                                            
   RBB_15/B3                                RBB_6L       15   [TILE 0 0, RBB 7 14]          -     r            4545                                                                                                                            
   RBB_15/B                                 RBB_6L       15   [TILE 0 0, RBB 7 14]        604     r            5149     {inst91: rx_LUT5_I0_3_I2_CARRY4_O_O_2_MUXF7_O_I1_INV_O (LUT,site=blut)}                                                
   rx_LUT5_I0_3_I2_CARRY4_O_O_2_MUXF7_O_I1  Net          73             (fanout=1)       1055                     -                                                                                                                            
   RBB_15/B1                                RBB_6L       15   [TILE 0 0, RBB 7 14]          -     r            6204                                                                                                                            
   RBB_15/BMUX                              RBB_6L       15   [TILE 0 0, RBB 7 14]        628     r            6832     {inst90: rx_LUT5_I0_3_I2_CARRY4_O_O_2_MUXF7_O (LUT,site=bluto)}                                                        
   rx_LUT5_I0_3_I2_CARRY4_O_O_2[0]          Net         157             (fanout=9)       1103                     -                                                                                                                            
   RBB_13/B3                                RBB_6L       13  [TILE 0 0, RBB 10 10]          -     r            7935     {inst14: U_uart_rx.FSM_STATE_FDRE_Q_D_MUXF8_O_1 (LUT,site=bluto)} {inst11: U_uart_rx.FSM_STATE_FDRE_Q_1 (FD,site=bff)} 
   ----------------------------------------------------------------------------------------------------------------------------------------------------------------------------------------------------------------------------------------------
   RBB_13/CLK                               RBB_6L       13  [TILE 0 0, RBB 10 10]        653     r            8588                                                                                                                            
   clk                                      Clock net     5           (fanout=489)      -2348                     -                                                                                                                            
   clk                                      CLOCK-PORT    -                      -    capture     r            6240                                                                                                                            
   ----------------------------------------------------------------------------------------------------------------------------------------------------------------------------------------------------------------------------------------------


Path 115:
   Slack (not met):                         -4357ps
     Path type:                               SETUP
     Group:                              <UDEF_clk>
     Launching clock:                           clk (rising edge)
     Capturing clock:                           clk (rising edge)

     Requested period:                       2000ps
   + Delay of the capturing clock:           2208ps
   - Clock uncertainty:                       150ps
   = Required time:                          4058ps
   - Propagation time:                       6098ps (57.2% logic, 42.8% route, logic stage 2)
   - Delay of the launching clock:           2317ps
   = Slack:                                 -4357ps

   Instance/Pin or Net Name     Type         ID    Location or Fanout   Delay(ps)  Edge  Arrival Time(ps)    Instance detail                                                                          
   -----------------------------------------------------------------------------------------------------------------------------------------------------------------------------------------------------
   clk                          CLOCK-PORT    -                     -     launch     r               0                                                                                                
   clk                          Clock net     5          (fanout=489)       2317                     -                                                                                                
   RBB_5/CLK                    RBB_6L        5  [TILE 0 0, RBB 7 10]          -     r            2317                                                                                                
   -----------------------------------------------------------------------------------------------------------------------------------------------------------------------------------------------------
   RBB_5/AQ                     RBB_6L        5  [TILE 0 0, RBB 7 10]        800     r            3117     {inst24: U_uart_rx.r_Bit_Index_FDRE_Q_2 (FDRE,site=aff)}                                   
   U_uart_rx.r_Bit_Index[0]     Net          37            (fanout=7)       1632                     -                                                                                                
   RBB_5/A1                     RBB_6L        5  [TILE 0 0, RBB 7 10]          -     r            4749                                                                                                
   RBB_5/CMUX                   RBB_6L        5  [TILE 0 0, RBB 7 10]       1391     r            6140     {inst68: rx_LUT3_I0_I2_CARRY4_O (CARRY4)}                                                  
   rx_LUT3_I0_I2_CARRY4_O_O[3]  Net           7            (fanout=4)        977                     -                                                                                                
   RBB_20/C2                    RBB_6L       20  [TILE 0 0, RBB 13 8]          -     r            7117     {inst75: rx_LUT5_I0 (LUT,site=clut)} {inst50: U_uart_rx.r_RX_Byte_FDRE_Q_5 (FDE,site=cff)} 
   -----------------------------------------------------------------------------------------------------------------------------------------------------------------------------------------------------
   RBB_20/CLK                   RBB_6L       20  [TILE 0 0, RBB 13 8]       1298     r            8415                                                                                                
   clk                          Clock net     5          (fanout=489)      -2208                     -                                                                                                
   clk                          CLOCK-PORT    -                     -    capture     r            6207                                                                                                
   -----------------------------------------------------------------------------------------------------------------------------------------------------------------------------------------------------


Path 187:
   Slack (not met):                         -4340ps
     Path type:                               SETUP
     Group:                              <UDEF_clk>
     Launching clock:                           clk (rising edge)
     Capturing clock:                           clk (rising edge)

     Requested period:                       2000ps
   + Delay of the capturing clock:           2321ps
   - Clock uncertainty:                       150ps
   = Required time:                          4171ps
   - Propagation time:                       6187ps (56.3% logic, 43.7% route, logic stage 3)
   - Delay of the launching clock:           2324ps
   = Slack:                                 -4340ps

   Instance/Pin or Net Name                      Type         ID     Location or Fanout   Delay(ps)  Edge  Arrival Time(ps)    Instance detail                                                                                                                   
   ----------------------------------------------------------------------------------------------------------------------------------------------------------------------------------------------------------------------------------------------------------------
   clk                                           CLOCK-PORT    -                      -     launch     r               0                                                                                                                                         
   clk                                           Clock net     5           (fanout=489)       2324                     -                                                                                                                                         
   RBB_18/CLK                                    RBB_6L       18  [TILE 0 0, RBB 13 16]          -     r            2324                                                                                                                                         
   ----------------------------------------------------------------------------------------------------------------------------------------------------------------------------------------------------------------------------------------------------------------
   RBB_18/DQ                                     RBB_6L       18  [TILE 0 0, RBB 13 16]        800     r            3124     {inst35: U_uart_rx.r_Clock_Count_FDRE_Q_16 (FDE,site=dff)}                                                                          
   U_uart_rx.r_Clock_Count[1]                    Net          24             (fanout=4)       1700                     -                                                                                                                                         
   RBB_7/B1                                      RBB_6L        7  [TILE 0 0, RBB 13 12]          -     r            4824                                                                                                                                         
   RBB_7/COUT                                    RBB_6L        7  [TILE 0 0, RBB 13 12]       1254     r            6078     {inst81: rx_LUT5_I0_3_I2_CARRY4_O_CI_CARRY4_CO_CI_CARRY4_CO (CARRY4)}                                                               
   rx_LUT5_I0_3_I2_CARRY4_O_CI_CARRY4_CO_CI      Net          42             (fanout=1)          0                     -                                                                                                                                         
   RBB_8/CIN                                     RBB_6L        8  [TILE 0 0, RBB 16 12]          -     r            6078                                                                                                                                         
   RBB_8/AMUX                                    RBB_6L        8  [TILE 0 0, RBB 16 12]        595     r            6673     {inst80: rx_LUT5_I0_3_I2_CARRY4_O_CI_CARRY4_CO (CARRY4)}                                                                            
   rx_LUT5_I0_3_I2_CARRY4_O_CI_CARRY4_CO_O_3[2]  Net         133             (fanout=1)       1006                     -                                                                                                                                         
   RBB_16/B1                                     RBB_6L       16  [TILE 0 0, RBB 13 14]          -     r            7679     {inst105: rx_LUT5_I0_3_I2_CARRY4_O_O_LUT2_I1_O_LUT5_O_1 (LUT,site=blut)} {inst32: U_uart_rx.r_Clock_Count_FDRE_Q_13 (FDE,site=bff)} 
   ----------------------------------------------------------------------------------------------------------------------------------------------------------------------------------------------------------------------------------------------------------------
   RBB_16/CLK                                    RBB_6L       16  [TILE 0 0, RBB 13 14]        832     r            8511                                                                                                                                         
   clk                                           Clock net     5           (fanout=489)      -2321                     -                                                                                                                                         
   clk                                           CLOCK-PORT    -                      -    capture     r            6190                                                                                                                                         
   ----------------------------------------------------------------------------------------------------------------------------------------------------------------------------------------------------------------------------------------------------------------


Path 117:
   Slack (not met):                         -4338ps
     Path type:                               SETUP
     Group:                              <UDEF_clk>
     Launching clock:                           clk (rising edge)
     Capturing clock:                           clk (rising edge)

     Requested period:                       2000ps
   + Delay of the capturing clock:           2208ps
   - Clock uncertainty:                       150ps
   = Required time:                          4058ps
   - Propagation time:                       6079ps (56.9% logic, 43.1% route, logic stage 2)
   - Delay of the launching clock:           2317ps
   = Slack:                                 -4338ps

   Instance/Pin or Net Name     Type         ID    Location or Fanout   Delay(ps)  Edge  Arrival Time(ps)    Instance detail                                                                             
   --------------------------------------------------------------------------------------------------------------------------------------------------------------------------------------------------------
   clk                          CLOCK-PORT    -                     -     launch     r               0                                                                                                   
   clk                          Clock net     5          (fanout=489)       2317                     -                                                                                                   
   RBB_5/CLK                    RBB_6L        5  [TILE 0 0, RBB 7 10]          -     r            2317                                                                                                   
   --------------------------------------------------------------------------------------------------------------------------------------------------------------------------------------------------------
   RBB_5/AQ                     RBB_6L        5  [TILE 0 0, RBB 7 10]        800     r            3117     {inst24: U_uart_rx.r_Bit_Index_FDRE_Q_2 (FDRE,site=aff)}                                      
   U_uart_rx.r_Bit_Index[0]     Net          37            (fanout=7)       1632                     -                                                                                                   
   RBB_5/A1                     RBB_6L        5  [TILE 0 0, RBB 7 10]          -     r            4749                                                                                                   
   RBB_5/CMUX                   RBB_6L        5  [TILE 0 0, RBB 7 10]       1391     r            6140     {inst68: rx_LUT3_I0_I2_CARRY4_O (CARRY4)}                                                     
   rx_LUT3_I0_I2_CARRY4_O_O[3]  Net           7            (fanout=4)        987                     -                                                                                                   
   RBB_20/B2                    RBB_6L       20  [TILE 0 0, RBB 13 8]          -     r            7127     {inst116: rx_LUT5_I4_1 (LUT,site=blut)} {inst51: U_uart_rx.r_RX_Byte_FDRE_Q_6 (FDE,site=bff)} 
   --------------------------------------------------------------------------------------------------------------------------------------------------------------------------------------------------------
   RBB_20/CLK                   RBB_6L       20  [TILE 0 0, RBB 13 8]       1269     r            8396                                                                                                   
   clk                          Clock net     5          (fanout=489)      -2208                     -                                                                                                   
   clk                          CLOCK-PORT    -                     -    capture     r            6188                                                                                                   
   --------------------------------------------------------------------------------------------------------------------------------------------------------------------------------------------------------


Path 186:
   Slack (not met):                         -4331ps
     Path type:                               SETUP
     Group:                              <UDEF_clk>
     Launching clock:                           clk (rising edge)
     Capturing clock:                           clk (rising edge)

     Requested period:                       2000ps
   + Delay of the capturing clock:           2321ps
   - Clock uncertainty:                       150ps
   = Required time:                          4171ps
   - Propagation time:                       6178ps (57.3% logic, 42.7% route, logic stage 3)
   - Delay of the launching clock:           2324ps
   = Slack:                                 -4331ps

   Instance/Pin or Net Name                      Type         ID     Location or Fanout   Delay(ps)  Edge  Arrival Time(ps)    Instance detail                                                                                                                   
   ----------------------------------------------------------------------------------------------------------------------------------------------------------------------------------------------------------------------------------------------------------------
   clk                                           CLOCK-PORT    -                      -     launch     r               0                                                                                                                                         
   clk                                           Clock net     5           (fanout=489)       2324                     -                                                                                                                                         
   RBB_18/CLK                                    RBB_6L       18  [TILE 0 0, RBB 13 16]          -     r            2324                                                                                                                                         
   ----------------------------------------------------------------------------------------------------------------------------------------------------------------------------------------------------------------------------------------------------------------
   RBB_18/DQ                                     RBB_6L       18  [TILE 0 0, RBB 13 16]        800     r            3124     {inst35: U_uart_rx.r_Clock_Count_FDRE_Q_16 (FDE,site=dff)}                                                                          
   U_uart_rx.r_Clock_Count[1]                    Net          24             (fanout=4)       1700                     -                                                                                                                                         
   RBB_7/B1                                      RBB_6L        7  [TILE 0 0, RBB 13 12]          -     r            4824                                                                                                                                         
   RBB_7/COUT                                    RBB_6L        7  [TILE 0 0, RBB 13 12]       1254     r            6078     {inst81: rx_LUT5_I0_3_I2_CARRY4_O_CI_CARRY4_CO_CI_CARRY4_CO (CARRY4)}                                                               
   rx_LUT5_I0_3_I2_CARRY4_O_CI_CARRY4_CO_CI      Net          42             (fanout=1)          0                     -                                                                                                                                         
   RBB_8/CIN                                     RBB_6L        8  [TILE 0 0, RBB 16 12]          -     r            6078                                                                                                                                         
   RBB_8/BMUX                                    RBB_6L        8  [TILE 0 0, RBB 16 12]        653     r            6731     {inst80: rx_LUT5_I0_3_I2_CARRY4_O_CI_CARRY4_CO (CARRY4)}                                                                            
   rx_LUT5_I0_3_I2_CARRY4_O_CI_CARRY4_CO_O_2[2]  Net         140             (fanout=1)        939                     -                                                                                                                                         
   RBB_16/C1                                     RBB_6L       16  [TILE 0 0, RBB 13 14]          -     r            7670     {inst101: rx_LUT5_I0_3_I2_CARRY4_O_O_LUT2_I1_O_LUT4_O_1 (LUT,site=clut)} {inst31: U_uart_rx.r_Clock_Count_FDRE_Q_12 (FDE,site=cff)} 
   ----------------------------------------------------------------------------------------------------------------------------------------------------------------------------------------------------------------------------------------------------------------
   RBB_16/CLK                                    RBB_6L       16  [TILE 0 0, RBB 13 14]        832     r            8502                                                                                                                                         
   clk                                           Clock net     5           (fanout=489)      -2321                     -                                                                                                                                         
   clk                                           CLOCK-PORT    -                      -    capture     r            6181                                                                                                                                         
   ----------------------------------------------------------------------------------------------------------------------------------------------------------------------------------------------------------------------------------------------------------------


Path 114:
   Slack (not met):                         -4177ps
     Path type:                               SETUP
     Group:                              <UDEF_clk>
     Launching clock:                           clk (rising edge)
     Capturing clock:                           clk (rising edge)

     Requested period:                       2000ps
   + Delay of the capturing clock:           2208ps
   - Clock uncertainty:                       150ps
   = Required time:                          4058ps
   - Propagation time:                       5918ps (55.9% logic, 44.1% route, logic stage 2)
   - Delay of the launching clock:           2317ps
   = Slack:                                 -4177ps

   Instance/Pin or Net Name   Type         ID    Location or Fanout   Delay(ps)  Edge  Arrival Time(ps)    Instance detail                                                                          
   ---------------------------------------------------------------------------------------------------------------------------------------------------------------------------------------------------
   clk                        CLOCK-PORT    -                     -     launch     r               0                                                                                                
   clk                        Clock net     5          (fanout=489)       2317                     -                                                                                                
   RBB_5/CLK                  RBB_6L        5  [TILE 0 0, RBB 7 10]          -     r            2317                                                                                                
   ---------------------------------------------------------------------------------------------------------------------------------------------------------------------------------------------------
   RBB_5/AQ                   RBB_6L        5  [TILE 0 0, RBB 7 10]        800     r            3117     {inst24: U_uart_rx.r_Bit_Index_FDRE_Q_2 (FDRE,site=aff)}                                   
   U_uart_rx.r_Bit_Index[0]   Net          37            (fanout=7)       1632                     -                                                                                                
   RBB_5/A1                   RBB_6L        5  [TILE 0 0, RBB 7 10]          -     r            4749                                                                                                
   RBB_5/DMUX                 RBB_6L        5  [TILE 0 0, RBB 7 10]       1431     r            6180     {inst68: rx_LUT3_I0_I2_CARRY4_O (CARRY4)}                                                  
   rx_LUT3_I0_I2[4]           Net         121            (fanout=2)        977                     -                                                                                                
   RBB_20/A2                  RBB_6L       20  [TILE 0 0, RBB 13 8]          -     r            7157     {inst67: rx_LUT3_I0 (LUT,site=alut)} {inst52: U_uart_rx.r_RX_Byte_FDRE_Q_7 (FDE,site=aff)} 
   ---------------------------------------------------------------------------------------------------------------------------------------------------------------------------------------------------
   RBB_20/CLK                 RBB_6L       20  [TILE 0 0, RBB 13 8]       1078     r            8235                                                                                                
   clk                        Clock net     5          (fanout=489)      -2208                     -                                                                                                
   clk                        CLOCK-PORT    -                     -    capture     r            6027                                                                                                
   ---------------------------------------------------------------------------------------------------------------------------------------------------------------------------------------------------


Path 77:
   Slack (not met):                         -4145ps
     Path type:                               SETUP
     Group:                              <UDEF_clk>
     Launching clock:                           clk (rising edge)
     Capturing clock:                           clk (rising edge)

     Requested period:                       2000ps
   + Delay of the capturing clock:           2347ps
   - Clock uncertainty:                       150ps
   = Required time:                          4197ps
   - Propagation time:                       6027ps (47.0% logic, 53.0% route, logic stage 3)
   - Delay of the launching clock:           2315ps
   = Slack:                                 -4145ps

   Instance/Pin or Net Name                 Type         ID     Location or Fanout   Delay(ps)  Edge  Arrival Time(ps)    Instance detail                                                                                                                   
   -----------------------------------------------------------------------------------------------------------------------------------------------------------------------------------------------------------------------------------------------------------
   clk                                      CLOCK-PORT    -                      -     launch     r               0                                                                                                                                         
   clk                                      Clock net     5           (fanout=489)       2315                     -                                                                                                                                         
   RBB_15/CLK                               RBB_6L       15   [TILE 0 0, RBB 7 14]          -     r            2315                                                                                                                                         
   -----------------------------------------------------------------------------------------------------------------------------------------------------------------------------------------------------------------------------------------------------------
   RBB_15/AQ                                RBB_6L       15   [TILE 0 0, RBB 7 14]        800     r            3115     {inst10: U_uart_rx.FSM_STATE_FDRE_Q (FD,site=aff)}                                                                                  
   U_uart_rx.FSM_STATE[2]                   Net          38             (fanout=9)       1430                     -                                                                                                                                         
   RBB_15/B3                                RBB_6L       15   [TILE 0 0, RBB 7 14]          -     r            4545                                                                                                                                         
   RBB_15/B                                 RBB_6L       15   [TILE 0 0, RBB 7 14]        604     r            5149     {inst91: rx_LUT5_I0_3_I2_CARRY4_O_O_2_MUXF7_O_I1_INV_O (LUT,site=blut)}                                                             
   rx_LUT5_I0_3_I2_CARRY4_O_O_2_MUXF7_O_I1  Net          73             (fanout=1)       1055                     -                                                                                                                                         
   RBB_15/B1                                RBB_6L       15   [TILE 0 0, RBB 7 14]          -     r            6204                                                                                                                                         
   RBB_15/BMUX                              RBB_6L       15   [TILE 0 0, RBB 7 14]        628     r            6832     {inst90: rx_LUT5_I0_3_I2_CARRY4_O_O_2_MUXF7_O (LUT,site=bluto)}                                                                     
   rx_LUT5_I0_3_I2_CARRY4_O_O_2[0]          Net         157             (fanout=9)        709                     -                                                                                                                                         
   RBB_19/D1                                RBB_6L       19  [TILE 0 0, RBB 10 12]          -     r            7541     {inst107: rx_LUT5_I0_3_I2_CARRY4_O_O_LUT2_I1_O_LUT5_O_3 (LUT,site=dlut)} {inst30: U_uart_rx.r_Clock_Count_FDRE_Q_11 (FDE,site=dff)} 
   -----------------------------------------------------------------------------------------------------------------------------------------------------------------------------------------------------------------------------------------------------------
   RBB_19/CLK                               RBB_6L       19  [TILE 0 0, RBB 10 12]        801     r            8342                                                                                                                                         
   clk                                      Clock net     5           (fanout=489)      -2347                     -                                                                                                                                         
   clk                                      CLOCK-PORT    -                      -    capture     r            5995                                                                                                                                         
   -----------------------------------------------------------------------------------------------------------------------------------------------------------------------------------------------------------------------------------------------------------


Path 119:
   Slack (not met):                         -3958ps
     Path type:                               SETUP
     Group:                              <UDEF_clk>
     Launching clock:                           clk (rising edge)
     Capturing clock:                           clk (rising edge)

     Requested period:                       2000ps
   + Delay of the capturing clock:           2321ps
   - Clock uncertainty:                       150ps
   = Required time:                          4171ps
   - Propagation time:                       5812ps (49.4% logic, 50.6% route, logic stage 2)
   - Delay of the launching clock:           2317ps
   = Slack:                                 -3958ps

   Instance/Pin or Net Name     Type         ID     Location or Fanout   Delay(ps)  Edge  Arrival Time(ps)    Instance detail                                                                                    
   ----------------------------------------------------------------------------------------------------------------------------------------------------------------------------------------------------------------
   clk                          CLOCK-PORT    -                      -     launch     r               0                                                                                                          
   clk                          Clock net     5           (fanout=489)       2317                     -                                                                                                          
   RBB_5/CLK                    RBB_6L        5   [TILE 0 0, RBB 7 10]          -     r            2317                                                                                                          
   ----------------------------------------------------------------------------------------------------------------------------------------------------------------------------------------------------------------
   RBB_5/AQ                     RBB_6L        5   [TILE 0 0, RBB 7 10]        800     r            3117     {inst24: U_uart_rx.r_Bit_Index_FDRE_Q_2 (FDRE,site=aff)}                                             
   U_uart_rx.r_Bit_Index[0]     Net          37             (fanout=7)       1632                     -                                                                                                          
   RBB_5/A1                     RBB_6L        5   [TILE 0 0, RBB 7 10]          -     r            4749                                                                                                          
   RBB_5/CMUX                   RBB_6L        5   [TILE 0 0, RBB 7 10]       1391     r            6140     {inst68: rx_LUT3_I0_I2_CARRY4_O (CARRY4)}                                                            
   rx_LUT3_I0_I2_CARRY4_O_O[3]  Net           7             (fanout=4)       1306                     -                                                                                                          
   RBB_7/C4                     RBB_6L        7  [TILE 0 0, RBB 13 12]          -     r            7446     {inst72: rx_LUT3_I0_O_LUT4_O (LUT,site=cluto)} {inst49: U_uart_rx.r_RX_Byte_FDRE_Q_4 (FDE,site=cff)} 
   ----------------------------------------------------------------------------------------------------------------------------------------------------------------------------------------------------------------
   RBB_7/CLK                    RBB_6L        7  [TILE 0 0, RBB 13 12]        683     r            8129                                                                                                          
   clk                          Clock net     5           (fanout=489)      -2321                     -                                                                                                          
   clk                          CLOCK-PORT    -                      -    capture     r            5808                                                                                                          
   ----------------------------------------------------------------------------------------------------------------------------------------------------------------------------------------------------------------


Path 188:
   Slack (not met):                         -3952ps
     Path type:                               SETUP
     Group:                              <UDEF_clk>
     Launching clock:                           clk (rising edge)
     Capturing clock:                           clk (rising edge)

     Requested period:                       2000ps
   + Delay of the capturing clock:           2305ps
   - Clock uncertainty:                       150ps
   = Required time:                          4155ps
   - Propagation time:                       5760ps (54.7% logic, 45.3% route, logic stage 2)
   - Delay of the launching clock:           2347ps
   = Slack:                                 -3952ps

   Instance/Pin or Net Name     Type         ID     Location or Fanout   Delay(ps)  Edge  Arrival Time(ps)    Instance detail                                                                                                       
   -----------------------------------------------------------------------------------------------------------------------------------------------------------------------------------------------------------------------------------
   clk                          CLOCK-PORT    -                      -     launch     r               0                                                                                                                             
   clk                          Clock net     5           (fanout=489)       2347                     -                                                                                                                             
   RBB_19/CLK                   RBB_6L       19  [TILE 0 0, RBB 10 12]          -     r            2347                                                                                                                             
   -----------------------------------------------------------------------------------------------------------------------------------------------------------------------------------------------------------------------------------
   RBB_19/AQ                    RBB_6L       19  [TILE 0 0, RBB 10 12]        800     r            3147     {inst39: U_uart_rx.r_Clock_Count_FDRE_Q_4 (FDE,site=aff)}                                                               
   U_uart_rx.r_Clock_Count[13]  Net          28             (fanout=2)       1461                     -                                                                                                                             
   RBB_12/C5                    RBB_6L       12  [TILE 0 0, RBB 10 14]          -     r            4608                                                                                                                             
   RBB_12/C                     RBB_6L       12  [TILE 0 0, RBB 10 14]        736     r            5344     {inst114: rx_LUT5_I0_3_I3_LUT6_O (LUT,site=clut,cluto)}                                                                 
   rx_LUT5_I0_3_I3[1]           Net          60             (fanout=3)       1149                     -                                                                                                                             
   RBB_14/C1                    RBB_6L       14    [TILE 0 0, RBB 7 8]          -     r            6493     {inst16: U_uart_rx.FSM_STATE_FDRE_Q_D_MUXF8_O_2 (MUXF,site=muxf8)} {inst12: U_uart_rx.FSM_STATE_FDRE_Q_2 (FD,site=bff)} 
   -----------------------------------------------------------------------------------------------------------------------------------------------------------------------------------------------------------------------------------
   RBB_14/CLK                   RBB_6L       14    [TILE 0 0, RBB 7 8]       1614     r            8107                                                                                                                             
   clk                          Clock net     5           (fanout=489)      -2305                     -                                                                                                                             
   clk                          CLOCK-PORT    -                      -    capture     r            5802                                                                                                                             
   -----------------------------------------------------------------------------------------------------------------------------------------------------------------------------------------------------------------------------------


Path 91:
   Slack (not met):                         -3913ps
     Path type:                               SETUP
     Group:                              <UDEF_clk>
     Launching clock:                           clk (rising edge)
     Capturing clock:                           clk (rising edge)

     Requested period:                       2000ps
   + Delay of the capturing clock:           2317ps
   - Clock uncertainty:                       150ps
   = Required time:                          4167ps
   - Propagation time:                       5763ps (44.8% logic, 55.2% route, logic stage 2)
   - Delay of the launching clock:           2317ps
   = Slack:                                 -3913ps

   Instance/Pin or Net Name             Type         ID    Location or Fanout   Delay(ps)  Edge  Arrival Time(ps)    Instance detail                                                                                                            
   -----------------------------------------------------------------------------------------------------------------------------------------------------------------------------------------------------------------------------------------------
   clk                                  CLOCK-PORT    -                     -     launch     r               0                                                                                                                                  
   clk                                  Clock net     5          (fanout=489)       2317                     -                                                                                                                                  
   RBB_5/CLK                            RBB_6L        5  [TILE 0 0, RBB 7 10]          -     r            2317                                                                                                                                  
   -----------------------------------------------------------------------------------------------------------------------------------------------------------------------------------------------------------------------------------------------
   RBB_5/AQ                             RBB_6L        5  [TILE 0 0, RBB 7 10]        800     r            3117     {inst24: U_uart_rx.r_Bit_Index_FDRE_Q_2 (FDRE,site=aff)}                                                                     
   U_uart_rx.r_Bit_Index[0]             Net          37            (fanout=7)       1779                     -                                                                                                                                  
   RBB_6/A1                             RBB_6L        6  [TILE 0 0, RBB 7 12]          -     r            4896                                                                                                                                  
   RBB_6/BQ                             RBB_6L        6  [TILE 0 0, RBB 7 12]       1276     r            6172     {inst74: rx_LUT3_I2_O_CARRY4_O (CARRY4)}                                                                                     
   U_uart_rx.r_Bit_Index_FDRE_Q_1_D[1]  Net          52            (fanout=5)       1403                     -                                                                                                                                  
   RBB_5/C2                             RBB_6L        5  [TILE 0 0, RBB 7 10]          -     r            7575     {inst149: U_uart_rx.r_Bit_Index_FDRE_Q_1_buf149_i (LUT,site=cluto)} {inst23: U_uart_rx.r_Bit_Index_FDRE_Q_1 (FDRE,site=cff)} 
   -----------------------------------------------------------------------------------------------------------------------------------------------------------------------------------------------------------------------------------------------
   RBB_5/CLK                            RBB_6L        5  [TILE 0 0, RBB 7 10]        505     r            8080                                                                                                                                  
   clk                                  Clock net     5          (fanout=489)      -2317                     -                                                                                                                                  
   clk                                  CLOCK-PORT    -                     -    capture     r            5763                                                                                                                                  
   -----------------------------------------------------------------------------------------------------------------------------------------------------------------------------------------------------------------------------------------------


Path 100:
   Slack (not met):                         -3896ps
     Path type:                               SETUP
     Group:                              <UDEF_clk>
     Launching clock:                           clk (rising edge)
     Capturing clock:                           clk (rising edge)

     Requested period:                       2000ps
   + Delay of the capturing clock:           2317ps
   - Clock uncertainty:                       150ps
   = Required time:                          4167ps
   - Propagation time:                       5746ps (45.1% logic, 54.9% route, logic stage 2)
   - Delay of the launching clock:           2317ps
   = Slack:                                 -3896ps

   Instance/Pin or Net Name           Type         ID    Location or Fanout   Delay(ps)  Edge  Arrival Time(ps)    Instance detail                                                                                                        
   -----------------------------------------------------------------------------------------------------------------------------------------------------------------------------------------------------------------------------------------
   clk                                CLOCK-PORT    -                     -     launch     r               0                                                                                                                              
   clk                                Clock net     5          (fanout=489)       2317                     -                                                                                                                              
   RBB_5/CLK                          RBB_6L        5  [TILE 0 0, RBB 7 10]          -     r            2317                                                                                                                              
   -----------------------------------------------------------------------------------------------------------------------------------------------------------------------------------------------------------------------------------------
   RBB_5/AQ                           RBB_6L        5  [TILE 0 0, RBB 7 10]        800     r            3117     {inst24: U_uart_rx.r_Bit_Index_FDRE_Q_2 (FDRE,site=aff)}                                                                 
   U_uart_rx.r_Bit_Index[0]           Net          37            (fanout=7)       1779                     -                                                                                                                              
   RBB_6/A1                           RBB_6L        6  [TILE 0 0, RBB 7 12]          -     r            4896                                                                                                                              
   RBB_6/CQ                           RBB_6L        6  [TILE 0 0, RBB 7 12]       1272     r            6168     {inst74: rx_LUT3_I2_O_CARRY4_O (CARRY4)}                                                                                 
   U_uart_rx.r_Bit_Index_FDRE_Q_D[2]  Net         144            (fanout=1)       1373                     -                                                                                                                              
   RBB_5/D1                           RBB_6L        5  [TILE 0 0, RBB 7 10]          -     r            7541     {inst148: U_uart_rx.r_Bit_Index_FDRE_Q_buf148_i (LUT,site=dluto)} {inst22: U_uart_rx.r_Bit_Index_FDRE_Q (FDRE,site=dff)} 
   -----------------------------------------------------------------------------------------------------------------------------------------------------------------------------------------------------------------------------------------
   RBB_5/CLK                          RBB_6L        5  [TILE 0 0, RBB 7 10]        522     r            8063                                                                                                                              
   clk                                Clock net     5          (fanout=489)      -2317                     -                                                                                                                              
   clk                                CLOCK-PORT    -                     -    capture     r            5746                                                                                                                              
   -----------------------------------------------------------------------------------------------------------------------------------------------------------------------------------------------------------------------------------------


Path 99:
   Slack (not met):                         -3787ps
     Path type:                               SETUP
     Group:                              <UDEF_clk>
     Launching clock:                           clk (rising edge)
     Capturing clock:                           clk (rising edge)

     Requested period:                       2000ps
   + Delay of the capturing clock:           2321ps
   - Clock uncertainty:                       150ps
   = Required time:                          4171ps
   - Propagation time:                       5641ps (46.8% logic, 53.2% route, logic stage 2)
   - Delay of the launching clock:           2317ps
   = Slack:                                 -3787ps

   Instance/Pin or Net Name   Type         ID     Location or Fanout   Delay(ps)  Edge  Arrival Time(ps)    Instance detail                                                                                  
   ------------------------------------------------------------------------------------------------------------------------------------------------------------------------------------------------------------
   clk                        CLOCK-PORT    -                      -     launch     r               0                                                                                                        
   clk                        Clock net     5           (fanout=489)       2317                     -                                                                                                        
   RBB_5/CLK                  RBB_6L        5   [TILE 0 0, RBB 7 10]          -     r            2317                                                                                                        
   ------------------------------------------------------------------------------------------------------------------------------------------------------------------------------------------------------------
   RBB_5/AQ                   RBB_6L        5   [TILE 0 0, RBB 7 10]        800     r            3117     {inst24: U_uart_rx.r_Bit_Index_FDRE_Q_2 (FDRE,site=aff)}                                           
   U_uart_rx.r_Bit_Index[0]   Net          37             (fanout=7)       1779                     -                                                                                                        
   RBB_6/A1                   RBB_6L        6   [TILE 0 0, RBB 7 12]          -     r            4896                                                                                                        
   RBB_6/DQ                   RBB_6L        6   [TILE 0 0, RBB 7 12]       1325     r            6221     {inst74: rx_LUT3_I2_O_CARRY4_O (CARRY4)}                                                           
   rx_LUT3_I2_O[1]            Net         131             (fanout=2)       1220                     -                                                                                                        
   RBB_7/D3                   RBB_6L        7  [TILE 0 0, RBB 13 12]          -     r            7441     {inst71: rx_LUT3_I0_O_LUT3_O (LUT,site=dluto)} {inst45: U_uart_rx.r_RX_Byte_FDRE_Q (FDE,site=dff)} 
   ------------------------------------------------------------------------------------------------------------------------------------------------------------------------------------------------------------
   RBB_7/CLK                  RBB_6L        7  [TILE 0 0, RBB 13 12]        517     r            7958                                                                                                        
   clk                        Clock net     5           (fanout=489)      -2321                     -                                                                                                        
   clk                        CLOCK-PORT    -                      -    capture     r            5637                                                                                                        
   ------------------------------------------------------------------------------------------------------------------------------------------------------------------------------------------------------------


Path 93:
   Slack (not met):                         -3776ps
     Path type:                               SETUP
     Group:                              <UDEF_clk>
     Launching clock:                           clk (rising edge)
     Capturing clock:                           clk (rising edge)

     Requested period:                       2000ps
   + Delay of the capturing clock:           2323ps
   - Clock uncertainty:                       150ps
   = Required time:                          4173ps
   - Propagation time:                       5601ps (49.5% logic, 50.5% route, logic stage 2)
   - Delay of the launching clock:           2348ps
   = Slack:                                 -3776ps

   Instance/Pin or Net Name   Type         ID     Location or Fanout   Delay(ps)  Edge  Arrival Time(ps)    Instance detail                                                                                                          
   ------------------------------------------------------------------------------------------------------------------------------------------------------------------------------------------------------------------------------------
   clk                        CLOCK-PORT    -                      -     launch     r               0                                                                                                                                
   clk                        Clock net     5           (fanout=489)       2348                     -                                                                                                                                
   RBB_13/CLK                 RBB_6L       13  [TILE 0 0, RBB 10 10]          -     r            2348                                                                                                                                
   ------------------------------------------------------------------------------------------------------------------------------------------------------------------------------------------------------------------------------------
   RBB_13/BQ                  RBB_6L       13  [TILE 0 0, RBB 10 10]        800     r            3148     {inst11: U_uart_rx.FSM_STATE_FDRE_Q_1 (FD,site=bff)}                                                                       
   U_uart_rx.FSM_STATE[1]     Net          40             (fanout=8)       1605                     -                                                                                                                                
   RBB_15/C5                  RBB_6L       15   [TILE 0 0, RBB 7 14]          -     r            4753                                                                                                                                
   RBB_15/CMUX                RBB_6L       15   [TILE 0 0, RBB 7 14]        862     r            5615     {inst109: rx_LUT5_I0_3_I2_LUT3_O (LUT,site=cluto)}                                                                         
   rx_LUT5_I0_3_I2[0]         Net         167            (fanout=13)       1223                     -                                                                                                                                
   RBB_17/A5                  RBB_6L       17  [TILE 0 0, RBB 13 10]          -     r            6838     {inst85: rx_LUT5_I0_3_I2_CARRY4_O_O_1_LUT2_I1 (LUT,site=aluto)} {inst43: U_uart_rx.r_Clock_Count_FDRE_Q_8 (FDE,site=affo)} 
   ------------------------------------------------------------------------------------------------------------------------------------------------------------------------------------------------------------------------------------
   RBB_17/CLK                 RBB_6L       17  [TILE 0 0, RBB 13 10]       1111     r            7949                                                                                                                                
   clk                        Clock net     5           (fanout=489)      -2323                     -                                                                                                                                
   clk                        CLOCK-PORT    -                      -    capture     r            5626                                                                                                                                
   ------------------------------------------------------------------------------------------------------------------------------------------------------------------------------------------------------------------------------------


Path 96:
   Slack (not met):                         -3759ps
     Path type:                               SETUP
     Group:                              <UDEF_clk>
     Launching clock:                           clk (rising edge)
     Capturing clock:                           clk (rising edge)

     Requested period:                       2000ps
   + Delay of the capturing clock:           2323ps
   - Clock uncertainty:                       150ps
   = Required time:                          4173ps
   - Propagation time:                       5584ps (49.4% logic, 50.6% route, logic stage 2)
   - Delay of the launching clock:           2348ps
   = Slack:                                 -3759ps

   Instance/Pin or Net Name   Type         ID     Location or Fanout   Delay(ps)  Edge  Arrival Time(ps)    Instance detail                                                                                                        
   ----------------------------------------------------------------------------------------------------------------------------------------------------------------------------------------------------------------------------------
   clk                        CLOCK-PORT    -                      -     launch     r               0                                                                                                                              
   clk                        Clock net     5           (fanout=489)       2348                     -                                                                                                                              
   RBB_13/CLK                 RBB_6L       13  [TILE 0 0, RBB 10 10]          -     r            2348                                                                                                                              
   ----------------------------------------------------------------------------------------------------------------------------------------------------------------------------------------------------------------------------------
   RBB_13/BQ                  RBB_6L       13  [TILE 0 0, RBB 10 10]        800     r            3148     {inst11: U_uart_rx.FSM_STATE_FDRE_Q_1 (FD,site=bff)}                                                                     
   U_uart_rx.FSM_STATE[1]     Net          40             (fanout=8)       1605                     -                                                                                                                              
   RBB_15/C5                  RBB_6L       15   [TILE 0 0, RBB 7 14]          -     r            4753                                                                                                                              
   RBB_15/CMUX                RBB_6L       15   [TILE 0 0, RBB 7 14]        862     r            5615     {inst109: rx_LUT5_I0_3_I2_LUT3_O (LUT,site=cluto)}                                                                       
   rx_LUT5_I0_3_I2[0]         Net         167            (fanout=13)       1223                     -                                                                                                                              
   RBB_17/C5                  RBB_6L       17  [TILE 0 0, RBB 13 10]          -     r            6838     {inst92: rx_LUT5_I0_3_I2_CARRY4_O_O_LUT2_I1 (LUT,site=cluto)} {inst41: U_uart_rx.r_Clock_Count_FDRE_Q_6 (FDE,site=cffo)} 
   ----------------------------------------------------------------------------------------------------------------------------------------------------------------------------------------------------------------------------------
   RBB_17/CLK                 RBB_6L       17  [TILE 0 0, RBB 13 10]       1094     r            7932                                                                                                                              
   clk                        Clock net     5           (fanout=489)      -2323                     -                                                                                                                              
   clk                        CLOCK-PORT    -                      -    capture     r            5609                                                                                                                              
   ----------------------------------------------------------------------------------------------------------------------------------------------------------------------------------------------------------------------------------


Path 116:
   Slack (not met):                         -3749ps
     Path type:                               SETUP
     Group:                              <UDEF_clk>
     Launching clock:                           clk (rising edge)
     Capturing clock:                           clk (rising edge)

     Requested period:                       2000ps
   + Delay of the capturing clock:           2347ps
   - Clock uncertainty:                       150ps
   = Required time:                          4197ps
   - Propagation time:                       5629ps (51.8% logic, 48.2% route, logic stage 2)
   - Delay of the launching clock:           2317ps
   = Slack:                                 -3749ps

   Instance/Pin or Net Name   Type         ID     Location or Fanout   Delay(ps)  Edge  Arrival Time(ps)    Instance detail                                                                             
   -------------------------------------------------------------------------------------------------------------------------------------------------------------------------------------------------------
   clk                        CLOCK-PORT    -                      -     launch     r               0                                                                                                   
   clk                        Clock net     5           (fanout=489)       2317                     -                                                                                                   
   RBB_5/CLK                  RBB_6L        5   [TILE 0 0, RBB 7 10]          -     r            2317                                                                                                   
   -------------------------------------------------------------------------------------------------------------------------------------------------------------------------------------------------------
   RBB_5/AQ                   RBB_6L        5   [TILE 0 0, RBB 7 10]        800     r            3117     {inst24: U_uart_rx.r_Bit_Index_FDRE_Q_2 (FDRE,site=aff)}                                      
   U_uart_rx.r_Bit_Index[0]   Net          37             (fanout=7)       1632                     -                                                                                                   
   RBB_5/A1                   RBB_6L        5   [TILE 0 0, RBB 7 10]          -     r            4749                                                                                                   
   RBB_5/DMUX                 RBB_6L        5   [TILE 0 0, RBB 7 10]       1431     r            6180     {inst68: rx_LUT3_I0_I2_CARRY4_O (CARRY4)}                                                     
   rx_LUT3_I0_I2[4]           Net         121             (fanout=2)       1083                     -                                                                                                   
   RBB_12/D5                  RBB_6L       12  [TILE 0 0, RBB 10 14]          -     r            7263     {inst77: rx_LUT5_I0_2 (LUT,site=dluto)} {inst48: U_uart_rx.r_RX_Byte_FDRE_Q_3 (FDE,site=dff)} 
   -------------------------------------------------------------------------------------------------------------------------------------------------------------------------------------------------------
   RBB_12/CLK                 RBB_6L       12  [TILE 0 0, RBB 10 14]        683     r            7946                                                                                                   
   clk                        Clock net     5           (fanout=489)      -2347                     -                                                                                                   
   clk                        CLOCK-PORT    -                      -    capture     r            5599                                                                                                   
   -------------------------------------------------------------------------------------------------------------------------------------------------------------------------------------------------------


Path 101:
   Slack (not met):                         -3685ps
     Path type:                               SETUP
     Group:                              <UDEF_clk>
     Launching clock:                           clk (rising edge)
     Capturing clock:                           clk (rising edge)

     Requested period:                       2000ps
   + Delay of the capturing clock:           2347ps
   - Clock uncertainty:                       150ps
   = Required time:                          4197ps
   - Propagation time:                       5565ps (46.8% logic, 53.2% route, logic stage 2)
   - Delay of the launching clock:           2317ps
   = Slack:                                 -3685ps

   Instance/Pin or Net Name             Type         ID     Location or Fanout   Delay(ps)  Edge  Arrival Time(ps)    Instance detail                                                                             
   -----------------------------------------------------------------------------------------------------------------------------------------------------------------------------------------------------------------
   clk                                  CLOCK-PORT    -                      -     launch     r               0                                                                                                   
   clk                                  Clock net     5           (fanout=489)       2317                     -                                                                                                   
   RBB_5/CLK                            RBB_6L        5   [TILE 0 0, RBB 7 10]          -     r            2317                                                                                                   
   -----------------------------------------------------------------------------------------------------------------------------------------------------------------------------------------------------------------
   RBB_5/AQ                             RBB_6L        5   [TILE 0 0, RBB 7 10]        800     r            3117     {inst24: U_uart_rx.r_Bit_Index_FDRE_Q_2 (FDRE,site=aff)}                                      
   U_uart_rx.r_Bit_Index[0]             Net          37             (fanout=7)       1779                     -                                                                                                   
   RBB_6/A1                             RBB_6L        6   [TILE 0 0, RBB 7 12]          -     r            4896                                                                                                   
   RBB_6/BQ                             RBB_6L        6   [TILE 0 0, RBB 7 12]       1276     r            6172     {inst74: rx_LUT3_I2_O_CARRY4_O (CARRY4)}                                                      
   U_uart_rx.r_Bit_Index_FDRE_Q_1_D[1]  Net          52             (fanout=5)       1183                     -                                                                                                   
   RBB_12/D4                            RBB_6L       12  [TILE 0 0, RBB 10 14]          -     r            7355     {inst77: rx_LUT5_I0_2 (LUT,site=dluto)} {inst48: U_uart_rx.r_RX_Byte_FDRE_Q_3 (FDE,site=dff)} 
   -----------------------------------------------------------------------------------------------------------------------------------------------------------------------------------------------------------------
   RBB_12/CLK                           RBB_6L       12  [TILE 0 0, RBB 10 14]        527     r            7882                                                                                                   
   clk                                  Clock net     5           (fanout=489)      -2347                     -                                                                                                   
   clk                                  CLOCK-PORT    -                      -    capture     r            5535                                                                                                   
   -----------------------------------------------------------------------------------------------------------------------------------------------------------------------------------------------------------------


Path 95:
   Slack (not met):                         -3629ps
     Path type:                               SETUP
     Group:                              <UDEF_clk>
     Launching clock:                           clk (rising edge)
     Capturing clock:                           clk (rising edge)

     Requested period:                       2000ps
   + Delay of the capturing clock:           2347ps
   - Clock uncertainty:                       150ps
   = Required time:                          4197ps
   - Propagation time:                       5478ps (52.0% logic, 48.0% route, logic stage 2)
   - Delay of the launching clock:           2348ps
   = Slack:                                 -3629ps

   Instance/Pin or Net Name   Type         ID     Location or Fanout   Delay(ps)  Edge  Arrival Time(ps)    Instance detail                                                                                                                   
   ---------------------------------------------------------------------------------------------------------------------------------------------------------------------------------------------------------------------------------------------
   clk                        CLOCK-PORT    -                      -     launch     r               0                                                                                                                                         
   clk                        Clock net     5           (fanout=489)       2348                     -                                                                                                                                         
   RBB_13/CLK                 RBB_6L       13  [TILE 0 0, RBB 10 10]          -     r            2348                                                                                                                                         
   ---------------------------------------------------------------------------------------------------------------------------------------------------------------------------------------------------------------------------------------------
   RBB_13/BQ                  RBB_6L       13  [TILE 0 0, RBB 10 10]        800     r            3148     {inst11: U_uart_rx.FSM_STATE_FDRE_Q_1 (FD,site=bff)}                                                                                
   U_uart_rx.FSM_STATE[1]     Net          40             (fanout=8)       1605                     -                                                                                                                                         
   RBB_15/C5                  RBB_6L       15   [TILE 0 0, RBB 7 14]          -     r            4753                                                                                                                                         
   RBB_15/CMUX                RBB_6L       15   [TILE 0 0, RBB 7 14]        862     r            5615     {inst109: rx_LUT5_I0_3_I2_LUT3_O (LUT,site=cluto)}                                                                                  
   rx_LUT5_I0_3_I2[0]         Net         167            (fanout=13)       1026                     -                                                                                                                                         
   RBB_19/A5                  RBB_6L       19  [TILE 0 0, RBB 10 12]          -     r            6641     {inst98: rx_LUT5_I0_3_I2_CARRY4_O_O_LUT2_I1_O_LUT2_O_5 (LUT,site=aluto)} {inst40: U_uart_rx.r_Clock_Count_FDRE_Q_5 (FDE,site=affo)} 
   ---------------------------------------------------------------------------------------------------------------------------------------------------------------------------------------------------------------------------------------------
   RBB_19/CLK                 RBB_6L       19  [TILE 0 0, RBB 10 12]       1185     r            7826                                                                                                                                         
   clk                        Clock net     5           (fanout=489)      -2347                     -                                                                                                                                         
   clk                        CLOCK-PORT    -                      -    capture     r            5479                                                                                                                                         
   ---------------------------------------------------------------------------------------------------------------------------------------------------------------------------------------------------------------------------------------------


Path 97:
   Slack (not met):                         -3608ps
     Path type:                               SETUP
     Group:                              <UDEF_clk>
     Launching clock:                           clk (rising edge)
     Capturing clock:                           clk (rising edge)

     Requested period:                       2000ps
   + Delay of the capturing clock:           2347ps
   - Clock uncertainty:                       150ps
   = Required time:                          4197ps
   - Propagation time:                       5457ps (51.8% logic, 48.2% route, logic stage 2)
   - Delay of the launching clock:           2348ps
   = Slack:                                 -3608ps

   Instance/Pin or Net Name   Type         ID     Location or Fanout   Delay(ps)  Edge  Arrival Time(ps)    Instance detail                                                                                                                   
   ---------------------------------------------------------------------------------------------------------------------------------------------------------------------------------------------------------------------------------------------
   clk                        CLOCK-PORT    -                      -     launch     r               0                                                                                                                                         
   clk                        Clock net     5           (fanout=489)       2348                     -                                                                                                                                         
   RBB_13/CLK                 RBB_6L       13  [TILE 0 0, RBB 10 10]          -     r            2348                                                                                                                                         
   ---------------------------------------------------------------------------------------------------------------------------------------------------------------------------------------------------------------------------------------------
   RBB_13/BQ                  RBB_6L       13  [TILE 0 0, RBB 10 10]        800     r            3148     {inst11: U_uart_rx.FSM_STATE_FDRE_Q_1 (FD,site=bff)}                                                                                
   U_uart_rx.FSM_STATE[1]     Net          40             (fanout=8)       1605                     -                                                                                                                                         
   RBB_15/C5                  RBB_6L       15   [TILE 0 0, RBB 7 14]          -     r            4753                                                                                                                                         
   RBB_15/CMUX                RBB_6L       15   [TILE 0 0, RBB 7 14]        862     r            5615     {inst109: rx_LUT5_I0_3_I2_LUT3_O (LUT,site=cluto)}                                                                                  
   rx_LUT5_I0_3_I2[0]         Net         167            (fanout=13)       1026                     -                                                                                                                                         
   RBB_19/C5                  RBB_6L       19  [TILE 0 0, RBB 10 12]          -     r            6641     {inst94: rx_LUT5_I0_3_I2_CARRY4_O_O_LUT2_I1_O_LUT2_O_1 (LUT,site=cluto)} {inst28: U_uart_rx.r_Clock_Count_FDRE_Q_1 (FDE,site=cffo)} 
   ---------------------------------------------------------------------------------------------------------------------------------------------------------------------------------------------------------------------------------------------
   RBB_19/CLK                 RBB_6L       19  [TILE 0 0, RBB 10 12]       1164     r            7805                                                                                                                                         
   clk                        Clock net     5           (fanout=489)      -2347                     -                                                                                                                                         
   clk                        CLOCK-PORT    -                      -    capture     r            5458                                                                                                                                         
   ---------------------------------------------------------------------------------------------------------------------------------------------------------------------------------------------------------------------------------------------


Path 190:
   Slack (not met):                         -3607ps
     Path type:                               SETUP
     Group:                              <UDEF_clk>
     Launching clock:                           clk (rising edge)
     Capturing clock:                           clk (rising edge)

     Requested period:                       2000ps
   + Delay of the capturing clock:           2321ps
   - Clock uncertainty:                       150ps
   = Required time:                          4171ps
   - Propagation time:                       5454ps (57.3% logic, 42.7% route, logic stage 2)
   - Delay of the launching clock:           2324ps
   = Slack:                                 -3607ps

   Instance/Pin or Net Name                             Type         ID     Location or Fanout   Delay(ps)  Edge  Arrival Time(ps)    Instance detail                                                                                                                     
   -------------------------------------------------------------------------------------------------------------------------------------------------------------------------------------------------------------------------------------------------------------------------
   clk                                                  CLOCK-PORT    -                      -     launch     r               0                                                                                                                                           
   clk                                                  Clock net     5           (fanout=489)       2324                     -                                                                                                                                           
   RBB_18/CLK                                           RBB_6L       18  [TILE 0 0, RBB 13 16]          -     r            2324                                                                                                                                           
   -------------------------------------------------------------------------------------------------------------------------------------------------------------------------------------------------------------------------------------------------------------------------
   RBB_18/DQ                                            RBB_6L       18  [TILE 0 0, RBB 13 16]        800     r            3124     {inst35: U_uart_rx.r_Clock_Count_FDRE_Q_16 (FDE,site=dff)}                                                                            
   U_uart_rx.r_Clock_Count[1]                           Net          24             (fanout=4)       1700                     -                                                                                                                                           
   RBB_7/B1                                             RBB_6L        7  [TILE 0 0, RBB 13 12]          -     r            4824                                                                                                                                           
   RBB_7/CMUX                                           RBB_6L        7  [TILE 0 0, RBB 13 12]       1261     r            6085     {inst81: rx_LUT5_I0_3_I2_CARRY4_O_CI_CARRY4_CO_CI_CARRY4_CO (CARRY4)}                                                                 
   rx_LUT5_I0_3_I2_CARRY4_O_O_LUT2_I1_O_LUT4_O_2_I1[1]  Net         147             (fanout=1)        630                     -                                                                                                                                           
   RBB_16/C2                                            RBB_6L       16  [TILE 0 0, RBB 13 14]          -     r            6715     {inst102: rx_LUT5_I0_3_I2_CARRY4_O_O_LUT2_I1_O_LUT4_O_2 (LUT,site=cluto)} {inst34: U_uart_rx.r_Clock_Count_FDRE_Q_15 (FDE,site=cffo)} 
   -------------------------------------------------------------------------------------------------------------------------------------------------------------------------------------------------------------------------------------------------------------------------
   RBB_16/CLK                                           RBB_6L       16  [TILE 0 0, RBB 13 14]       1063     r            7778                                                                                                                                           
   clk                                                  Clock net     5           (fanout=489)      -2321                     -                                                                                                                                           
   clk                                                  CLOCK-PORT    -                      -    capture     r            5457                                                                                                                                           
   -------------------------------------------------------------------------------------------------------------------------------------------------------------------------------------------------------------------------------------------------------------------------


Path 104:
   Slack (not met):                         -3578ps
     Path type:                               SETUP
     Group:                              <UDEF_clk>
     Launching clock:                           clk (rising edge)
     Capturing clock:                           clk (rising edge)

     Requested period:                       2000ps
   + Delay of the capturing clock:           2324ps
   - Clock uncertainty:                       150ps
   = Required time:                          4174ps
   - Propagation time:                       5404ps (46.7% logic, 53.3% route, logic stage 2)
   - Delay of the launching clock:           2348ps
   = Slack:                                 -3578ps

   Instance/Pin or Net Name   Type         ID     Location or Fanout   Delay(ps)  Edge  Arrival Time(ps)    Instance detail                                                                                                                 
   -------------------------------------------------------------------------------------------------------------------------------------------------------------------------------------------------------------------------------------------
   clk                        CLOCK-PORT    -                      -     launch     r               0                                                                                                                                       
   clk                        Clock net     5           (fanout=489)       2348                     -                                                                                                                                       
   RBB_13/CLK                 RBB_6L       13  [TILE 0 0, RBB 10 10]          -     r            2348                                                                                                                                       
   -------------------------------------------------------------------------------------------------------------------------------------------------------------------------------------------------------------------------------------------
   RBB_13/BQ                  RBB_6L       13  [TILE 0 0, RBB 10 10]        800     r            3148     {inst11: U_uart_rx.FSM_STATE_FDRE_Q_1 (FD,site=bff)}                                                                              
   U_uart_rx.FSM_STATE[1]     Net          40             (fanout=8)       1605                     -                                                                                                                                       
   RBB_15/C5                  RBB_6L       15   [TILE 0 0, RBB 7 14]          -     r            4753                                                                                                                                       
   RBB_15/CMUX                RBB_6L       15   [TILE 0 0, RBB 7 14]        862     r            5615     {inst109: rx_LUT5_I0_3_I2_LUT3_O (LUT,site=cluto)}                                                                                
   rx_LUT5_I0_3_I2[0]         Net         167            (fanout=13)       1273                     -                                                                                                                                       
   RBB_18/D4                  RBB_6L       18  [TILE 0 0, RBB 13 16]          -     r            6888     {inst104: rx_LUT5_I0_3_I2_CARRY4_O_O_LUT2_I1_O_LUT5_O (LUT,site=dlut)} {inst35: U_uart_rx.r_Clock_Count_FDRE_Q_16 (FDE,site=dff)} 
   -------------------------------------------------------------------------------------------------------------------------------------------------------------------------------------------------------------------------------------------
   RBB_18/CLK                 RBB_6L       18  [TILE 0 0, RBB 13 16]        864     r            7752                                                                                                                                       
   clk                        Clock net     5           (fanout=489)      -2324                     -                                                                                                                                       
   clk                        CLOCK-PORT    -                      -    capture     r            5428                                                                                                                                       
   -------------------------------------------------------------------------------------------------------------------------------------------------------------------------------------------------------------------------------------------


Path 94:
   Slack (not met):                         -3571ps
     Path type:                               SETUP
     Group:                              <UDEF_clk>
     Launching clock:                           clk (rising edge)
     Capturing clock:                           clk (rising edge)

     Requested period:                       2000ps
   + Delay of the capturing clock:           2347ps
   - Clock uncertainty:                       150ps
   = Required time:                          4197ps
   - Propagation time:                       5420ps (51.5% logic, 48.5% route, logic stage 2)
   - Delay of the launching clock:           2348ps
   = Slack:                                 -3571ps

   Instance/Pin or Net Name   Type         ID     Location or Fanout   Delay(ps)  Edge  Arrival Time(ps)    Instance detail                                                                                                                   
   ---------------------------------------------------------------------------------------------------------------------------------------------------------------------------------------------------------------------------------------------
   clk                        CLOCK-PORT    -                      -     launch     r               0                                                                                                                                         
   clk                        Clock net     5           (fanout=489)       2348                     -                                                                                                                                         
   RBB_13/CLK                 RBB_6L       13  [TILE 0 0, RBB 10 10]          -     r            2348                                                                                                                                         
   ---------------------------------------------------------------------------------------------------------------------------------------------------------------------------------------------------------------------------------------------
   RBB_13/BQ                  RBB_6L       13  [TILE 0 0, RBB 10 10]        800     r            3148     {inst11: U_uart_rx.FSM_STATE_FDRE_Q_1 (FD,site=bff)}                                                                                
   U_uart_rx.FSM_STATE[1]     Net          40             (fanout=8)       1605                     -                                                                                                                                         
   RBB_15/C5                  RBB_6L       15   [TILE 0 0, RBB 7 14]          -     r            4753                                                                                                                                         
   RBB_15/CMUX                RBB_6L       15   [TILE 0 0, RBB 7 14]        862     r            5615     {inst109: rx_LUT5_I0_3_I2_LUT3_O (LUT,site=cluto)}                                                                                  
   rx_LUT5_I0_3_I2[0]         Net         167            (fanout=13)       1026                     -                                                                                                                                         
   RBB_19/B5                  RBB_6L       19  [TILE 0 0, RBB 10 12]          -     r            6641     {inst96: rx_LUT5_I0_3_I2_CARRY4_O_O_LUT2_I1_O_LUT2_O_3 (LUT,site=bluto)} {inst38: U_uart_rx.r_Clock_Count_FDRE_Q_3 (FDE,site=bffo)} 
   ---------------------------------------------------------------------------------------------------------------------------------------------------------------------------------------------------------------------------------------------
   RBB_19/CLK                 RBB_6L       19  [TILE 0 0, RBB 10 12]       1127     r            7768                                                                                                                                         
   clk                        Clock net     5           (fanout=489)      -2347                     -                                                                                                                                         
   clk                        CLOCK-PORT    -                      -    capture     r            5421                                                                                                                                         
   ---------------------------------------------------------------------------------------------------------------------------------------------------------------------------------------------------------------------------------------------


Path 106:
   Slack (not met):                         -3560ps
     Path type:                               SETUP
     Group:                              <UDEF_clk>
     Launching clock:                           clk (rising edge)
     Capturing clock:                           clk (rising edge)

     Requested period:                       2000ps
   + Delay of the capturing clock:           2323ps
   - Clock uncertainty:                       150ps
   = Required time:                          4173ps
   - Propagation time:                       5385ps (47.5% logic, 52.5% route, logic stage 2)
   - Delay of the launching clock:           2348ps
   = Slack:                                 -3560ps

   Instance/Pin or Net Name   Type         ID     Location or Fanout   Delay(ps)  Edge  Arrival Time(ps)    Instance detail                                                                                                                
   ------------------------------------------------------------------------------------------------------------------------------------------------------------------------------------------------------------------------------------------
   clk                        CLOCK-PORT    -                      -     launch     r               0                                                                                                                                      
   clk                        Clock net     5           (fanout=489)       2348                     -                                                                                                                                      
   RBB_13/CLK                 RBB_6L       13  [TILE 0 0, RBB 10 10]          -     r            2348                                                                                                                                      
   ------------------------------------------------------------------------------------------------------------------------------------------------------------------------------------------------------------------------------------------
   RBB_13/BQ                  RBB_6L       13  [TILE 0 0, RBB 10 10]        800     r            3148     {inst11: U_uart_rx.FSM_STATE_FDRE_Q_1 (FD,site=bff)}                                                                             
   U_uart_rx.FSM_STATE[1]     Net          40             (fanout=8)       1605                     -                                                                                                                                      
   RBB_15/C5                  RBB_6L       15   [TILE 0 0, RBB 7 14]          -     r            4753                                                                                                                                      
   RBB_15/CMUX                RBB_6L       15   [TILE 0 0, RBB 7 14]        862     r            5615     {inst109: rx_LUT5_I0_3_I2_LUT3_O (LUT,site=cluto)}                                                                               
   rx_LUT5_I0_3_I2[0]         Net         167            (fanout=13)       1223                     -                                                                                                                                      
   RBB_17/C5                  RBB_6L       17  [TILE 0 0, RBB 13 10]          -     r            6838     {inst100: rx_LUT5_I0_3_I2_CARRY4_O_O_LUT2_I1_O_LUT4_O (LUT,site=clut)} {inst44: U_uart_rx.r_Clock_Count_FDRE_Q_9 (FDE,site=cff)} 
   ------------------------------------------------------------------------------------------------------------------------------------------------------------------------------------------------------------------------------------------
   RBB_17/CLK                 RBB_6L       17  [TILE 0 0, RBB 13 10]        895     r            7733                                                                                                                                      
   clk                        Clock net     5           (fanout=489)      -2323                     -                                                                                                                                      
   clk                        CLOCK-PORT    -                      -    capture     r            5410                                                                                                                                      
   ------------------------------------------------------------------------------------------------------------------------------------------------------------------------------------------------------------------------------------------


Path 110:
   Slack (not met):                         -3555ps
     Path type:                               SETUP
     Group:                              <UDEF_clk>
     Launching clock:                           clk (rising edge)
     Capturing clock:                           clk (rising edge)

     Requested period:                       2000ps
   + Delay of the capturing clock:           2323ps
   - Clock uncertainty:                       150ps
   = Required time:                          4173ps
   - Propagation time:                       5380ps (47.4% logic, 52.6% route, logic stage 2)
   - Delay of the launching clock:           2348ps
   = Slack:                                 -3555ps

   Instance/Pin or Net Name   Type         ID     Location or Fanout   Delay(ps)  Edge  Arrival Time(ps)    Instance detail                                                                                                                 
   -------------------------------------------------------------------------------------------------------------------------------------------------------------------------------------------------------------------------------------------
   clk                        CLOCK-PORT    -                      -     launch     r               0                                                                                                                                       
   clk                        Clock net     5           (fanout=489)       2348                     -                                                                                                                                       
   RBB_13/CLK                 RBB_6L       13  [TILE 0 0, RBB 10 10]          -     r            2348                                                                                                                                       
   -------------------------------------------------------------------------------------------------------------------------------------------------------------------------------------------------------------------------------------------
   RBB_13/BQ                  RBB_6L       13  [TILE 0 0, RBB 10 10]        800     r            3148     {inst11: U_uart_rx.FSM_STATE_FDRE_Q_1 (FD,site=bff)}                                                                              
   U_uart_rx.FSM_STATE[1]     Net          40             (fanout=8)       1605                     -                                                                                                                                       
   RBB_15/C5                  RBB_6L       15   [TILE 0 0, RBB 7 14]          -     r            4753                                                                                                                                       
   RBB_15/CMUX                RBB_6L       15   [TILE 0 0, RBB 7 14]        862     r            5615     {inst109: rx_LUT5_I0_3_I2_LUT3_O (LUT,site=cluto)}                                                                                
   rx_LUT5_I0_3_I2[0]         Net         167            (fanout=13)       1223                     -                                                                                                                                       
   RBB_17/A5                  RBB_6L       17  [TILE 0 0, RBB 13 10]          -     r            6838     {inst99: rx_LUT5_I0_3_I2_CARRY4_O_O_LUT2_I1_O_LUT2_O_6 (LUT,site=alut)} {inst42: U_uart_rx.r_Clock_Count_FDRE_Q_7 (FDE,site=aff)} 
   -------------------------------------------------------------------------------------------------------------------------------------------------------------------------------------------------------------------------------------------
   RBB_17/CLK                 RBB_6L       17  [TILE 0 0, RBB 13 10]        890     r            7728                                                                                                                                       
   clk                        Clock net     5           (fanout=489)      -2323                     -                                                                                                                                       
   clk                        CLOCK-PORT    -                      -    capture     r            5405                                                                                                                                       
   -------------------------------------------------------------------------------------------------------------------------------------------------------------------------------------------------------------------------------------------


Path 464:
   Slack (not met):                         -3513ps
     Path type:                               SETUP
     Group:                              <UDEF_clk>
     Launching clock:                           clk (rising edge)
     Capturing clock:                           clk (rising edge)

     Requested period:                       2000ps
   + Delay of the capturing clock:           2324ps
   - Clock uncertainty:                       150ps
   = Required time:                          4174ps
   - Propagation time:                       5363ps (51.6% logic, 48.4% route, logic stage 2)
   - Delay of the launching clock:           2324ps
   = Slack:                                 -3513ps

   Instance/Pin or Net Name                           Type         ID     Location or Fanout   Delay(ps)  Edge  Arrival Time(ps)    Instance detail                                                                                                                 
   -------------------------------------------------------------------------------------------------------------------------------------------------------------------------------------------------------------------------------------------------------------------
   clk                                                CLOCK-PORT    -                      -     launch     r               0                                                                                                                                       
   clk                                                Clock net     5           (fanout=489)       2324                     -                                                                                                                                       
   RBB_18/CLK                                         RBB_6L       18  [TILE 0 0, RBB 13 16]          -     r            2324                                                                                                                                       
   -------------------------------------------------------------------------------------------------------------------------------------------------------------------------------------------------------------------------------------------------------------------
   RBB_18/DQ                                          RBB_6L       18  [TILE 0 0, RBB 13 16]        800     r            3124     {inst35: U_uart_rx.r_Clock_Count_FDRE_Q_16 (FDE,site=dff)}                                                                        
   U_uart_rx.r_Clock_Count[1]                         Net          24             (fanout=4)       1700                     -                                                                                                                                       
   RBB_7/B1                                           RBB_6L        7  [TILE 0 0, RBB 13 12]          -     r            4824                                                                                                                                       
   RBB_7/BMUX                                         RBB_6L        7  [TILE 0 0, RBB 13 12]       1106     r            5930     {inst81: rx_LUT5_I0_3_I2_CARRY4_O_CI_CARRY4_CO_CI_CARRY4_CO (CARRY4)}                                                             
   rx_LUT5_I0_3_I2_CARRY4_O_O_LUT2_I1_O_LUT5_O_I1[1]  Net         118             (fanout=1)        898                     -                                                                                                                                       
   RBB_18/D1                                          RBB_6L       18  [TILE 0 0, RBB 13 16]          -     r            6828     {inst104: rx_LUT5_I0_3_I2_CARRY4_O_O_LUT2_I1_O_LUT5_O (LUT,site=dlut)} {inst35: U_uart_rx.r_Clock_Count_FDRE_Q_16 (FDE,site=dff)} 
   -------------------------------------------------------------------------------------------------------------------------------------------------------------------------------------------------------------------------------------------------------------------
   RBB_18/CLK                                         RBB_6L       18  [TILE 0 0, RBB 13 16]        859     r            7687                                                                                                                                       
   clk                                                Clock net     5           (fanout=489)      -2324                     -                                                                                                                                       
   clk                                                CLOCK-PORT    -                      -    capture     r            5363                                                                                                                                       
   -------------------------------------------------------------------------------------------------------------------------------------------------------------------------------------------------------------------------------------------------------------------


Path 112:
   Slack (not met):                         -3507ps
     Path type:                               SETUP
     Group:                              <UDEF_clk>
     Launching clock:                           clk (rising edge)
     Capturing clock:                           clk (rising edge)

     Requested period:                       2000ps
   + Delay of the capturing clock:           2323ps
   - Clock uncertainty:                       150ps
   = Required time:                          4173ps
   - Propagation time:                       5332ps (47.0% logic, 53.0% route, logic stage 2)
   - Delay of the launching clock:           2348ps
   = Slack:                                 -3507ps

   Instance/Pin or Net Name   Type         ID     Location or Fanout   Delay(ps)  Edge  Arrival Time(ps)    Instance detail                                                                                                                   
   ---------------------------------------------------------------------------------------------------------------------------------------------------------------------------------------------------------------------------------------------
   clk                        CLOCK-PORT    -                      -     launch     r               0                                                                                                                                         
   clk                        Clock net     5           (fanout=489)       2348                     -                                                                                                                                         
   RBB_13/CLK                 RBB_6L       13  [TILE 0 0, RBB 10 10]          -     r            2348                                                                                                                                         
   ---------------------------------------------------------------------------------------------------------------------------------------------------------------------------------------------------------------------------------------------
   RBB_13/BQ                  RBB_6L       13  [TILE 0 0, RBB 10 10]        800     r            3148     {inst11: U_uart_rx.FSM_STATE_FDRE_Q_1 (FD,site=bff)}                                                                                
   U_uart_rx.FSM_STATE[1]     Net          40             (fanout=8)       1605                     -                                                                                                                                         
   RBB_15/C5                  RBB_6L       15   [TILE 0 0, RBB 7 14]          -     r            4753                                                                                                                                         
   RBB_15/CMUX                RBB_6L       15   [TILE 0 0, RBB 7 14]        862     r            5615     {inst109: rx_LUT5_I0_3_I2_LUT3_O (LUT,site=cluto)}                                                                                  
   rx_LUT5_I0_3_I2[0]         Net         167            (fanout=13)       1223                     -                                                                                                                                         
   RBB_17/B5                  RBB_6L       17  [TILE 0 0, RBB 13 10]          -     r            6838     {inst106: rx_LUT5_I0_3_I2_CARRY4_O_O_LUT2_I1_O_LUT5_O_2 (LUT,site=blut)} {inst29: U_uart_rx.r_Clock_Count_FDRE_Q_10 (FDE,site=bff)} 
   ---------------------------------------------------------------------------------------------------------------------------------------------------------------------------------------------------------------------------------------------
   RBB_17/CLK                 RBB_6L       17  [TILE 0 0, RBB 13 10]        842     r            7680                                                                                                                                         
   clk                        Clock net     5           (fanout=489)      -2323                     -                                                                                                                                         
   clk                        CLOCK-PORT    -                      -    capture     r            5357                                                                                                                                         
   ---------------------------------------------------------------------------------------------------------------------------------------------------------------------------------------------------------------------------------------------


Path 107:
   Slack (not met):                         -3476ps
     Path type:                               SETUP
     Group:                              <UDEF_clk>
     Launching clock:                           clk (rising edge)
     Capturing clock:                           clk (rising edge)

     Requested period:                       2000ps
   + Delay of the capturing clock:           2324ps
   - Clock uncertainty:                       150ps
   = Required time:                          4174ps
   - Propagation time:                       5302ps (45.7% logic, 54.3% route, logic stage 2)
   - Delay of the launching clock:           2348ps
   = Slack:                                 -3476ps

   Instance/Pin or Net Name   Type         ID     Location or Fanout   Delay(ps)  Edge  Arrival Time(ps)    Instance detail                                                                                                                   
   ---------------------------------------------------------------------------------------------------------------------------------------------------------------------------------------------------------------------------------------------
   clk                        CLOCK-PORT    -                      -     launch     r               0                                                                                                                                         
   clk                        Clock net     5           (fanout=489)       2348                     -                                                                                                                                         
   RBB_13/CLK                 RBB_6L       13  [TILE 0 0, RBB 10 10]          -     r            2348                                                                                                                                         
   ---------------------------------------------------------------------------------------------------------------------------------------------------------------------------------------------------------------------------------------------
   RBB_13/BQ                  RBB_6L       13  [TILE 0 0, RBB 10 10]        800     r            3148     {inst11: U_uart_rx.FSM_STATE_FDRE_Q_1 (FD,site=bff)}                                                                                
   U_uart_rx.FSM_STATE[1]     Net          40             (fanout=8)       1605                     -                                                                                                                                         
   RBB_15/C5                  RBB_6L       15   [TILE 0 0, RBB 7 14]          -     r            4753                                                                                                                                         
   RBB_15/CMUX                RBB_6L       15   [TILE 0 0, RBB 7 14]        862     r            5615     {inst109: rx_LUT5_I0_3_I2_LUT3_O (LUT,site=cluto)}                                                                                  
   rx_LUT5_I0_3_I2[0]         Net         167            (fanout=13)       1276                     -                                                                                                                                         
   RBB_18/C4                  RBB_6L       18  [TILE 0 0, RBB 13 16]          -     r            6891     {inst103: rx_LUT5_I0_3_I2_CARRY4_O_O_LUT2_I1_O_LUT4_O_3 (LUT,site=clut)} {inst36: U_uart_rx.r_Clock_Count_FDRE_Q_17 (FDE,site=cff)} 
   ---------------------------------------------------------------------------------------------------------------------------------------------------------------------------------------------------------------------------------------------
   RBB_18/CLK                 RBB_6L       18  [TILE 0 0, RBB 13 16]        759     r            7650                                                                                                                                         
   clk                        Clock net     5           (fanout=489)      -2324                     -                                                                                                                                         
   clk                        CLOCK-PORT    -                      -    capture     r            5326                                                                                                                                         
   ---------------------------------------------------------------------------------------------------------------------------------------------------------------------------------------------------------------------------------------------


Path 189:
   Slack (not met):                         -3446ps
     Path type:                               SETUP
     Group:                              <UDEF_clk>
     Launching clock:                           clk (rising edge)
     Capturing clock:                           clk (rising edge)

     Requested period:                       2000ps
   + Delay of the capturing clock:           2321ps
   - Clock uncertainty:                       150ps
   = Required time:                          4171ps
   - Propagation time:                       5293ps (55.2% logic, 44.8% route, logic stage 2)
   - Delay of the launching clock:           2324ps
   = Slack:                                 -3446ps

   Instance/Pin or Net Name                             Type         ID     Location or Fanout   Delay(ps)  Edge  Arrival Time(ps)    Instance detail                                                                                                                   
   -----------------------------------------------------------------------------------------------------------------------------------------------------------------------------------------------------------------------------------------------------------------------
   clk                                                  CLOCK-PORT    -                      -     launch     r               0                                                                                                                                         
   clk                                                  Clock net     5           (fanout=489)       2324                     -                                                                                                                                         
   RBB_18/CLK                                           RBB_6L       18  [TILE 0 0, RBB 13 16]          -     r            2324                                                                                                                                         
   -----------------------------------------------------------------------------------------------------------------------------------------------------------------------------------------------------------------------------------------------------------------------
   RBB_18/DQ                                            RBB_6L       18  [TILE 0 0, RBB 13 16]        800     r            3124     {inst35: U_uart_rx.r_Clock_Count_FDRE_Q_16 (FDE,site=dff)}                                                                          
   U_uart_rx.r_Clock_Count[1]                           Net          24             (fanout=4)       1700                     -                                                                                                                                         
   RBB_7/B1                                             RBB_6L        7  [TILE 0 0, RBB 13 12]          -     r            4824                                                                                                                                         
   RBB_7/DMUX                                           RBB_6L        7  [TILE 0 0, RBB 13 12]       1300     r            6124     {inst81: rx_LUT5_I0_3_I2_CARRY4_O_CI_CARRY4_CO_CI_CARRY4_CO (CARRY4)}                                                               
   rx_LUT5_I0_3_I2_CARRY4_O_O_LUT2_I1_O_LUT5_O_4_I1[1]  Net         153             (fanout=1)        669                     -                                                                                                                                         
   RBB_16/A1                                            RBB_6L       16  [TILE 0 0, RBB 13 14]          -     r            6793     {inst108: rx_LUT5_I0_3_I2_CARRY4_O_O_LUT2_I1_O_LUT5_O_4 (LUT,site=alut)} {inst33: U_uart_rx.r_Clock_Count_FDRE_Q_14 (FDE,site=aff)} 
   -----------------------------------------------------------------------------------------------------------------------------------------------------------------------------------------------------------------------------------------------------------------------
   RBB_16/CLK                                           RBB_6L       16  [TILE 0 0, RBB 13 14]        824     r            7617                                                                                                                                         
   clk                                                  Clock net     5           (fanout=489)      -2321                     -                                                                                                                                         
   clk                                                  CLOCK-PORT    -                      -    capture     r            5296                                                                                                                                         
   -----------------------------------------------------------------------------------------------------------------------------------------------------------------------------------------------------------------------------------------------------------------------


Path 105:
   Slack (not met):                         -3368ps
     Path type:                               SETUP
     Group:                              <UDEF_clk>
     Launching clock:                           clk (rising edge)
     Capturing clock:                           clk (rising edge)

     Requested period:                       2000ps
   + Delay of the capturing clock:           2347ps
   - Clock uncertainty:                       150ps
   = Required time:                          4197ps
   - Propagation time:                       5217ps (49.6% logic, 50.4% route, logic stage 2)
   - Delay of the launching clock:           2348ps
   = Slack:                                 -3368ps

   Instance/Pin or Net Name   Type         ID     Location or Fanout   Delay(ps)  Edge  Arrival Time(ps)    Instance detail                                                                                                             
   ---------------------------------------------------------------------------------------------------------------------------------------------------------------------------------------------------------------------------------------
   clk                        CLOCK-PORT    -                      -     launch     r               0                                                                                                                                   
   clk                        Clock net     5           (fanout=489)       2348                     -                                                                                                                                   
   RBB_13/CLK                 RBB_6L       13  [TILE 0 0, RBB 10 10]          -     r            2348                                                                                                                                   
   ---------------------------------------------------------------------------------------------------------------------------------------------------------------------------------------------------------------------------------------
   RBB_13/BQ                  RBB_6L       13  [TILE 0 0, RBB 10 10]        800     r            3148     {inst11: U_uart_rx.FSM_STATE_FDRE_Q_1 (FD,site=bff)}                                                                          
   U_uart_rx.FSM_STATE[1]     Net          40             (fanout=8)       1605                     -                                                                                                                                   
   RBB_15/C5                  RBB_6L       15   [TILE 0 0, RBB 7 14]          -     r            4753                                                                                                                                   
   RBB_15/CMUX                RBB_6L       15   [TILE 0 0, RBB 7 14]        862     r            5615     {inst109: rx_LUT5_I0_3_I2_LUT3_O (LUT,site=cluto)}                                                                            
   rx_LUT5_I0_3_I2[0]         Net         167            (fanout=13)       1026                     -                                                                                                                                   
   RBB_19/C5                  RBB_6L       19  [TILE 0 0, RBB 10 12]          -     r            6641     {inst93: rx_LUT5_I0_3_I2_CARRY4_O_O_LUT2_I1_O_LUT2_O (LUT,site=clut)} {inst27: U_uart_rx.r_Clock_Count_FDRE_Q (FDE,site=cff)} 
   ---------------------------------------------------------------------------------------------------------------------------------------------------------------------------------------------------------------------------------------
   RBB_19/CLK                 RBB_6L       19  [TILE 0 0, RBB 10 12]        924     r            7565                                                                                                                                   
   clk                        Clock net     5           (fanout=489)      -2347                     -                                                                                                                                   
   clk                        CLOCK-PORT    -                      -    capture     r            5218                                                                                                                                   
   ---------------------------------------------------------------------------------------------------------------------------------------------------------------------------------------------------------------------------------------


Path 109:
   Slack (not met):                         -3310ps
     Path type:                               SETUP
     Group:                              <UDEF_clk>
     Launching clock:                           clk (rising edge)
     Capturing clock:                           clk (rising edge)

     Requested period:                       2000ps
   + Delay of the capturing clock:           2347ps
   - Clock uncertainty:                       150ps
   = Required time:                          4197ps
   - Propagation time:                       5159ps (49.0% logic, 51.0% route, logic stage 2)
   - Delay of the launching clock:           2348ps
   = Slack:                                 -3310ps

   Instance/Pin or Net Name   Type         ID     Location or Fanout   Delay(ps)  Edge  Arrival Time(ps)    Instance detail                                                                                                                 
   -------------------------------------------------------------------------------------------------------------------------------------------------------------------------------------------------------------------------------------------
   clk                        CLOCK-PORT    -                      -     launch     r               0                                                                                                                                       
   clk                        Clock net     5           (fanout=489)       2348                     -                                                                                                                                       
   RBB_13/CLK                 RBB_6L       13  [TILE 0 0, RBB 10 10]          -     r            2348                                                                                                                                       
   -------------------------------------------------------------------------------------------------------------------------------------------------------------------------------------------------------------------------------------------
   RBB_13/BQ                  RBB_6L       13  [TILE 0 0, RBB 10 10]        800     r            3148     {inst11: U_uart_rx.FSM_STATE_FDRE_Q_1 (FD,site=bff)}                                                                              
   U_uart_rx.FSM_STATE[1]     Net          40             (fanout=8)       1605                     -                                                                                                                                       
   RBB_15/C5                  RBB_6L       15   [TILE 0 0, RBB 7 14]          -     r            4753                                                                                                                                       
   RBB_15/CMUX                RBB_6L       15   [TILE 0 0, RBB 7 14]        862     r            5615     {inst109: rx_LUT5_I0_3_I2_LUT3_O (LUT,site=cluto)}                                                                                
   rx_LUT5_I0_3_I2[0]         Net         167            (fanout=13)       1026                     -                                                                                                                                       
   RBB_19/A5                  RBB_6L       19  [TILE 0 0, RBB 10 12]          -     r            6641     {inst97: rx_LUT5_I0_3_I2_CARRY4_O_O_LUT2_I1_O_LUT2_O_4 (LUT,site=alut)} {inst39: U_uart_rx.r_Clock_Count_FDRE_Q_4 (FDE,site=aff)} 
   -------------------------------------------------------------------------------------------------------------------------------------------------------------------------------------------------------------------------------------------
   RBB_19/CLK                 RBB_6L       19  [TILE 0 0, RBB 10 12]        866     r            7507                                                                                                                                       
   clk                        Clock net     5           (fanout=489)      -2347                     -                                                                                                                                       
   clk                        CLOCK-PORT    -                      -    capture     r            5160                                                                                                                                       
   -------------------------------------------------------------------------------------------------------------------------------------------------------------------------------------------------------------------------------------------


Path 111:
   Slack (not met):                         -3301ps
     Path type:                               SETUP
     Group:                              <UDEF_clk>
     Launching clock:                           clk (rising edge)
     Capturing clock:                           clk (rising edge)

     Requested period:                       2000ps
   + Delay of the capturing clock:           2347ps
   - Clock uncertainty:                       150ps
   = Required time:                          4197ps
   - Propagation time:                       5150ps (48.9% logic, 51.1% route, logic stage 2)
   - Delay of the launching clock:           2348ps
   = Slack:                                 -3301ps

   Instance/Pin or Net Name   Type         ID     Location or Fanout   Delay(ps)  Edge  Arrival Time(ps)    Instance detail                                                                                                                 
   -------------------------------------------------------------------------------------------------------------------------------------------------------------------------------------------------------------------------------------------
   clk                        CLOCK-PORT    -                      -     launch     r               0                                                                                                                                       
   clk                        Clock net     5           (fanout=489)       2348                     -                                                                                                                                       
   RBB_13/CLK                 RBB_6L       13  [TILE 0 0, RBB 10 10]          -     r            2348                                                                                                                                       
   -------------------------------------------------------------------------------------------------------------------------------------------------------------------------------------------------------------------------------------------
   RBB_13/BQ                  RBB_6L       13  [TILE 0 0, RBB 10 10]        800     r            3148     {inst11: U_uart_rx.FSM_STATE_FDRE_Q_1 (FD,site=bff)}                                                                              
   U_uart_rx.FSM_STATE[1]     Net          40             (fanout=8)       1605                     -                                                                                                                                       
   RBB_15/C5                  RBB_6L       15   [TILE 0 0, RBB 7 14]          -     r            4753                                                                                                                                       
   RBB_15/CMUX                RBB_6L       15   [TILE 0 0, RBB 7 14]        862     r            5615     {inst109: rx_LUT5_I0_3_I2_LUT3_O (LUT,site=cluto)}                                                                                
   rx_LUT5_I0_3_I2[0]         Net         167            (fanout=13)       1026                     -                                                                                                                                       
   RBB_19/B5                  RBB_6L       19  [TILE 0 0, RBB 10 12]          -     r            6641     {inst95: rx_LUT5_I0_3_I2_CARRY4_O_O_LUT2_I1_O_LUT2_O_2 (LUT,site=blut)} {inst37: U_uart_rx.r_Clock_Count_FDRE_Q_2 (FDE,site=bff)} 
   -------------------------------------------------------------------------------------------------------------------------------------------------------------------------------------------------------------------------------------------
   RBB_19/CLK                 RBB_6L       19  [TILE 0 0, RBB 10 12]        857     r            7498                                                                                                                                       
   clk                        Clock net     5           (fanout=489)      -2347                     -                                                                                                                                       
   clk                        CLOCK-PORT    -                      -    capture     r            5151                                                                                                                                       
   -------------------------------------------------------------------------------------------------------------------------------------------------------------------------------------------------------------------------------------------


Path 103:
   Slack (not met):                         -3293ps
     Path type:                               SETUP
     Group:                              <UDEF_clk>
     Launching clock:                           clk (rising edge)
     Capturing clock:                           clk (rising edge)

     Requested period:                       2000ps
   + Delay of the capturing clock:           2347ps
   - Clock uncertainty:                       150ps
   = Required time:                          4197ps
   - Propagation time:                       5142ps (48.8% logic, 51.2% route, logic stage 2)
   - Delay of the launching clock:           2348ps
   = Slack:                                 -3293ps

   Instance/Pin or Net Name   Type         ID     Location or Fanout   Delay(ps)  Edge  Arrival Time(ps)    Instance detail                                                                                                                   
   ---------------------------------------------------------------------------------------------------------------------------------------------------------------------------------------------------------------------------------------------
   clk                        CLOCK-PORT    -                      -     launch     r               0                                                                                                                                         
   clk                        Clock net     5           (fanout=489)       2348                     -                                                                                                                                         
   RBB_13/CLK                 RBB_6L       13  [TILE 0 0, RBB 10 10]          -     r            2348                                                                                                                                         
   ---------------------------------------------------------------------------------------------------------------------------------------------------------------------------------------------------------------------------------------------
   RBB_13/BQ                  RBB_6L       13  [TILE 0 0, RBB 10 10]        800     r            3148     {inst11: U_uart_rx.FSM_STATE_FDRE_Q_1 (FD,site=bff)}                                                                                
   U_uart_rx.FSM_STATE[1]     Net          40             (fanout=8)       1605                     -                                                                                                                                         
   RBB_15/C5                  RBB_6L       15   [TILE 0 0, RBB 7 14]          -     r            4753                                                                                                                                         
   RBB_15/CMUX                RBB_6L       15   [TILE 0 0, RBB 7 14]        862     r            5615     {inst109: rx_LUT5_I0_3_I2_LUT3_O (LUT,site=cluto)}                                                                                  
   rx_LUT5_I0_3_I2[0]         Net         167            (fanout=13)       1026                     -                                                                                                                                         
   RBB_19/D5                  RBB_6L       19  [TILE 0 0, RBB 10 12]          -     r            6641     {inst107: rx_LUT5_I0_3_I2_CARRY4_O_O_LUT2_I1_O_LUT5_O_3 (LUT,site=dlut)} {inst30: U_uart_rx.r_Clock_Count_FDRE_Q_11 (FDE,site=dff)} 
   ---------------------------------------------------------------------------------------------------------------------------------------------------------------------------------------------------------------------------------------------
   RBB_19/CLK                 RBB_6L       19  [TILE 0 0, RBB 10 12]        849     r            7490                                                                                                                                         
   clk                        Clock net     5           (fanout=489)      -2347                     -                                                                                                                                         
   clk                        CLOCK-PORT    -                      -    capture     r            5143                                                                                                                                         
   ---------------------------------------------------------------------------------------------------------------------------------------------------------------------------------------------------------------------------------------------


Path 102:
   Slack (not met):                         -3276ps
     Path type:                               SETUP
     Group:                              <UDEF_clk>
     Launching clock:                           clk (rising edge)
     Capturing clock:                           clk (rising edge)

     Requested period:                       2000ps
   + Delay of the capturing clock:           2321ps
   - Clock uncertainty:                       150ps
   = Required time:                          4171ps
   - Propagation time:                       5099ps (51.0% logic, 49.0% route, logic stage 2)
   - Delay of the launching clock:           2348ps
   = Slack:                                 -3276ps

   Instance/Pin or Net Name   Type         ID     Location or Fanout   Delay(ps)  Edge  Arrival Time(ps)    Instance detail                                                                                                                   
   ---------------------------------------------------------------------------------------------------------------------------------------------------------------------------------------------------------------------------------------------
   clk                        CLOCK-PORT    -                      -     launch     r               0                                                                                                                                         
   clk                        Clock net     5           (fanout=489)       2348                     -                                                                                                                                         
   RBB_13/CLK                 RBB_6L       13  [TILE 0 0, RBB 10 10]          -     r            2348                                                                                                                                         
   ---------------------------------------------------------------------------------------------------------------------------------------------------------------------------------------------------------------------------------------------
   RBB_13/BQ                  RBB_6L       13  [TILE 0 0, RBB 10 10]        800     r            3148     {inst11: U_uart_rx.FSM_STATE_FDRE_Q_1 (FD,site=bff)}                                                                                
   U_uart_rx.FSM_STATE[1]     Net          40             (fanout=8)       1605                     -                                                                                                                                         
   RBB_15/C5                  RBB_6L       15   [TILE 0 0, RBB 7 14]          -     r            4753                                                                                                                                         
   RBB_15/CMUX                RBB_6L       15   [TILE 0 0, RBB 7 14]        862     r            5615     {inst109: rx_LUT5_I0_3_I2_LUT3_O (LUT,site=cluto)}                                                                                  
   rx_LUT5_I0_3_I2[0]         Net         167            (fanout=13)        892                     -                                                                                                                                         
   RBB_16/A4                  RBB_6L       16  [TILE 0 0, RBB 13 14]          -     r            6507     {inst108: rx_LUT5_I0_3_I2_CARRY4_O_O_LUT2_I1_O_LUT5_O_4 (LUT,site=alut)} {inst33: U_uart_rx.r_Clock_Count_FDRE_Q_14 (FDE,site=aff)} 
   ---------------------------------------------------------------------------------------------------------------------------------------------------------------------------------------------------------------------------------------------
   RBB_16/CLK                 RBB_6L       16  [TILE 0 0, RBB 13 14]        940     r            7447                                                                                                                                         
   clk                        Clock net     5           (fanout=489)      -2321                     -                                                                                                                                         
   clk                        CLOCK-PORT    -                      -    capture     r            5126                                                                                                                                         
   ---------------------------------------------------------------------------------------------------------------------------------------------------------------------------------------------------------------------------------------------


Path 98:
   Slack (not met):                         -3235ps
     Path type:                               SETUP
     Group:                              <UDEF_clk>
     Launching clock:                           clk (rising edge)
     Capturing clock:                           clk (rising edge)

     Requested period:                       2000ps
   + Delay of the capturing clock:           2321ps
   - Clock uncertainty:                       150ps
   = Required time:                          4171ps
   - Propagation time:                       5058ps (50.5% logic, 49.5% route, logic stage 2)
   - Delay of the launching clock:           2348ps
   = Slack:                                 -3235ps

   Instance/Pin or Net Name   Type         ID     Location or Fanout   Delay(ps)  Edge  Arrival Time(ps)    Instance detail                                                                                                                     
   -----------------------------------------------------------------------------------------------------------------------------------------------------------------------------------------------------------------------------------------------
   clk                        CLOCK-PORT    -                      -     launch     r               0                                                                                                                                           
   clk                        Clock net     5           (fanout=489)       2348                     -                                                                                                                                           
   RBB_13/CLK                 RBB_6L       13  [TILE 0 0, RBB 10 10]          -     r            2348                                                                                                                                           
   -----------------------------------------------------------------------------------------------------------------------------------------------------------------------------------------------------------------------------------------------
   RBB_13/BQ                  RBB_6L       13  [TILE 0 0, RBB 10 10]        800     r            3148     {inst11: U_uart_rx.FSM_STATE_FDRE_Q_1 (FD,site=bff)}                                                                                  
   U_uart_rx.FSM_STATE[1]     Net          40             (fanout=8)       1605                     -                                                                                                                                           
   RBB_15/C5                  RBB_6L       15   [TILE 0 0, RBB 7 14]          -     r            4753                                                                                                                                           
   RBB_15/CMUX                RBB_6L       15   [TILE 0 0, RBB 7 14]        862     r            5615     {inst109: rx_LUT5_I0_3_I2_LUT3_O (LUT,site=cluto)}                                                                                    
   rx_LUT5_I0_3_I2[0]         Net         167            (fanout=13)        899                     -                                                                                                                                           
   RBB_16/C4                  RBB_6L       16  [TILE 0 0, RBB 13 14]          -     r            6514     {inst102: rx_LUT5_I0_3_I2_CARRY4_O_O_LUT2_I1_O_LUT4_O_2 (LUT,site=cluto)} {inst34: U_uart_rx.r_Clock_Count_FDRE_Q_15 (FDE,site=cffo)} 
   -----------------------------------------------------------------------------------------------------------------------------------------------------------------------------------------------------------------------------------------------
   RBB_16/CLK                 RBB_6L       16  [TILE 0 0, RBB 13 14]        892     r            7406                                                                                                                                           
   clk                        Clock net     5           (fanout=489)      -2321                     -                                                                                                                                           
   clk                        CLOCK-PORT    -                      -    capture     r            5085                                                                                                                                           
   -----------------------------------------------------------------------------------------------------------------------------------------------------------------------------------------------------------------------------------------------


Path 113:
   Slack (not met):                         -3125ps
     Path type:                               SETUP
     Group:                              <UDEF_clk>
     Launching clock:                           clk (rising edge)
     Capturing clock:                           clk (rising edge)

     Requested period:                       2000ps
   + Delay of the capturing clock:           2321ps
   - Clock uncertainty:                       150ps
   = Required time:                          4171ps
   - Propagation time:                       4948ps (49.7% logic, 50.3% route, logic stage 2)
   - Delay of the launching clock:           2348ps
   = Slack:                                 -3125ps

   Instance/Pin or Net Name   Type         ID     Location or Fanout   Delay(ps)  Edge  Arrival Time(ps)    Instance detail                                                                                                                   
   ---------------------------------------------------------------------------------------------------------------------------------------------------------------------------------------------------------------------------------------------
   clk                        CLOCK-PORT    -                      -     launch     r               0                                                                                                                                         
   clk                        Clock net     5           (fanout=489)       2348                     -                                                                                                                                         
   RBB_13/CLK                 RBB_6L       13  [TILE 0 0, RBB 10 10]          -     r            2348                                                                                                                                         
   ---------------------------------------------------------------------------------------------------------------------------------------------------------------------------------------------------------------------------------------------
   RBB_13/BQ                  RBB_6L       13  [TILE 0 0, RBB 10 10]        800     r            3148     {inst11: U_uart_rx.FSM_STATE_FDRE_Q_1 (FD,site=bff)}                                                                                
   U_uart_rx.FSM_STATE[1]     Net          40             (fanout=8)       1605                     -                                                                                                                                         
   RBB_15/C5                  RBB_6L       15   [TILE 0 0, RBB 7 14]          -     r            4753                                                                                                                                         
   RBB_15/CMUX                RBB_6L       15   [TILE 0 0, RBB 7 14]        862     r            5615     {inst109: rx_LUT5_I0_3_I2_LUT3_O (LUT,site=cluto)}                                                                                  
   rx_LUT5_I0_3_I2[0]         Net         167            (fanout=13)        886                     -                                                                                                                                         
   RBB_16/B4                  RBB_6L       16  [TILE 0 0, RBB 13 14]          -     r            6501     {inst105: rx_LUT5_I0_3_I2_CARRY4_O_O_LUT2_I1_O_LUT5_O_1 (LUT,site=blut)} {inst32: U_uart_rx.r_Clock_Count_FDRE_Q_13 (FDE,site=bff)} 
   ---------------------------------------------------------------------------------------------------------------------------------------------------------------------------------------------------------------------------------------------
   RBB_16/CLK                 RBB_6L       16  [TILE 0 0, RBB 13 14]        795     r            7296                                                                                                                                         
   clk                        Clock net     5           (fanout=489)      -2321                     -                                                                                                                                         
   clk                        CLOCK-PORT    -                      -    capture     r            4975                                                                                                                                         
   ---------------------------------------------------------------------------------------------------------------------------------------------------------------------------------------------------------------------------------------------


Path 108:
   Slack (not met):                         -3102ps
     Path type:                               SETUP
     Group:                              <UDEF_clk>
     Launching clock:                           clk (rising edge)
     Capturing clock:                           clk (rising edge)

     Requested period:                       2000ps
   + Delay of the capturing clock:           2321ps
   - Clock uncertainty:                       150ps
   = Required time:                          4171ps
   - Propagation time:                       4925ps (49.2% logic, 50.8% route, logic stage 2)
   - Delay of the launching clock:           2348ps
   = Slack:                                 -3102ps

   Instance/Pin or Net Name   Type         ID     Location or Fanout   Delay(ps)  Edge  Arrival Time(ps)    Instance detail                                                                                                                   
   ---------------------------------------------------------------------------------------------------------------------------------------------------------------------------------------------------------------------------------------------
   clk                        CLOCK-PORT    -                      -     launch     r               0                                                                                                                                         
   clk                        Clock net     5           (fanout=489)       2348                     -                                                                                                                                         
   RBB_13/CLK                 RBB_6L       13  [TILE 0 0, RBB 10 10]          -     r            2348                                                                                                                                         
   ---------------------------------------------------------------------------------------------------------------------------------------------------------------------------------------------------------------------------------------------
   RBB_13/BQ                  RBB_6L       13  [TILE 0 0, RBB 10 10]        800     r            3148     {inst11: U_uart_rx.FSM_STATE_FDRE_Q_1 (FD,site=bff)}                                                                                
   U_uart_rx.FSM_STATE[1]     Net          40             (fanout=8)       1605                     -                                                                                                                                         
   RBB_15/C5                  RBB_6L       15   [TILE 0 0, RBB 7 14]          -     r            4753                                                                                                                                         
   RBB_15/CMUX                RBB_6L       15   [TILE 0 0, RBB 7 14]        862     r            5615     {inst109: rx_LUT5_I0_3_I2_LUT3_O (LUT,site=cluto)}                                                                                  
   rx_LUT5_I0_3_I2[0]         Net         167            (fanout=13)        899                     -                                                                                                                                         
   RBB_16/C4                  RBB_6L       16  [TILE 0 0, RBB 13 14]          -     r            6514     {inst101: rx_LUT5_I0_3_I2_CARRY4_O_O_LUT2_I1_O_LUT4_O_1 (LUT,site=clut)} {inst31: U_uart_rx.r_Clock_Count_FDRE_Q_12 (FDE,site=cff)} 
   ---------------------------------------------------------------------------------------------------------------------------------------------------------------------------------------------------------------------------------------------
   RBB_16/CLK                 RBB_6L       16  [TILE 0 0, RBB 13 14]        759     r            7273                                                                                                                                         
   clk                        Clock net     5           (fanout=489)      -2321                     -                                                                                                                                         
   clk                        CLOCK-PORT    -                      -    capture     r            4952                                                                                                                                         
   ---------------------------------------------------------------------------------------------------------------------------------------------------------------------------------------------------------------------------------------------


Path 128:
   Slack (not met):                         -2562ps
     Path type:                               SETUP
     Group:                              <UDEF_clk>
     Launching clock:                           clk (rising edge)
     Capturing clock:                           clk (rising edge)

     Requested period:                       2000ps
   + Delay of the capturing clock:           2272ps
   - Clock uncertainty:                       150ps
   = Required time:                          4122ps
   - Propagation time:                       4367ps (36.3% logic, 63.7% route, logic stage 1)
   - Delay of the launching clock:           2317ps
   = Slack:                                 -2562ps

   Instance/Pin or Net Name   Type         ID     Location or Fanout   Delay(ps)  Edge  Arrival Time(ps)    Instance detail                                                                             
   -------------------------------------------------------------------------------------------------------------------------------------------------------------------------------------------------------
   clk                        CLOCK-PORT    -                      -     launch     r               0                                                                                                   
   clk                        Clock net     5           (fanout=489)       2317                     -                                                                                                   
   RBB_5/CLK                  RBB_6L        5   [TILE 0 0, RBB 7 10]          -     r            2317                                                                                                   
   -------------------------------------------------------------------------------------------------------------------------------------------------------------------------------------------------------
   RBB_5/AQ                   RBB_6L        5   [TILE 0 0, RBB 7 10]        800     r            3117     {inst24: U_uart_rx.r_Bit_Index_FDRE_Q_2 (FDRE,site=aff)}                                      
   U_uart_rx.r_Bit_Index[0]   Net          37             (fanout=7)       2781                     -                                                                                                   
   RBB_11/D5                  RBB_6L       11  [TILE 0 0, RBB 25 12]          -     r            5898     {inst76: rx_LUT5_I0_1 (LUT,site=dluto)} {inst46: U_uart_rx.r_RX_Byte_FDRE_Q_1 (FDE,site=dff)} 
   -------------------------------------------------------------------------------------------------------------------------------------------------------------------------------------------------------
   RBB_11/CLK                 RBB_6L       11  [TILE 0 0, RBB 25 12]        786     r            6684                                                                                                   
   clk                        Clock net     5           (fanout=489)      -2272                     -                                                                                                   
   clk                        CLOCK-PORT    -                      -    capture     r            4412                                                                                                   
   -------------------------------------------------------------------------------------------------------------------------------------------------------------------------------------------------------


Path 133:
   Slack (not met):                         -2526ps
     Path type:                               SETUP
     Group:                              <UDEF_clk>
     Launching clock:                           clk (rising edge)
     Capturing clock:                           clk (rising edge)

     Requested period:                       2000ps
   + Delay of the capturing clock:           2272ps
   - Clock uncertainty:                       150ps
   = Required time:                          4122ps
   - Propagation time:                       4331ps (36.1% logic, 63.9% route, logic stage 1)
   - Delay of the launching clock:           2317ps
   = Slack:                                 -2526ps

   Instance/Pin or Net Name   Type         ID     Location or Fanout   Delay(ps)  Edge  Arrival Time(ps)    Instance detail                                                                             
   -------------------------------------------------------------------------------------------------------------------------------------------------------------------------------------------------------
   clk                        CLOCK-PORT    -                      -     launch     r               0                                                                                                   
   clk                        Clock net     5           (fanout=489)       2317                     -                                                                                                   
   RBB_5/CLK                  RBB_6L        5   [TILE 0 0, RBB 7 10]          -     r            2317                                                                                                   
   -------------------------------------------------------------------------------------------------------------------------------------------------------------------------------------------------------
   RBB_5/CQ                   RBB_6L        5   [TILE 0 0, RBB 7 10]        800     r            3117     {inst23: U_uart_rx.r_Bit_Index_FDRE_Q_1 (FDRE,site=cff)}                                      
   U_uart_rx.r_Bit_Index[1]   Net          36             (fanout=3)       2767                     -                                                                                                   
   RBB_11/D3                  RBB_6L       11  [TILE 0 0, RBB 25 12]          -     r            5884     {inst76: rx_LUT5_I0_1 (LUT,site=dluto)} {inst46: U_uart_rx.r_RX_Byte_FDRE_Q_1 (FDE,site=dff)} 
   -------------------------------------------------------------------------------------------------------------------------------------------------------------------------------------------------------
   RBB_11/CLK                 RBB_6L       11  [TILE 0 0, RBB 25 12]        764     r            6648                                                                                                   
   clk                        Clock net     5           (fanout=489)      -2272                     -                                                                                                   
   clk                        CLOCK-PORT    -                      -    capture     r            4376                                                                                                   
   -------------------------------------------------------------------------------------------------------------------------------------------------------------------------------------------------------


Path 130:
   Slack (not met):                         -2488ps
     Path type:                               SETUP
     Group:                              <UDEF_clk>
     Launching clock:                           clk (rising edge)
     Capturing clock:                           clk (rising edge)

     Requested period:                       2000ps
   + Delay of the capturing clock:           2272ps
   - Clock uncertainty:                       150ps
   = Required time:                          4122ps
   - Propagation time:                       4293ps (35.2% logic, 64.8% route, logic stage 1)
   - Delay of the launching clock:           2317ps
   = Slack:                                 -2488ps

   Instance/Pin or Net Name   Type         ID     Location or Fanout   Delay(ps)  Edge  Arrival Time(ps)    Instance detail                                                                            
   ------------------------------------------------------------------------------------------------------------------------------------------------------------------------------------------------------
   clk                        CLOCK-PORT    -                      -     launch     r               0                                                                                                  
   clk                        Clock net     5           (fanout=489)       2317                     -                                                                                                  
   RBB_5/CLK                  RBB_6L        5   [TILE 0 0, RBB 7 10]          -     r            2317                                                                                                  
   ------------------------------------------------------------------------------------------------------------------------------------------------------------------------------------------------------
   RBB_5/AQ                   RBB_6L        5   [TILE 0 0, RBB 7 10]        800     r            3117     {inst24: U_uart_rx.r_Bit_Index_FDRE_Q_2 (FDRE,site=aff)}                                     
   U_uart_rx.r_Bit_Index[0]   Net          37             (fanout=7)       2781                     -                                                                                                  
   RBB_11/C5                  RBB_6L       11  [TILE 0 0, RBB 25 12]          -     r            5898     {inst115: rx_LUT5_I4 (LUT,site=cluto)} {inst47: U_uart_rx.r_RX_Byte_FDRE_Q_2 (FDE,site=cff)} 
   ------------------------------------------------------------------------------------------------------------------------------------------------------------------------------------------------------
   RBB_11/CLK                 RBB_6L       11  [TILE 0 0, RBB 25 12]        712     r            6610                                                                                                  
   clk                        Clock net     5           (fanout=489)      -2272                     -                                                                                                  
   clk                        CLOCK-PORT    -                      -    capture     r            4338                                                                                                  
   ------------------------------------------------------------------------------------------------------------------------------------------------------------------------------------------------------


Path 134:
   Slack (not met):                         -2198ps
     Path type:                               SETUP
     Group:                              <UDEF_clk>
     Launching clock:                           clk (rising edge)
     Capturing clock:                           clk (rising edge)

     Requested period:                       2000ps
   + Delay of the capturing clock:           2272ps
   - Clock uncertainty:                       150ps
   = Required time:                          4122ps
   - Propagation time:                       4003ps (39.0% logic, 61.0% route, logic stage 1)
   - Delay of the launching clock:           2317ps
   = Slack:                                 -2198ps

   Instance/Pin or Net Name   Type         ID     Location or Fanout   Delay(ps)  Edge  Arrival Time(ps)    Instance detail                                                                             
   -------------------------------------------------------------------------------------------------------------------------------------------------------------------------------------------------------
   clk                        CLOCK-PORT    -                      -     launch     r               0                                                                                                   
   clk                        Clock net     5           (fanout=489)       2317                     -                                                                                                   
   RBB_5/CLK                  RBB_6L        5   [TILE 0 0, RBB 7 10]          -     r            2317                                                                                                   
   -------------------------------------------------------------------------------------------------------------------------------------------------------------------------------------------------------
   RBB_5/DQ                   RBB_6L        5   [TILE 0 0, RBB 7 10]        800     r            3117     {inst22: U_uart_rx.r_Bit_Index_FDRE_Q (FDRE,site=dff)}                                        
   U_uart_rx.r_Bit_Index[2]   Net          35             (fanout=3)       2441                     -                                                                                                   
   RBB_11/D2                  RBB_6L       11  [TILE 0 0, RBB 25 12]          -     r            5558     {inst76: rx_LUT5_I0_1 (LUT,site=dluto)} {inst46: U_uart_rx.r_RX_Byte_FDRE_Q_1 (FDE,site=dff)} 
   -------------------------------------------------------------------------------------------------------------------------------------------------------------------------------------------------------
   RBB_11/CLK                 RBB_6L       11  [TILE 0 0, RBB 25 12]        762     r            6320                                                                                                   
   clk                        Clock net     5           (fanout=489)      -2272                     -                                                                                                   
   clk                        CLOCK-PORT    -                      -    capture     r            4048                                                                                                   
   -------------------------------------------------------------------------------------------------------------------------------------------------------------------------------------------------------


Path 127:
   Slack (not met):                         -2154ps
     Path type:                               SETUP
     Group:                              <UDEF_clk>
     Launching clock:                           clk (rising edge)
     Capturing clock:                           clk (rising edge)

     Requested period:                       2000ps
   + Delay of the capturing clock:           2208ps
   - Clock uncertainty:                       150ps
   = Required time:                          4058ps
   - Propagation time:                       3895ps (49.1% logic, 50.9% route, logic stage 1)
   - Delay of the launching clock:           2317ps
   = Slack:                                 -2154ps

   Instance/Pin or Net Name   Type         ID    Location or Fanout   Delay(ps)  Edge  Arrival Time(ps)    Instance detail                                                                             
   ------------------------------------------------------------------------------------------------------------------------------------------------------------------------------------------------------
   clk                        CLOCK-PORT    -                     -     launch     r               0                                                                                                   
   clk                        Clock net     5          (fanout=489)       2317                     -                                                                                                   
   RBB_5/CLK                  RBB_6L        5  [TILE 0 0, RBB 7 10]          -     r            2317                                                                                                   
   ------------------------------------------------------------------------------------------------------------------------------------------------------------------------------------------------------
   RBB_5/AQ                   RBB_6L        5  [TILE 0 0, RBB 7 10]        800     r            3117     {inst24: U_uart_rx.r_Bit_Index_FDRE_Q_2 (FDRE,site=aff)}                                      
   U_uart_rx.r_Bit_Index[0]   Net          37            (fanout=7)       1982                     -                                                                                                   
   RBB_20/B4                  RBB_6L       20  [TILE 0 0, RBB 13 8]          -     r            5099     {inst116: rx_LUT5_I4_1 (LUT,site=blut)} {inst51: U_uart_rx.r_RX_Byte_FDRE_Q_6 (FDE,site=bff)} 
   ------------------------------------------------------------------------------------------------------------------------------------------------------------------------------------------------------
   RBB_20/CLK                 RBB_6L       20  [TILE 0 0, RBB 13 8]       1113     r            6212                                                                                                   
   clk                        Clock net     5          (fanout=489)      -2208                     -                                                                                                   
   clk                        CLOCK-PORT    -                     -    capture     r            4004                                                                                                   
   ------------------------------------------------------------------------------------------------------------------------------------------------------------------------------------------------------


Path 126:
   Slack (not met):                         -2138ps
     Path type:                               SETUP
     Group:                              <UDEF_clk>
     Launching clock:                           clk (rising edge)
     Capturing clock:                           clk (rising edge)

     Requested period:                       2000ps
   + Delay of the capturing clock:           2208ps
   - Clock uncertainty:                       150ps
   = Required time:                          4058ps
   - Propagation time:                       3879ps (49.1% logic, 50.9% route, logic stage 1)
   - Delay of the launching clock:           2317ps
   = Slack:                                 -2138ps

   Instance/Pin or Net Name   Type         ID    Location or Fanout   Delay(ps)  Edge  Arrival Time(ps)    Instance detail                                                                          
   ---------------------------------------------------------------------------------------------------------------------------------------------------------------------------------------------------
   clk                        CLOCK-PORT    -                     -     launch     r               0                                                                                                
   clk                        Clock net     5          (fanout=489)       2317                     -                                                                                                
   RBB_5/CLK                  RBB_6L        5  [TILE 0 0, RBB 7 10]          -     r            2317                                                                                                
   ---------------------------------------------------------------------------------------------------------------------------------------------------------------------------------------------------
   RBB_5/AQ                   RBB_6L        5  [TILE 0 0, RBB 7 10]        800     r            3117     {inst24: U_uart_rx.r_Bit_Index_FDRE_Q_2 (FDRE,site=aff)}                                   
   U_uart_rx.r_Bit_Index[0]   Net          37            (fanout=7)       1975                     -                                                                                                
   RBB_20/C4                  RBB_6L       20  [TILE 0 0, RBB 13 8]          -     r            5092     {inst75: rx_LUT5_I0 (LUT,site=clut)} {inst50: U_uart_rx.r_RX_Byte_FDRE_Q_5 (FDE,site=cff)} 
   ---------------------------------------------------------------------------------------------------------------------------------------------------------------------------------------------------
   RBB_20/CLK                 RBB_6L       20  [TILE 0 0, RBB 13 8]       1104     r            6196                                                                                                
   clk                        Clock net     5          (fanout=489)      -2208                     -                                                                                                
   clk                        CLOCK-PORT    -                     -    capture     r            3988                                                                                                
   ---------------------------------------------------------------------------------------------------------------------------------------------------------------------------------------------------


Path 121:
   Slack (not met):                         -1776ps
     Path type:                               SETUP
     Group:                              <UDEF_clk>
     Launching clock:                           clk (rising edge)
     Capturing clock:                           clk (rising edge)

     Requested period:                       2000ps
   + Delay of the capturing clock:           2305ps
   - Clock uncertainty:                       150ps
   = Required time:                          4155ps
   - Propagation time:                       3616ps (61.3% logic, 38.7% route, logic stage 1)
   - Delay of the launching clock:           2315ps
   = Slack:                                 -1776ps

   Instance/Pin or Net Name   Type         ID    Location or Fanout   Delay(ps)  Edge  Arrival Time(ps)    Instance detail                                                                                                       
   --------------------------------------------------------------------------------------------------------------------------------------------------------------------------------------------------------------------------------
   clk                        CLOCK-PORT    -                     -     launch     r               0                                                                                                                             
   clk                        Clock net     5          (fanout=489)       2315                     -                                                                                                                             
   RBB_15/CLK                 RBB_6L       15  [TILE 0 0, RBB 7 14]          -     r            2315                                                                                                                             
   --------------------------------------------------------------------------------------------------------------------------------------------------------------------------------------------------------------------------------
   RBB_15/AQ                  RBB_6L       15  [TILE 0 0, RBB 7 14]        800     r            3115     {inst10: U_uart_rx.FSM_STATE_FDRE_Q (FD,site=aff)}                                                                      
   U_uart_rx.FSM_STATE[2]     Net          38            (fanout=9)       1398                     -                                                                                                                             
   RBB_14/D5                  RBB_6L       14   [TILE 0 0, RBB 7 8]          -     r            4513     {inst16: U_uart_rx.FSM_STATE_FDRE_Q_D_MUXF8_O_2 (MUXF,site=muxf8)} {inst12: U_uart_rx.FSM_STATE_FDRE_Q_2 (FD,site=bff)} 
   --------------------------------------------------------------------------------------------------------------------------------------------------------------------------------------------------------------------------------
   RBB_14/CLK                 RBB_6L       14   [TILE 0 0, RBB 7 8]       1418     r            5931                                                                                                                             
   clk                        Clock net     5          (fanout=489)      -2305                     -                                                                                                                             
   clk                        CLOCK-PORT    -                     -    capture     r            3626                                                                                                                             
   --------------------------------------------------------------------------------------------------------------------------------------------------------------------------------------------------------------------------------


Path 122:
   Slack (not met):                         -1698ps
     Path type:                               SETUP
     Group:                              <UDEF_clk>
     Launching clock:                           clk (rising edge)
     Capturing clock:                           clk (rising edge)

     Requested period:                       2000ps
   + Delay of the capturing clock:           2315ps
   - Clock uncertainty:                       150ps
   = Required time:                          4165ps
   - Propagation time:                       3558ps (49.0% logic, 51.0% route, logic stage 1)
   - Delay of the launching clock:           2305ps
   = Slack:                                 -1698ps

   Instance/Pin or Net Name   Type         ID    Location or Fanout   Delay(ps)  Edge  Arrival Time(ps)    Instance detail                                                                                                 
   --------------------------------------------------------------------------------------------------------------------------------------------------------------------------------------------------------------------------
   clk                        CLOCK-PORT    -                     -     launch     r               0                                                                                                                       
   clk                        Clock net     5          (fanout=489)       2305                     -                                                                                                                       
   RBB_14/CLK                 RBB_6L       14   [TILE 0 0, RBB 7 8]          -     r            2305                                                                                                                       
   --------------------------------------------------------------------------------------------------------------------------------------------------------------------------------------------------------------------------
   RBB_14/BQ                  RBB_6L       14   [TILE 0 0, RBB 7 8]        800     r            3105     {inst12: U_uart_rx.FSM_STATE_FDRE_Q_2 (FD,site=bff)}                                                              
   U_uart_rx.FSM_STATE[0]     Net          39            (fanout=7)       1814                     -                                                                                                                       
   RBB_15/A4                  RBB_6L       15  [TILE 0 0, RBB 7 14]          -     r            4919     {inst13: U_uart_rx.FSM_STATE_FDRE_Q_D_MUXF8_O (LUT,site=alut)} {inst10: U_uart_rx.FSM_STATE_FDRE_Q (FD,site=aff)} 
   --------------------------------------------------------------------------------------------------------------------------------------------------------------------------------------------------------------------------
   RBB_15/CLK                 RBB_6L       15  [TILE 0 0, RBB 7 14]        944     r            5863                                                                                                                       
   clk                        Clock net     5          (fanout=489)      -2315                     -                                                                                                                       
   clk                        CLOCK-PORT    -                     -    capture     r            3548                                                                                                                       
   --------------------------------------------------------------------------------------------------------------------------------------------------------------------------------------------------------------------------


Path 132:
   Slack (not met):                         -1637ps
     Path type:                               SETUP
     Group:                              <UDEF_clk>
     Launching clock:                           clk (rising edge)
     Capturing clock:                           clk (rising edge)

     Requested period:                       2000ps
   + Delay of the capturing clock:           2347ps
   - Clock uncertainty:                       150ps
   = Required time:                          4197ps
   - Propagation time:                       3517ps (42.4% logic, 57.6% route, logic stage 1)
   - Delay of the launching clock:           2317ps
   = Slack:                                 -1637ps

   Instance/Pin or Net Name   Type         ID     Location or Fanout   Delay(ps)  Edge  Arrival Time(ps)    Instance detail                                                                             
   -------------------------------------------------------------------------------------------------------------------------------------------------------------------------------------------------------
   clk                        CLOCK-PORT    -                      -     launch     r               0                                                                                                   
   clk                        Clock net     5           (fanout=489)       2317                     -                                                                                                   
   RBB_5/CLK                  RBB_6L        5   [TILE 0 0, RBB 7 10]          -     r            2317                                                                                                   
   -------------------------------------------------------------------------------------------------------------------------------------------------------------------------------------------------------
   RBB_5/AQ                   RBB_6L        5   [TILE 0 0, RBB 7 10]        800     r            3117     {inst24: U_uart_rx.r_Bit_Index_FDRE_Q_2 (FDRE,site=aff)}                                      
   U_uart_rx.r_Bit_Index[0]   Net          37             (fanout=7)       2025                     -                                                                                                   
   RBB_12/D3                  RBB_6L       12  [TILE 0 0, RBB 10 14]          -     r            5142     {inst77: rx_LUT5_I0_2 (LUT,site=dluto)} {inst48: U_uart_rx.r_RX_Byte_FDRE_Q_3 (FDE,site=dff)} 
   -------------------------------------------------------------------------------------------------------------------------------------------------------------------------------------------------------
   RBB_12/CLK                 RBB_6L       12  [TILE 0 0, RBB 10 14]        692     r            5834                                                                                                   
   clk                        Clock net     5           (fanout=489)      -2347                     -                                                                                                   
   clk                        CLOCK-PORT    -                      -    capture     r            3487                                                                                                   
   -------------------------------------------------------------------------------------------------------------------------------------------------------------------------------------------------------


Path 120:
   Slack (not met):                         -1598ps
     Path type:                               SETUP
     Group:                              <UDEF_clk>
     Launching clock:                           clk (rising edge)
     Capturing clock:                           clk (rising edge)

     Requested period:                       2000ps
   + Delay of the capturing clock:           2305ps
   - Clock uncertainty:                       150ps
   = Required time:                          4155ps
   - Propagation time:                       3438ps (59.3% logic, 40.7% route, logic stage 1)
   - Delay of the launching clock:           2315ps
   = Slack:                                 -1598ps

   Instance/Pin or Net Name   Type         ID    Location or Fanout   Delay(ps)  Edge  Arrival Time(ps)    Instance detail                                                                                                       
   --------------------------------------------------------------------------------------------------------------------------------------------------------------------------------------------------------------------------------
   clk                        CLOCK-PORT    -                     -     launch     r               0                                                                                                                             
   clk                        Clock net     5          (fanout=489)       2315                     -                                                                                                                             
   RBB_15/CLK                 RBB_6L       15  [TILE 0 0, RBB 7 14]          -     r            2315                                                                                                                             
   --------------------------------------------------------------------------------------------------------------------------------------------------------------------------------------------------------------------------------
   RBB_15/AQ                  RBB_6L       15  [TILE 0 0, RBB 7 14]        800     r            3115     {inst10: U_uart_rx.FSM_STATE_FDRE_Q (FD,site=aff)}                                                                      
   U_uart_rx.FSM_STATE[2]     Net          38            (fanout=9)       1398                     -                                                                                                                             
   RBB_14/A5                  RBB_6L       14   [TILE 0 0, RBB 7 8]          -     r            4513     {inst16: U_uart_rx.FSM_STATE_FDRE_Q_D_MUXF8_O_2 (MUXF,site=muxf8)} {inst12: U_uart_rx.FSM_STATE_FDRE_Q_2 (FD,site=bff)} 
   --------------------------------------------------------------------------------------------------------------------------------------------------------------------------------------------------------------------------------
   RBB_14/CLK                 RBB_6L       14   [TILE 0 0, RBB 7 8]       1240     r            5753                                                                                                                             
   clk                        Clock net     5          (fanout=489)      -2305                     -                                                                                                                             
   clk                        CLOCK-PORT    -                     -    capture     r            3448                                                                                                                             
   --------------------------------------------------------------------------------------------------------------------------------------------------------------------------------------------------------------------------------


Path 137:
   Slack (not met):                         -1573ps
     Path type:                               SETUP
     Group:                              <UDEF_clk>
     Launching clock:                           clk (rising edge)
     Capturing clock:                           clk (rising edge)

     Requested period:                       2000ps
   + Delay of the capturing clock:           2208ps
   - Clock uncertainty:                       150ps
   = Required time:                          4058ps
   - Propagation time:                       3423ps (57.6% logic, 42.4% route, logic stage 1)
   - Delay of the launching clock:           2208ps
   = Slack:                                 -1573ps

   Instance/Pin or Net Name   Type         ID    Location or Fanout   Delay(ps)  Edge  Arrival Time(ps)    Instance detail                                                                          
   ---------------------------------------------------------------------------------------------------------------------------------------------------------------------------------------------------
   clk                        CLOCK-PORT    -                     -     launch     r               0                                                                                                
   clk                        Clock net     5          (fanout=489)       2208                     -                                                                                                
   RBB_20/CLK                 RBB_6L       20  [TILE 0 0, RBB 13 8]          -     r            2208                                                                                                
   ---------------------------------------------------------------------------------------------------------------------------------------------------------------------------------------------------
   RBB_20/CQ                  RBB_6L       20  [TILE 0 0, RBB 13 8]        800     r            3008     {inst50: U_uart_rx.r_RX_Byte_FDRE_Q_5 (FDE,site=cff)}                                      
   U_uart_rx.r_RX_Byte[2]     Net          14            (fanout=2)       1450                     -                                                                                                
   RBB_20/C1                  RBB_6L       20  [TILE 0 0, RBB 13 8]          -     r            4458     {inst75: rx_LUT5_I0 (LUT,site=clut)} {inst50: U_uart_rx.r_RX_Byte_FDRE_Q_5 (FDE,site=cff)} 
   ---------------------------------------------------------------------------------------------------------------------------------------------------------------------------------------------------
   RBB_20/CLK                 RBB_6L       20  [TILE 0 0, RBB 13 8]       1173     r            5631                                                                                                
   clk                        Clock net     5          (fanout=489)      -2208                     -                                                                                                
   clk                        CLOCK-PORT    -                     -    capture     r            3423                                                                                                
   ---------------------------------------------------------------------------------------------------------------------------------------------------------------------------------------------------


Path 136:
   Slack (not met):                         -1522ps
     Path type:                               SETUP
     Group:                              <UDEF_clk>
     Launching clock:                           clk (rising edge)
     Capturing clock:                           clk (rising edge)

     Requested period:                       2000ps
   + Delay of the capturing clock:           2317ps
   - Clock uncertainty:                       150ps
   = Required time:                          4167ps
   - Propagation time:                       3372ps (51.6% logic, 48.4% route, logic stage 1)
   - Delay of the launching clock:           2317ps
   = Slack:                                 -1522ps

   Instance/Pin or Net Name   Type         ID    Location or Fanout   Delay(ps)  Edge  Arrival Time(ps)    Instance detail                                                                                                       
   --------------------------------------------------------------------------------------------------------------------------------------------------------------------------------------------------------------------------------
   clk                        CLOCK-PORT    -                     -     launch     r               0                                                                                                                             
   clk                        Clock net     5          (fanout=489)       2317                     -                                                                                                                             
   RBB_5/CLK                  RBB_6L        5  [TILE 0 0, RBB 7 10]          -     r            2317                                                                                                                             
   --------------------------------------------------------------------------------------------------------------------------------------------------------------------------------------------------------------------------------
   RBB_5/AQ                   RBB_6L        5  [TILE 0 0, RBB 7 10]        800     r            3117     {inst24: U_uart_rx.r_Bit_Index_FDRE_Q_2 (FDRE,site=aff)}                                                                
   U_uart_rx.r_Bit_Index[0]   Net          37            (fanout=7)       1632                     -                                                                                                                             
   RBB_5/A1                   RBB_6L        5  [TILE 0 0, RBB 7 10]          -     r            4749     {inst26: U_uart_rx.r_Bit_Index_FDRE_Q_D_INV_O (LUT,site=alut)} {inst24: U_uart_rx.r_Bit_Index_FDRE_Q_2 (FDRE,site=aff)} 
   --------------------------------------------------------------------------------------------------------------------------------------------------------------------------------------------------------------------------------
   RBB_5/CLK                  RBB_6L        5  [TILE 0 0, RBB 7 10]        940     r            5689                                                                                                                             
   clk                        Clock net     5          (fanout=489)      -2317                     -                                                                                                                             
   clk                        CLOCK-PORT    -                     -    capture     r            3372                                                                                                                             
   --------------------------------------------------------------------------------------------------------------------------------------------------------------------------------------------------------------------------------


Path 125:
   Slack (not met):                         -1458ps
     Path type:                               SETUP
     Group:                              <UDEF_clk>
     Launching clock:                           clk (rising edge)
     Capturing clock:                           clk (rising edge)

     Requested period:                       2000ps
   + Delay of the capturing clock:           2305ps
   - Clock uncertainty:                       150ps
   = Required time:                          4155ps
   - Propagation time:                       3298ps (55.5% logic, 44.5% route, logic stage 1)
   - Delay of the launching clock:           2315ps
   = Slack:                                 -1458ps

   Instance/Pin or Net Name   Type         ID    Location or Fanout   Delay(ps)  Edge  Arrival Time(ps)    Instance detail                                                                                                       
   --------------------------------------------------------------------------------------------------------------------------------------------------------------------------------------------------------------------------------
   clk                        CLOCK-PORT    -                     -     launch     r               0                                                                                                                             
   clk                        Clock net     5          (fanout=489)       2315                     -                                                                                                                             
   RBB_15/CLK                 RBB_6L       15  [TILE 0 0, RBB 7 14]          -     r            2315                                                                                                                             
   --------------------------------------------------------------------------------------------------------------------------------------------------------------------------------------------------------------------------------
   RBB_15/AQ                  RBB_6L       15  [TILE 0 0, RBB 7 14]        800     r            3115     {inst10: U_uart_rx.FSM_STATE_FDRE_Q (FD,site=aff)}                                                                      
   U_uart_rx.FSM_STATE[2]     Net          38            (fanout=9)       1466                     -                                                                                                                             
   RBB_14/B6                  RBB_6L       14   [TILE 0 0, RBB 7 8]          -     r            4581     {inst16: U_uart_rx.FSM_STATE_FDRE_Q_D_MUXF8_O_2 (MUXF,site=muxf8)} {inst12: U_uart_rx.FSM_STATE_FDRE_Q_2 (FD,site=bff)} 
   --------------------------------------------------------------------------------------------------------------------------------------------------------------------------------------------------------------------------------
   RBB_14/CLK                 RBB_6L       14   [TILE 0 0, RBB 7 8]       1032     r            5613                                                                                                                             
   clk                        Clock net     5          (fanout=489)      -2305                     -                                                                                                                             
   clk                        CLOCK-PORT    -                     -    capture     r            3308                                                                                                                             
   --------------------------------------------------------------------------------------------------------------------------------------------------------------------------------------------------------------------------------


Path 139:
   Slack (not met):                         -1442ps
     Path type:                               SETUP
     Group:                              <UDEF_clk>
     Launching clock:                           clk (rising edge)
     Capturing clock:                           clk (rising edge)

     Requested period:                       2000ps
   + Delay of the capturing clock:           2208ps
   - Clock uncertainty:                       150ps
   = Required time:                          4058ps
   - Propagation time:                       3292ps (61.1% logic, 38.9% route, logic stage 1)
   - Delay of the launching clock:           2208ps
   = Slack:                                 -1442ps

   Instance/Pin or Net Name   Type         ID    Location or Fanout   Delay(ps)  Edge  Arrival Time(ps)    Instance detail                                                                             
   ------------------------------------------------------------------------------------------------------------------------------------------------------------------------------------------------------
   clk                        CLOCK-PORT    -                     -     launch     r               0                                                                                                   
   clk                        Clock net     5          (fanout=489)       2208                     -                                                                                                   
   RBB_20/CLK                 RBB_6L       20  [TILE 0 0, RBB 13 8]          -     r            2208                                                                                                   
   ------------------------------------------------------------------------------------------------------------------------------------------------------------------------------------------------------
   RBB_20/BQ                  RBB_6L       20  [TILE 0 0, RBB 13 8]        800     r            3008     {inst51: U_uart_rx.r_RX_Byte_FDRE_Q_6 (FDE,site=bff)}                                         
   U_uart_rx.r_RX_Byte[1]     Net          13            (fanout=3)       1281                     -                                                                                                   
   RBB_20/B1                  RBB_6L       20  [TILE 0 0, RBB 13 8]          -     r            4289     {inst116: rx_LUT5_I4_1 (LUT,site=blut)} {inst51: U_uart_rx.r_RX_Byte_FDRE_Q_6 (FDE,site=bff)} 
   ------------------------------------------------------------------------------------------------------------------------------------------------------------------------------------------------------
   RBB_20/CLK                 RBB_6L       20  [TILE 0 0, RBB 13 8]       1211     r            5500                                                                                                   
   clk                        Clock net     5          (fanout=489)      -2208                     -                                                                                                   
   clk                        CLOCK-PORT    -                     -    capture     r            3292                                                                                                   
   ------------------------------------------------------------------------------------------------------------------------------------------------------------------------------------------------------


Path 124:
   Slack (not met):                         -1430ps
     Path type:                               SETUP
     Group:                              <UDEF_clk>
     Launching clock:                           clk (rising edge)
     Capturing clock:                           clk (rising edge)

     Requested period:                       2000ps
   + Delay of the capturing clock:           2208ps
   - Clock uncertainty:                       150ps
   = Required time:                          4058ps
   - Propagation time:                       3183ps (55.8% logic, 44.2% route, logic stage 1)
   - Delay of the launching clock:           2305ps
   = Slack:                                 -1430ps

   Instance/Pin or Net Name   Type         ID    Location or Fanout   Delay(ps)  Edge  Arrival Time(ps)    Instance detail                                                                                             
   ----------------------------------------------------------------------------------------------------------------------------------------------------------------------------------------------------------------------
   clk                        CLOCK-PORT    -                     -     launch     r               0                                                                                                                   
   clk                        Clock net     5          (fanout=489)       2305                     -                                                                                                                   
   RBB_14/CLK                 RBB_6L       14   [TILE 0 0, RBB 7 8]          -     r            2305                                                                                                                   
   ----------------------------------------------------------------------------------------------------------------------------------------------------------------------------------------------------------------------
   RBB_14/BQ                  RBB_6L       14   [TILE 0 0, RBB 7 8]        800     r            3105     {inst12: U_uart_rx.FSM_STATE_FDRE_Q_2 (FD,site=bff)}                                                          
   U_uart_rx.FSM_STATE[0]     Net          39            (fanout=7)       1407                     -                                                                                                                   
   RBB_21/D2                  RBB_6L       21  [TILE 0 0, RBB 10 8]          -     r            4512     {inst57: U_uart_rx.r_RX_DV_FDRE_Q_D_LUT2_O (LUT,site=dlut)} {inst54: U_uart_rx.r_RX_DV_FDRE_Q (FDE,site=dff)} 
   ----------------------------------------------------------------------------------------------------------------------------------------------------------------------------------------------------------------------
   RBB_21/CLK                 RBB_6L       21  [TILE 0 0, RBB 10 8]        976     r            5488                                                                                                                   
   clk                        Clock net     5          (fanout=489)      -2208                     -                                                                                                                   
   clk                        CLOCK-PORT    -                     -    capture     r            3280                                                                                                                   
   ----------------------------------------------------------------------------------------------------------------------------------------------------------------------------------------------------------------------


Path 144:
   Slack (not met):                         -1339ps
     Path type:                               SETUP
     Group:                              <UDEF_clk>
     Launching clock:                           clk (rising edge)
     Capturing clock:                           clk (rising edge)

     Requested period:                       2000ps
   + Delay of the capturing clock:           2347ps
   - Clock uncertainty:                       150ps
   = Required time:                          4197ps
   - Propagation time:                       3189ps (48.4% logic, 51.6% route, logic stage 1)
   - Delay of the launching clock:           2347ps
   = Slack:                                 -1339ps

   Instance/Pin or Net Name   Type         ID     Location or Fanout   Delay(ps)  Edge  Arrival Time(ps)    Instance detail                                                                             
   -------------------------------------------------------------------------------------------------------------------------------------------------------------------------------------------------------
   clk                        CLOCK-PORT    -                      -     launch     r               0                                                                                                   
   clk                        Clock net     5           (fanout=489)       2347                     -                                                                                                   
   RBB_12/CLK                 RBB_6L       12  [TILE 0 0, RBB 10 14]          -     r            2347                                                                                                   
   -------------------------------------------------------------------------------------------------------------------------------------------------------------------------------------------------------
   RBB_12/DQ                  RBB_6L       12  [TILE 0 0, RBB 10 14]        800     r            3147     {inst48: U_uart_rx.r_RX_Byte_FDRE_Q_3 (FDE,site=dff)}                                         
   U_uart_rx.r_RX_Byte[4]     Net           8             (fanout=2)       1647                     -                                                                                                   
   RBB_12/D2                  RBB_6L       12  [TILE 0 0, RBB 10 14]          -     r            4794     {inst77: rx_LUT5_I0_2 (LUT,site=dluto)} {inst48: U_uart_rx.r_RX_Byte_FDRE_Q_3 (FDE,site=dff)} 
   -------------------------------------------------------------------------------------------------------------------------------------------------------------------------------------------------------
   RBB_12/CLK                 RBB_6L       12  [TILE 0 0, RBB 10 14]        742     r            5536                                                                                                   
   clk                        Clock net     5           (fanout=489)      -2347                     -                                                                                                   
   clk                        CLOCK-PORT    -                      -    capture     r            3189                                                                                                   
   -------------------------------------------------------------------------------------------------------------------------------------------------------------------------------------------------------


Path 123:
   Slack (not met):                         -1295ps
     Path type:                               SETUP
     Group:                              <UDEF_clk>
     Launching clock:                           clk (rising edge)
     Capturing clock:                           clk (rising edge)

     Requested period:                       2000ps
   + Delay of the capturing clock:           2208ps
   - Clock uncertainty:                       150ps
   = Required time:                          4058ps
   - Propagation time:                       3005ps (62.6% logic, 37.4% route, logic stage 1)
   - Delay of the launching clock:           2348ps
   = Slack:                                 -1295ps

   Instance/Pin or Net Name   Type         ID     Location or Fanout   Delay(ps)  Edge  Arrival Time(ps)    Instance detail                                                                                             
   -----------------------------------------------------------------------------------------------------------------------------------------------------------------------------------------------------------------------
   clk                        CLOCK-PORT    -                      -     launch     r               0                                                                                                                   
   clk                        Clock net     5           (fanout=489)       2348                     -                                                                                                                   
   RBB_13/CLK                 RBB_6L       13  [TILE 0 0, RBB 10 10]          -     r            2348                                                                                                                   
   -----------------------------------------------------------------------------------------------------------------------------------------------------------------------------------------------------------------------
   RBB_13/BQ                  RBB_6L       13  [TILE 0 0, RBB 10 10]        800     r            3148     {inst11: U_uart_rx.FSM_STATE_FDRE_Q_1 (FD,site=bff)}                                                          
   U_uart_rx.FSM_STATE[1]     Net          40             (fanout=8)       1123                     -                                                                                                                   
   RBB_21/D1                  RBB_6L       21   [TILE 0 0, RBB 10 8]          -     r            4271     {inst57: U_uart_rx.r_RX_DV_FDRE_Q_D_LUT2_O (LUT,site=dlut)} {inst54: U_uart_rx.r_RX_DV_FDRE_Q (FDE,site=dff)} 
   -----------------------------------------------------------------------------------------------------------------------------------------------------------------------------------------------------------------------
   RBB_21/CLK                 RBB_6L       21   [TILE 0 0, RBB 10 8]       1082     r            5353                                                                                                                   
   clk                        Clock net     5           (fanout=489)      -2208                     -                                                                                                                   
   clk                        CLOCK-PORT    -                      -    capture     r            3145                                                                                                                   
   -----------------------------------------------------------------------------------------------------------------------------------------------------------------------------------------------------------------------


Path 129:
   Slack (not met):                         -1260ps
     Path type:                               SETUP
     Group:                              <UDEF_clk>
     Launching clock:                           clk (rising edge)
     Capturing clock:                           clk (rising edge)

     Requested period:                       2000ps
   + Delay of the capturing clock:           2348ps
   - Clock uncertainty:                       150ps
   = Required time:                          4198ps
   - Propagation time:                       3153ps (48.6% logic, 51.4% route, logic stage 1)
   - Delay of the launching clock:           2305ps
   = Slack:                                 -1260ps

   Instance/Pin or Net Name   Type         ID     Location or Fanout   Delay(ps)  Edge  Arrival Time(ps)    Instance detail                                                                                                      
   --------------------------------------------------------------------------------------------------------------------------------------------------------------------------------------------------------------------------------
   clk                        CLOCK-PORT    -                      -     launch     r               0                                                                                                                            
   clk                        Clock net     5           (fanout=489)       2305                     -                                                                                                                            
   RBB_14/CLK                 RBB_6L       14    [TILE 0 0, RBB 7 8]          -     r            2305                                                                                                                            
   --------------------------------------------------------------------------------------------------------------------------------------------------------------------------------------------------------------------------------
   RBB_14/BQ                  RBB_6L       14    [TILE 0 0, RBB 7 8]        800     r            3105     {inst12: U_uart_rx.FSM_STATE_FDRE_Q_2 (FD,site=bff)}                                                                   
   U_uart_rx.FSM_STATE[0]     Net          39             (fanout=7)       1621                     -                                                                                                                            
   RBB_13/B5                  RBB_6L       13  [TILE 0 0, RBB 10 10]          -     r            4726     {inst14: U_uart_rx.FSM_STATE_FDRE_Q_D_MUXF8_O_1 (LUT,site=bluto)} {inst11: U_uart_rx.FSM_STATE_FDRE_Q_1 (FD,site=bff)} 
   --------------------------------------------------------------------------------------------------------------------------------------------------------------------------------------------------------------------------------
   RBB_13/CLK                 RBB_6L       13  [TILE 0 0, RBB 10 10]        732     r            5458                                                                                                                            
   clk                        Clock net     5           (fanout=489)      -2348                     -                                                                                                                            
   clk                        CLOCK-PORT    -                      -    capture     r            3110                                                                                                                            
   --------------------------------------------------------------------------------------------------------------------------------------------------------------------------------------------------------------------------------


Path 135:
   Slack (not met):                         -1219ps
     Path type:                               SETUP
     Group:                              <UDEF_clk>
     Launching clock:                           clk (rising edge)
     Capturing clock:                           clk (rising edge)

     Requested period:                       2000ps
   + Delay of the capturing clock:           2208ps
   - Clock uncertainty:                       150ps
   = Required time:                          4058ps
   - Propagation time:                       3069ps (64.2% logic, 35.8% route, logic stage 1)
   - Delay of the launching clock:           2208ps
   = Slack:                                 -1219ps

   Instance/Pin or Net Name   Type         ID    Location or Fanout   Delay(ps)  Edge  Arrival Time(ps)    Instance detail                                                                          
   ---------------------------------------------------------------------------------------------------------------------------------------------------------------------------------------------------
   clk                        CLOCK-PORT    -                     -     launch     r               0                                                                                                
   clk                        Clock net     5          (fanout=489)       2208                     -                                                                                                
   RBB_20/CLK                 RBB_6L       20  [TILE 0 0, RBB 13 8]          -     r            2208                                                                                                
   ---------------------------------------------------------------------------------------------------------------------------------------------------------------------------------------------------
   RBB_20/AQ                  RBB_6L       20  [TILE 0 0, RBB 13 8]        800     r            3008     {inst52: U_uart_rx.r_RX_Byte_FDRE_Q_7 (FDE,site=aff)}                                      
   U_uart_rx.r_RX_Byte[0]     Net          12            (fanout=3)       1099                     -                                                                                                
   RBB_20/A1                  RBB_6L       20  [TILE 0 0, RBB 13 8]          -     r            4107     {inst67: rx_LUT3_I0 (LUT,site=alut)} {inst52: U_uart_rx.r_RX_Byte_FDRE_Q_7 (FDE,site=aff)} 
   ---------------------------------------------------------------------------------------------------------------------------------------------------------------------------------------------------
   RBB_20/CLK                 RBB_6L       20  [TILE 0 0, RBB 13 8]       1170     r            5277                                                                                                
   clk                        Clock net     5          (fanout=489)      -2208                     -                                                                                                
   clk                        CLOCK-PORT    -                     -    capture     r            3069                                                                                                
   ---------------------------------------------------------------------------------------------------------------------------------------------------------------------------------------------------


Path 131:
   Slack (not met):                         -1199ps
     Path type:                               SETUP
     Group:                              <UDEF_clk>
     Launching clock:                           clk (rising edge)
     Capturing clock:                           clk (rising edge)

     Requested period:                       2000ps
   + Delay of the capturing clock:           2305ps
   - Clock uncertainty:                       150ps
   = Required time:                          4155ps
   - Propagation time:                       3006ps (53.5% logic, 46.5% route, logic stage 1)
   - Delay of the launching clock:           2348ps
   = Slack:                                 -1199ps

   Instance/Pin or Net Name   Type         ID     Location or Fanout   Delay(ps)  Edge  Arrival Time(ps)    Instance detail                                                                                                       
   ---------------------------------------------------------------------------------------------------------------------------------------------------------------------------------------------------------------------------------
   clk                        CLOCK-PORT    -                      -     launch     r               0                                                                                                                             
   clk                        Clock net     5           (fanout=489)       2348                     -                                                                                                                             
   RBB_13/CLK                 RBB_6L       13  [TILE 0 0, RBB 10 10]          -     r            2348                                                                                                                             
   ---------------------------------------------------------------------------------------------------------------------------------------------------------------------------------------------------------------------------------
   RBB_13/BQ                  RBB_6L       13  [TILE 0 0, RBB 10 10]        800     r            3148     {inst11: U_uart_rx.FSM_STATE_FDRE_Q_1 (FD,site=bff)}                                                                    
   U_uart_rx.FSM_STATE[1]     Net          40             (fanout=8)       1397                     -                                                                                                                             
   RBB_14/C6                  RBB_6L       14    [TILE 0 0, RBB 7 8]          -     r            4545     {inst16: U_uart_rx.FSM_STATE_FDRE_Q_D_MUXF8_O_2 (MUXF,site=muxf8)} {inst12: U_uart_rx.FSM_STATE_FDRE_Q_2 (FD,site=bff)} 
   ---------------------------------------------------------------------------------------------------------------------------------------------------------------------------------------------------------------------------------
   RBB_14/CLK                 RBB_6L       14    [TILE 0 0, RBB 7 8]        809     r            5354                                                                                                                             
   clk                        Clock net     5           (fanout=489)      -2305                     -                                                                                                                             
   clk                        CLOCK-PORT    -                      -    capture     r            3049                                                                                                                             
   ---------------------------------------------------------------------------------------------------------------------------------------------------------------------------------------------------------------------------------


Path 138:
   Slack (not met):                          -941ps
     Path type:                               SETUP
     Group:                              <UDEF_clk>
     Launching clock:                           clk (rising edge)
     Capturing clock:                           clk (rising edge)

     Requested period:                       2000ps
   + Delay of the capturing clock:           2305ps
   - Clock uncertainty:                       150ps
   = Required time:                          4155ps
   - Propagation time:                       2791ps (61.7% logic, 38.3% route, logic stage 1)
   - Delay of the launching clock:           2305ps
   = Slack:                                  -941ps

   Instance/Pin or Net Name   Type         ID   Location or Fanout   Delay(ps)  Edge  Arrival Time(ps)    Instance detail                                                                                                       
   -------------------------------------------------------------------------------------------------------------------------------------------------------------------------------------------------------------------------------
   clk                        CLOCK-PORT    -                    -     launch     r               0                                                                                                                             
   clk                        Clock net     5         (fanout=489)       2305                     -                                                                                                                             
   RBB_14/CLK                 RBB_6L       14  [TILE 0 0, RBB 7 8]          -     r            2305                                                                                                                             
   -------------------------------------------------------------------------------------------------------------------------------------------------------------------------------------------------------------------------------
   RBB_14/BQ                  RBB_6L       14  [TILE 0 0, RBB 7 8]        800     r            3105     {inst12: U_uart_rx.FSM_STATE_FDRE_Q_2 (FD,site=bff)}                                                                    
   U_uart_rx.FSM_STATE[0]     Net          39           (fanout=7)       1070                     -                                                                                                                             
   RBB_14/A6                  RBB_6L       14  [TILE 0 0, RBB 7 8]          -     r            4175     {inst16: U_uart_rx.FSM_STATE_FDRE_Q_D_MUXF8_O_2 (MUXF,site=muxf8)} {inst12: U_uart_rx.FSM_STATE_FDRE_Q_2 (FD,site=bff)} 
   -------------------------------------------------------------------------------------------------------------------------------------------------------------------------------------------------------------------------------
   RBB_14/CLK                 RBB_6L       14  [TILE 0 0, RBB 7 8]        921     r            5096                                                                                                                             
   clk                        Clock net     5         (fanout=489)      -2305                     -                                                                                                                             
   clk                        CLOCK-PORT    -                    -    capture     r            2791                                                                                                                             
   -------------------------------------------------------------------------------------------------------------------------------------------------------------------------------------------------------------------------------


Path 141:
   Slack (not met):                          -827ps
     Path type:                               SETUP
     Group:                              <UDEF_clk>
     Launching clock:                           clk (rising edge)
     Capturing clock:                           clk (rising edge)

     Requested period:                       2000ps
   + Delay of the capturing clock:           2272ps
   - Clock uncertainty:                       150ps
   = Required time:                          4122ps
   - Propagation time:                       2677ps (48.7% logic, 51.3% route, logic stage 1)
   - Delay of the launching clock:           2272ps
   = Slack:                                  -827ps

   Instance/Pin or Net Name   Type         ID     Location or Fanout   Delay(ps)  Edge  Arrival Time(ps)    Instance detail                                                                            
   ------------------------------------------------------------------------------------------------------------------------------------------------------------------------------------------------------
   clk                        CLOCK-PORT    -                      -     launch     r               0                                                                                                  
   clk                        Clock net     5           (fanout=489)       2272                     -                                                                                                  
   RBB_11/CLK                 RBB_6L       11  [TILE 0 0, RBB 25 12]          -     r            2272                                                                                                  
   ------------------------------------------------------------------------------------------------------------------------------------------------------------------------------------------------------
   RBB_11/CQ                  RBB_6L       11  [TILE 0 0, RBB 25 12]        800     r            3072     {inst47: U_uart_rx.r_RX_Byte_FDRE_Q_2 (FDE,site=cff)}                                        
   U_uart_rx.r_RX_Byte[5]     Net           9             (fanout=3)       1372                     -                                                                                                  
   RBB_11/C1                  RBB_6L       11  [TILE 0 0, RBB 25 12]          -     r            4444     {inst115: rx_LUT5_I4 (LUT,site=cluto)} {inst47: U_uart_rx.r_RX_Byte_FDRE_Q_2 (FDE,site=cff)} 
   ------------------------------------------------------------------------------------------------------------------------------------------------------------------------------------------------------
   RBB_11/CLK                 RBB_6L       11  [TILE 0 0, RBB 25 12]        505     r            4949                                                                                                  
   clk                        Clock net     5           (fanout=489)      -2272                     -                                                                                                  
   clk                        CLOCK-PORT    -                      -    capture     r            2677                                                                                                  
   ------------------------------------------------------------------------------------------------------------------------------------------------------------------------------------------------------


Path 142:
   Slack (not met):                          -777ps
     Path type:                               SETUP
     Group:                              <UDEF_clk>
     Launching clock:                           clk (rising edge)
     Capturing clock:                           clk (rising edge)

     Requested period:                       2000ps
   + Delay of the capturing clock:           2324ps
   - Clock uncertainty:                       150ps
   = Required time:                          4174ps
   - Propagation time:                       2627ps (56.1% logic, 43.9% route, logic stage 1)
   - Delay of the launching clock:           2324ps
   = Slack:                                  -777ps

   Instance/Pin or Net Name    Type         ID     Location or Fanout   Delay(ps)  Edge  Arrival Time(ps)    Instance detail                                                                                                                   
   ----------------------------------------------------------------------------------------------------------------------------------------------------------------------------------------------------------------------------------------------
   clk                         CLOCK-PORT    -                      -     launch     r               0                                                                                                                                         
   clk                         Clock net     5           (fanout=489)       2324                     -                                                                                                                                         
   RBB_18/CLK                  RBB_6L       18  [TILE 0 0, RBB 13 16]          -     r            2324                                                                                                                                         
   ----------------------------------------------------------------------------------------------------------------------------------------------------------------------------------------------------------------------------------------------
   RBB_18/CQ                   RBB_6L       18  [TILE 0 0, RBB 13 16]        800     r            3124     {inst36: U_uart_rx.r_Clock_Count_FDRE_Q_17 (FDE,site=cff)}                                                                          
   U_uart_rx.r_Clock_Count[0]  Net          23             (fanout=4)       1154                     -                                                                                                                                         
   RBB_18/C6                   RBB_6L       18  [TILE 0 0, RBB 13 16]          -     r            4278     {inst103: rx_LUT5_I0_3_I2_CARRY4_O_O_LUT2_I1_O_LUT4_O_3 (LUT,site=clut)} {inst36: U_uart_rx.r_Clock_Count_FDRE_Q_17 (FDE,site=cff)} 
   ----------------------------------------------------------------------------------------------------------------------------------------------------------------------------------------------------------------------------------------------
   RBB_18/CLK                  RBB_6L       18  [TILE 0 0, RBB 13 16]        673     r            4951                                                                                                                                         
   clk                         Clock net     5           (fanout=489)      -2324                     -                                                                                                                                         
   clk                         CLOCK-PORT    -                      -    capture     r            2627                                                                                                                                         
   ----------------------------------------------------------------------------------------------------------------------------------------------------------------------------------------------------------------------------------------------


Path 145:
   Slack (not met):                          -747ps
     Path type:                               SETUP
     Group:                              <UDEF_clk>
     Launching clock:                           clk (rising edge)
     Capturing clock:                           clk (rising edge)

     Requested period:                       2000ps
   + Delay of the capturing clock:           2321ps
   - Clock uncertainty:                       150ps
   = Required time:                          4171ps
   - Propagation time:                       2597ps (50.9% logic, 49.1% route, logic stage 1)
   - Delay of the launching clock:           2321ps
   = Slack:                                  -747ps

   Instance/Pin or Net Name   Type         ID     Location or Fanout   Delay(ps)  Edge  Arrival Time(ps)    Instance detail                                                                                  
   ------------------------------------------------------------------------------------------------------------------------------------------------------------------------------------------------------------
   clk                        CLOCK-PORT    -                      -     launch     r               0                                                                                                        
   clk                        Clock net     5           (fanout=489)       2321                     -                                                                                                        
   RBB_7/CLK                  RBB_6L        7  [TILE 0 0, RBB 13 12]          -     r            2321                                                                                                        
   ------------------------------------------------------------------------------------------------------------------------------------------------------------------------------------------------------------
   RBB_7/DQ                   RBB_6L        7  [TILE 0 0, RBB 13 12]        800     r            3121     {inst45: U_uart_rx.r_RX_Byte_FDRE_Q (FDE,site=dff)}                                                
   U_uart_rx.r_RX_Byte[7]     Net          11             (fanout=3)       1275                     -                                                                                                        
   RBB_7/D2                   RBB_6L        7  [TILE 0 0, RBB 13 12]          -     r            4396     {inst71: rx_LUT3_I0_O_LUT3_O (LUT,site=dluto)} {inst45: U_uart_rx.r_RX_Byte_FDRE_Q (FDE,site=dff)} 
   ------------------------------------------------------------------------------------------------------------------------------------------------------------------------------------------------------------
   RBB_7/CLK                  RBB_6L        7  [TILE 0 0, RBB 13 12]        522     r            4918                                                                                                        
   clk                        Clock net     5           (fanout=489)      -2321                     -                                                                                                        
   clk                        CLOCK-PORT    -                      -    capture     r            2597                                                                                                        
   ------------------------------------------------------------------------------------------------------------------------------------------------------------------------------------------------------------


Path 140:
   Slack (not met):                          -707ps
     Path type:                               SETUP
     Group:                              <UDEF_clk>
     Launching clock:                           clk (rising edge)
     Capturing clock:                           clk (rising edge)

     Requested period:                       2000ps
   + Delay of the capturing clock:           2321ps
   - Clock uncertainty:                       150ps
   = Required time:                          4171ps
   - Propagation time:                       2557ps (51.0% logic, 49.0% route, logic stage 1)
   - Delay of the launching clock:           2321ps
   = Slack:                                  -707ps

   Instance/Pin or Net Name   Type         ID     Location or Fanout   Delay(ps)  Edge  Arrival Time(ps)    Instance detail                                                                                    
   --------------------------------------------------------------------------------------------------------------------------------------------------------------------------------------------------------------
   clk                        CLOCK-PORT    -                      -     launch     r               0                                                                                                          
   clk                        Clock net     5           (fanout=489)       2321                     -                                                                                                          
   RBB_7/CLK                  RBB_6L        7  [TILE 0 0, RBB 13 12]          -     r            2321                                                                                                          
   --------------------------------------------------------------------------------------------------------------------------------------------------------------------------------------------------------------
   RBB_7/CQ                   RBB_6L        7  [TILE 0 0, RBB 13 12]        800     r            3121     {inst49: U_uart_rx.r_RX_Byte_FDRE_Q_4 (FDE,site=cff)}                                                
   U_uart_rx.r_RX_Byte[3]     Net          15             (fanout=2)       1252                     -                                                                                                          
   RBB_7/C2                   RBB_6L        7  [TILE 0 0, RBB 13 12]          -     r            4373     {inst72: rx_LUT3_I0_O_LUT4_O (LUT,site=cluto)} {inst49: U_uart_rx.r_RX_Byte_FDRE_Q_4 (FDE,site=cff)} 
   --------------------------------------------------------------------------------------------------------------------------------------------------------------------------------------------------------------
   RBB_7/CLK                  RBB_6L        7  [TILE 0 0, RBB 13 12]        505     r            4878                                                                                                          
   clk                        Clock net     5           (fanout=489)      -2321                     -                                                                                                          
   clk                        CLOCK-PORT    -                      -    capture     r            2557                                                                                                          
   --------------------------------------------------------------------------------------------------------------------------------------------------------------------------------------------------------------


Path 143:
   Slack (not met):                          -577ps
     Path type:                               SETUP
     Group:                              <UDEF_clk>
     Launching clock:                           clk (rising edge)
     Capturing clock:                           clk (rising edge)

     Requested period:                       2000ps
   + Delay of the capturing clock:           2272ps
   - Clock uncertainty:                       150ps
   = Required time:                          4122ps
   - Propagation time:                       2427ps (54.3% logic, 45.7% route, logic stage 1)
   - Delay of the launching clock:           2272ps
   = Slack:                                  -577ps

   Instance/Pin or Net Name   Type         ID     Location or Fanout   Delay(ps)  Edge  Arrival Time(ps)    Instance detail                                                                             
   -------------------------------------------------------------------------------------------------------------------------------------------------------------------------------------------------------
   clk                        CLOCK-PORT    -                      -     launch     r               0                                                                                                   
   clk                        Clock net     5           (fanout=489)       2272                     -                                                                                                   
   RBB_11/CLK                 RBB_6L       11  [TILE 0 0, RBB 25 12]          -     r            2272                                                                                                   
   -------------------------------------------------------------------------------------------------------------------------------------------------------------------------------------------------------
   RBB_11/DQ                  RBB_6L       11  [TILE 0 0, RBB 25 12]        800     r            3072     {inst46: U_uart_rx.r_RX_Byte_FDRE_Q_1 (FDE,site=dff)}                                         
   U_uart_rx.r_RX_Byte[6]     Net          10             (fanout=2)       1110                     -                                                                                                   
   RBB_11/D1                  RBB_6L       11  [TILE 0 0, RBB 25 12]          -     r            4182     {inst76: rx_LUT5_I0_1 (LUT,site=dluto)} {inst46: U_uart_rx.r_RX_Byte_FDRE_Q_1 (FDE,site=dff)} 
   -------------------------------------------------------------------------------------------------------------------------------------------------------------------------------------------------------
   RBB_11/CLK                 RBB_6L       11  [TILE 0 0, RBB 25 12]        517     r            4699                                                                                                   
   clk                        Clock net     5           (fanout=489)      -2272                     -                                                                                                   
   clk                        CLOCK-PORT    -                      -    capture     r            2427                                                                                                   
   -------------------------------------------------------------------------------------------------------------------------------------------------------------------------------------------------------













