Timing Summary
==============

   POST-ROUTE

         Group  No. Clocks  No. Clock Pairs  WNS(ps)  TNS(ps)  TNS Endpoints      
   -----------  ----------  ---------------  -------  -------  -------------      
    <UDEF_clk>           1                1    -7561  -639786            143      




Clocks
======

            Clock    Clock net        Group  Constrained Period(ps)      Waveform(ps)   Achievable Period(ps)  Achievable Frequency(MHz)
   --------------  -----------  -----------  ----------------------  -----------------  ---------------------  -------------------------
              clk          clk   <UDEF_clk>           (auto) 2000            (0,1000)                   9560                    104.603 




Clock Relationships
===================

       From Clock        To Clock               Group    Endpoints     WNS(ps)    TNS(ps)  TNS Endpoints
   --------------  --------------  ------------------  -----------  ----------  ---------  -------------
              clk             clk          <UDEF_clk>          143       -7561    -639786            143




Timing Details for Clock Pair clk and clk
=========================================

       From Clock        To Clock               Group    Endpoints     WNS(ps)    TNS(ps)  TNS Endpoints
   --------------  --------------  ------------------  -----------  ----------  ---------  -------------
              clk             clk          <UDEF_clk>          143       -7561    -639786            143

Path 334:
   Slack (not met):                         -7561ps
     Path type:                               SETUP
     Group:                              <UDEF_clk>
     Launching clock:                           clk (rising edge)
     Capturing clock:                           clk (rising edge)

     Requested period:                       2000ps
   + Delay of the capturing clock:           2315ps
   - Clock uncertainty:                       150ps
   = Required time:                          4165ps
   - Propagation time:                       9405ps (55.4% logic, 44.6% route, logic stage 5)
   - Delay of the launching clock:           2321ps
   = Slack:                                 -7561ps

   Instance/Pin or Net Name                            Type         ID     Location or Fanout   Delay(ps)  Edge  Arrival Time(ps)    Instance detail                                                                                                 
   ----------------------------------------------------------------------------------------------------------------------------------------------------------------------------------------------------------------------------------------------------
   clk                                                 CLOCK-PORT    -                      -     launch     r               0                                                                                                                       
   clk                                                 Clock net     5           (fanout=489)       2321                     -                                                                                                                       
   RBB_16/CLK                                          RBB_6L       16  [TILE 0 0, RBB 13 14]          -     r            2321                                                                                                                       
   ----------------------------------------------------------------------------------------------------------------------------------------------------------------------------------------------------------------------------------------------------
   RBB_16/AQ                                           RBB_6L       16  [TILE 0 0, RBB 13 14]        800     r            3121     {inst33: U_uart_rx.r_Clock_Count_FDRE_Q_14 (FDE,site=aff)}                                                        
   U_uart_rx.r_Clock_Count[3]                          Net          22             (fanout=4)       1482                     -                                                                                                                       
   RBB_18/A3                                           RBB_6L       18  [TILE 0 0, RBB 13 16]          -     r            4603                                                                                                                       
   RBB_18/A                                            RBB_6L       18  [TILE 0 0, RBB 13 16]        763     r            5366     {inst87: rx_LUT5_I0_3_I2_CARRY4_O_O_2_CARRY4_O_DI_LUT5_O (LUT,site=alut)}                                         
   rx_LUT5_I0_3_I2_CARRY4_O_O_2_CARRY4_O_DI            Net          55             (fanout=1)        941                     -                                                                                                                       
   RBB_12/A6                                           RBB_6L       12  [TILE 0 0, RBB 10 14]          -     r            6307                                                                                                                       
   RBB_12/DMUX                                         RBB_6L       12  [TILE 0 0, RBB 10 14]       1328     r            7635     {inst86: rx_LUT5_I0_3_I2_CARRY4_O_O_2_CARRY4_O (CARRY4)}                                                          
   rx_LUT5_I0_3_I2_CARRY4_O_O_2[3]                     Net         155            (fanout=13)        601                     -                                                                                                                       
   RBB_15/D2                                           RBB_6L       15   [TILE 0 0, RBB 7 14]          -     r            8236                                                                                                                       
   RBB_15/D                                            RBB_6L       15   [TILE 0 0, RBB 7 14]        694     r            8930     {inst21: U_uart_rx.FSM_STATE_FDRE_Q_D_MUXF8_O_I1_MUXF7_O_I1_LUT2_O (LUT,site=dlut)}                               
   U_uart_rx.FSM_STATE_FDRE_Q_D_MUXF8_O_I1_MUXF7_O_I1  Net          75             (fanout=1)        593                     -                                                                                                                       
   RBB_15/A3                                           RBB_6L       15   [TILE 0 0, RBB 7 14]          -     r            9523                                                                                                                       
   RBB_15/AMUX                                         RBB_6L       15   [TILE 0 0, RBB 7 14]        682     r           10205     {inst20: U_uart_rx.FSM_STATE_FDRE_Q_D_MUXF8_O_I1_MUXF7_O (LUT,site=aluto)}                                        
   U_uart_rx.FSM_STATE_FDRE_Q_D_MUXF8_O_I1             Net         158             (fanout=1)        581                     -                                                                                                                       
   RBB_15/A1                                           RBB_6L       15   [TILE 0 0, RBB 7 14]          -     r           10786     {inst13: U_uart_rx.FSM_STATE_FDRE_Q_D_MUXF8_O (LUT,site=alut)} {inst10: U_uart_rx.FSM_STATE_FDRE_Q (FD,site=aff)} 
   ----------------------------------------------------------------------------------------------------------------------------------------------------------------------------------------------------------------------------------------------------
   RBB_15/CLK                                          RBB_6L       15   [TILE 0 0, RBB 7 14]        940     r           11726                                                                                                                       
   clk                                                 Clock net     5           (fanout=489)      -2315                     -                                                                                                                       
   clk                                                 CLOCK-PORT    -                      -    capture     r            9411                                                                                                                       
   ----------------------------------------------------------------------------------------------------------------------------------------------------------------------------------------------------------------------------------------------------


Path 26:
   Slack (not met):                         -7271ps
     Path type:                               SETUP
     Group:                              <UDEF_clk>
     Launching clock:                           clk (rising edge)
     Capturing clock:                           clk (rising edge)

     Requested period:                       2000ps
   + Delay of the capturing clock:           2323ps
   - Clock uncertainty:                       150ps
   = Required time:                          4173ps
   - Propagation time:                       9123ps (47.3% logic, 52.7% route, logic stage 4)
   - Delay of the launching clock:           2321ps
   = Slack:                                 -7271ps

   Instance/Pin or Net Name      Type         ID     Location or Fanout   Delay(ps)  Edge  Arrival Time(ps)    Instance detail                                             
   --------------------------------------------------------------------------------------------------------------------------------------------------------------------------
   clk                           CLOCK-PORT    -                      -     launch     r               0                                                                   
   clk                           Clock net     5           (fanout=489)       2321                     -                                                                   
   RBB_16/CLK                    RBB_6L       16  [TILE 0 0, RBB 13 14]          -     r            2321                                                                   
   --------------------------------------------------------------------------------------------------------------------------------------------------------------------------
   RBB_16/CMUX                   RBB_6L       16  [TILE 0 0, RBB 13 14]       1380     r            3701     {inst34: U_uart_rx.r_Clock_Count_FDRE_Q_15 (FDE,site=cffo)}   
   U_uart_rx.r_Clock_Count[2]    Net          21             (fanout=4)        949                     -                                                                   
   RBB_18/B5                     RBB_6L       18  [TILE 0 0, RBB 13 16]          -     r            4650                                                                   
   RBB_18/B                      RBB_6L       18  [TILE 0 0, RBB 13 16]        717     r            5367     {inst111: rx_LUT5_I0_3_I3_LUT5_O_I0_LUT3_O (LUT,site=blut)}   
   rx_LUT5_I0_3_I3_LUT5_O_I0[3]  Net         137             (fanout=1)       1375                     -                                                                   
   RBB_13/D4                     RBB_6L       13  [TILE 0 0, RBB 10 10]          -     r            6742                                                                   
   RBB_13/D                      RBB_6L       13  [TILE 0 0, RBB 10 10]        608     r            7350     {inst110: rx_LUT5_I0_3_I3_LUT5_O (LUT,site=dlut)}             
   rx_LUT5_I0_3_I3[2]            Net          59             (fanout=8)       1324                     -                                                                   
   RBB_6/D5                      RBB_6L        6   [TILE 0 0, RBB 7 12]          -     r            8674                                                                   
   RBB_6/DMUX                    RBB_6L        6   [TILE 0 0, RBB 7 12]        875     r            9549     {inst78: rx_LUT5_I0_3 (LUT,site=dluto)}                       
   rx_LUT5_I0_3_O                Net         128             (fanout=4)       1156                     -                                                                   
   RBB_17/A6                     RBB_6L       17  [TILE 0 0, RBB 13 10]          -     r           10705     {<CE>inst42: U_uart_rx.r_Clock_Count_FDRE_Q_7 (FDE,site=aff)} 
   --------------------------------------------------------------------------------------------------------------------------------------------------------------------------
   RBB_17/CLK                    RBB_6L       17  [TILE 0 0, RBB 13 10]        739     r           11444                                                                   
   clk                           Clock net     5           (fanout=489)      -2323                     -                                                                   
   clk                           CLOCK-PORT    -                      -    capture     r            9121                                                                   
   --------------------------------------------------------------------------------------------------------------------------------------------------------------------------


Path 21:
   Slack (not met):                         -7271ps
     Path type:                               SETUP
     Group:                              <UDEF_clk>
     Launching clock:                           clk (rising edge)
     Capturing clock:                           clk (rising edge)

     Requested period:                       2000ps
   + Delay of the capturing clock:           2323ps
   - Clock uncertainty:                       150ps
   = Required time:                          4173ps
   - Propagation time:                       9123ps (47.3% logic, 52.7% route, logic stage 4)
   - Delay of the launching clock:           2321ps
   = Slack:                                 -7271ps

   Instance/Pin or Net Name      Type         ID     Location or Fanout   Delay(ps)  Edge  Arrival Time(ps)    Instance detail                                              
   ---------------------------------------------------------------------------------------------------------------------------------------------------------------------------
   clk                           CLOCK-PORT    -                      -     launch     r               0                                                                    
   clk                           Clock net     5           (fanout=489)       2321                     -                                                                    
   RBB_16/CLK                    RBB_6L       16  [TILE 0 0, RBB 13 14]          -     r            2321                                                                    
   ---------------------------------------------------------------------------------------------------------------------------------------------------------------------------
   RBB_16/CMUX                   RBB_6L       16  [TILE 0 0, RBB 13 14]       1380     r            3701     {inst34: U_uart_rx.r_Clock_Count_FDRE_Q_15 (FDE,site=cffo)}    
   U_uart_rx.r_Clock_Count[2]    Net          21             (fanout=4)        949                     -                                                                    
   RBB_18/B5                     RBB_6L       18  [TILE 0 0, RBB 13 16]          -     r            4650                                                                    
   RBB_18/B                      RBB_6L       18  [TILE 0 0, RBB 13 16]        717     r            5367     {inst111: rx_LUT5_I0_3_I3_LUT5_O_I0_LUT3_O (LUT,site=blut)}    
   rx_LUT5_I0_3_I3_LUT5_O_I0[3]  Net         137             (fanout=1)       1375                     -                                                                    
   RBB_13/D4                     RBB_6L       13  [TILE 0 0, RBB 10 10]          -     r            6742                                                                    
   RBB_13/D                      RBB_6L       13  [TILE 0 0, RBB 10 10]        608     r            7350     {inst110: rx_LUT5_I0_3_I3_LUT5_O (LUT,site=dlut)}              
   rx_LUT5_I0_3_I3[2]            Net          59             (fanout=8)       1324                     -                                                                    
   RBB_6/D5                      RBB_6L        6   [TILE 0 0, RBB 7 12]          -     r            8674                                                                    
   RBB_6/DMUX                    RBB_6L        6   [TILE 0 0, RBB 7 12]        875     r            9549     {inst78: rx_LUT5_I0_3 (LUT,site=dluto)}                        
   rx_LUT5_I0_3_O                Net         128             (fanout=4)       1156                     -                                                                    
   RBB_17/A6                     RBB_6L       17  [TILE 0 0, RBB 13 10]          -     r           10705     {<CE>inst29: U_uart_rx.r_Clock_Count_FDRE_Q_10 (FDE,site=bff)} 
   ---------------------------------------------------------------------------------------------------------------------------------------------------------------------------
   RBB_17/CLK                    RBB_6L       17  [TILE 0 0, RBB 13 10]        739     r           11444                                                                    
   clk                           Clock net     5           (fanout=489)      -2323                     -                                                                    
   clk                           CLOCK-PORT    -                      -    capture     r            9121                                                                    
   ---------------------------------------------------------------------------------------------------------------------------------------------------------------------------


Path 20:
   Slack (not met):                         -7271ps
     Path type:                               SETUP
     Group:                              <UDEF_clk>
     Launching clock:                           clk (rising edge)
     Capturing clock:                           clk (rising edge)

     Requested period:                       2000ps
   + Delay of the capturing clock:           2323ps
   - Clock uncertainty:                       150ps
   = Required time:                          4173ps
   - Propagation time:                       9123ps (47.3% logic, 52.7% route, logic stage 4)
   - Delay of the launching clock:           2321ps
   = Slack:                                 -7271ps

   Instance/Pin or Net Name      Type         ID     Location or Fanout   Delay(ps)  Edge  Arrival Time(ps)    Instance detail                                              
   ---------------------------------------------------------------------------------------------------------------------------------------------------------------------------
   clk                           CLOCK-PORT    -                      -     launch     r               0                                                                    
   clk                           Clock net     5           (fanout=489)       2321                     -                                                                    
   RBB_16/CLK                    RBB_6L       16  [TILE 0 0, RBB 13 14]          -     r            2321                                                                    
   ---------------------------------------------------------------------------------------------------------------------------------------------------------------------------
   RBB_16/CMUX                   RBB_6L       16  [TILE 0 0, RBB 13 14]       1380     r            3701     {inst34: U_uart_rx.r_Clock_Count_FDRE_Q_15 (FDE,site=cffo)}    
   U_uart_rx.r_Clock_Count[2]    Net          21             (fanout=4)        949                     -                                                                    
   RBB_18/B5                     RBB_6L       18  [TILE 0 0, RBB 13 16]          -     r            4650                                                                    
   RBB_18/B                      RBB_6L       18  [TILE 0 0, RBB 13 16]        717     r            5367     {inst111: rx_LUT5_I0_3_I3_LUT5_O_I0_LUT3_O (LUT,site=blut)}    
   rx_LUT5_I0_3_I3_LUT5_O_I0[3]  Net         137             (fanout=1)       1375                     -                                                                    
   RBB_13/D4                     RBB_6L       13  [TILE 0 0, RBB 10 10]          -     r            6742                                                                    
   RBB_13/D                      RBB_6L       13  [TILE 0 0, RBB 10 10]        608     r            7350     {inst110: rx_LUT5_I0_3_I3_LUT5_O (LUT,site=dlut)}              
   rx_LUT5_I0_3_I3[2]            Net          59             (fanout=8)       1324                     -                                                                    
   RBB_6/D5                      RBB_6L        6   [TILE 0 0, RBB 7 12]          -     r            8674                                                                    
   RBB_6/DMUX                    RBB_6L        6   [TILE 0 0, RBB 7 12]        875     r            9549     {inst78: rx_LUT5_I0_3 (LUT,site=dluto)}                        
   rx_LUT5_I0_3_O                Net         128             (fanout=4)       1156                     -                                                                    
   RBB_17/A6                     RBB_6L       17  [TILE 0 0, RBB 13 10]          -     r           10705     {<CE>inst41: U_uart_rx.r_Clock_Count_FDRE_Q_6 (FDE,site=cffo)} 
   ---------------------------------------------------------------------------------------------------------------------------------------------------------------------------
   RBB_17/CLK                    RBB_6L       17  [TILE 0 0, RBB 13 10]        739     r           11444                                                                    
   clk                           Clock net     5           (fanout=489)      -2323                     -                                                                    
   clk                           CLOCK-PORT    -                      -    capture     r            9121                                                                    
   ---------------------------------------------------------------------------------------------------------------------------------------------------------------------------


Path 19:
   Slack (not met):                         -7271ps
     Path type:                               SETUP
     Group:                              <UDEF_clk>
     Launching clock:                           clk (rising edge)
     Capturing clock:                           clk (rising edge)

     Requested period:                       2000ps
   + Delay of the capturing clock:           2323ps
   - Clock uncertainty:                       150ps
   = Required time:                          4173ps
   - Propagation time:                       9123ps (47.3% logic, 52.7% route, logic stage 4)
   - Delay of the launching clock:           2321ps
   = Slack:                                 -7271ps

   Instance/Pin or Net Name      Type         ID     Location or Fanout   Delay(ps)  Edge  Arrival Time(ps)    Instance detail                                             
   --------------------------------------------------------------------------------------------------------------------------------------------------------------------------
   clk                           CLOCK-PORT    -                      -     launch     r               0                                                                   
   clk                           Clock net     5           (fanout=489)       2321                     -                                                                   
   RBB_16/CLK                    RBB_6L       16  [TILE 0 0, RBB 13 14]          -     r            2321                                                                   
   --------------------------------------------------------------------------------------------------------------------------------------------------------------------------
   RBB_16/CMUX                   RBB_6L       16  [TILE 0 0, RBB 13 14]       1380     r            3701     {inst34: U_uart_rx.r_Clock_Count_FDRE_Q_15 (FDE,site=cffo)}   
   U_uart_rx.r_Clock_Count[2]    Net          21             (fanout=4)        949                     -                                                                   
   RBB_18/B5                     RBB_6L       18  [TILE 0 0, RBB 13 16]          -     r            4650                                                                   
   RBB_18/B                      RBB_6L       18  [TILE 0 0, RBB 13 16]        717     r            5367     {inst111: rx_LUT5_I0_3_I3_LUT5_O_I0_LUT3_O (LUT,site=blut)}   
   rx_LUT5_I0_3_I3_LUT5_O_I0[3]  Net         137             (fanout=1)       1375                     -                                                                   
   RBB_13/D4                     RBB_6L       13  [TILE 0 0, RBB 10 10]          -     r            6742                                                                   
   RBB_13/D                      RBB_6L       13  [TILE 0 0, RBB 10 10]        608     r            7350     {inst110: rx_LUT5_I0_3_I3_LUT5_O (LUT,site=dlut)}             
   rx_LUT5_I0_3_I3[2]            Net          59             (fanout=8)       1324                     -                                                                   
   RBB_6/D5                      RBB_6L        6   [TILE 0 0, RBB 7 12]          -     r            8674                                                                   
   RBB_6/DMUX                    RBB_6L        6   [TILE 0 0, RBB 7 12]        875     r            9549     {inst78: rx_LUT5_I0_3 (LUT,site=dluto)}                       
   rx_LUT5_I0_3_O                Net         128             (fanout=4)       1156                     -                                                                   
   RBB_17/A6                     RBB_6L       17  [TILE 0 0, RBB 13 10]          -     r           10705     {<CE>inst44: U_uart_rx.r_Clock_Count_FDRE_Q_9 (FDE,site=cff)} 
   --------------------------------------------------------------------------------------------------------------------------------------------------------------------------
   RBB_17/CLK                    RBB_6L       17  [TILE 0 0, RBB 13 10]        739     r           11444                                                                   
   clk                           Clock net     5           (fanout=489)      -2323                     -                                                                   
   clk                           CLOCK-PORT    -                      -    capture     r            9121                                                                   
   --------------------------------------------------------------------------------------------------------------------------------------------------------------------------


Path 25:
   Slack (not met):                         -7271ps
     Path type:                               SETUP
     Group:                              <UDEF_clk>
     Launching clock:                           clk (rising edge)
     Capturing clock:                           clk (rising edge)

     Requested period:                       2000ps
   + Delay of the capturing clock:           2323ps
   - Clock uncertainty:                       150ps
   = Required time:                          4173ps
   - Propagation time:                       9123ps (47.3% logic, 52.7% route, logic stage 4)
   - Delay of the launching clock:           2321ps
   = Slack:                                 -7271ps

   Instance/Pin or Net Name      Type         ID     Location or Fanout   Delay(ps)  Edge  Arrival Time(ps)    Instance detail                                              
   ---------------------------------------------------------------------------------------------------------------------------------------------------------------------------
   clk                           CLOCK-PORT    -                      -     launch     r               0                                                                    
   clk                           Clock net     5           (fanout=489)       2321                     -                                                                    
   RBB_16/CLK                    RBB_6L       16  [TILE 0 0, RBB 13 14]          -     r            2321                                                                    
   ---------------------------------------------------------------------------------------------------------------------------------------------------------------------------
   RBB_16/CMUX                   RBB_6L       16  [TILE 0 0, RBB 13 14]       1380     r            3701     {inst34: U_uart_rx.r_Clock_Count_FDRE_Q_15 (FDE,site=cffo)}    
   U_uart_rx.r_Clock_Count[2]    Net          21             (fanout=4)        949                     -                                                                    
   RBB_18/B5                     RBB_6L       18  [TILE 0 0, RBB 13 16]          -     r            4650                                                                    
   RBB_18/B                      RBB_6L       18  [TILE 0 0, RBB 13 16]        717     r            5367     {inst111: rx_LUT5_I0_3_I3_LUT5_O_I0_LUT3_O (LUT,site=blut)}    
   rx_LUT5_I0_3_I3_LUT5_O_I0[3]  Net         137             (fanout=1)       1375                     -                                                                    
   RBB_13/D4                     RBB_6L       13  [TILE 0 0, RBB 10 10]          -     r            6742                                                                    
   RBB_13/D                      RBB_6L       13  [TILE 0 0, RBB 10 10]        608     r            7350     {inst110: rx_LUT5_I0_3_I3_LUT5_O (LUT,site=dlut)}              
   rx_LUT5_I0_3_I3[2]            Net          59             (fanout=8)       1324                     -                                                                    
   RBB_6/D5                      RBB_6L        6   [TILE 0 0, RBB 7 12]          -     r            8674                                                                    
   RBB_6/DMUX                    RBB_6L        6   [TILE 0 0, RBB 7 12]        875     r            9549     {inst78: rx_LUT5_I0_3 (LUT,site=dluto)}                        
   rx_LUT5_I0_3_O                Net         128             (fanout=4)       1156                     -                                                                    
   RBB_17/A6                     RBB_6L       17  [TILE 0 0, RBB 13 10]          -     r           10705     {<CE>inst43: U_uart_rx.r_Clock_Count_FDRE_Q_8 (FDE,site=affo)} 
   ---------------------------------------------------------------------------------------------------------------------------------------------------------------------------
   RBB_17/CLK                    RBB_6L       17  [TILE 0 0, RBB 13 10]        739     r           11444                                                                    
   clk                           Clock net     5           (fanout=489)      -2323                     -                                                                    
   clk                           CLOCK-PORT    -                      -    capture     r            9121                                                                    
   ---------------------------------------------------------------------------------------------------------------------------------------------------------------------------


Path 15:
   Slack (not met):                         -7231ps
     Path type:                               SETUP
     Group:                              <UDEF_clk>
     Launching clock:                           clk (rising edge)
     Capturing clock:                           clk (rising edge)

     Requested period:                       2000ps
   + Delay of the capturing clock:           2324ps
   - Clock uncertainty:                       150ps
   = Required time:                          4174ps
   - Propagation time:                       9084ps (47.5% logic, 52.5% route, logic stage 4)
   - Delay of the launching clock:           2321ps
   = Slack:                                 -7231ps

   Instance/Pin or Net Name      Type         ID     Location or Fanout   Delay(ps)  Edge  Arrival Time(ps)    Instance detail                                              
   ---------------------------------------------------------------------------------------------------------------------------------------------------------------------------
   clk                           CLOCK-PORT    -                      -     launch     r               0                                                                    
   clk                           Clock net     5           (fanout=489)       2321                     -                                                                    
   RBB_16/CLK                    RBB_6L       16  [TILE 0 0, RBB 13 14]          -     r            2321                                                                    
   ---------------------------------------------------------------------------------------------------------------------------------------------------------------------------
   RBB_16/CMUX                   RBB_6L       16  [TILE 0 0, RBB 13 14]       1380     r            3701     {inst34: U_uart_rx.r_Clock_Count_FDRE_Q_15 (FDE,site=cffo)}    
   U_uart_rx.r_Clock_Count[2]    Net          21             (fanout=4)        949                     -                                                                    
   RBB_18/B5                     RBB_6L       18  [TILE 0 0, RBB 13 16]          -     r            4650                                                                    
   RBB_18/B                      RBB_6L       18  [TILE 0 0, RBB 13 16]        717     r            5367     {inst111: rx_LUT5_I0_3_I3_LUT5_O_I0_LUT3_O (LUT,site=blut)}    
   rx_LUT5_I0_3_I3_LUT5_O_I0[3]  Net         137             (fanout=1)       1375                     -                                                                    
   RBB_13/D4                     RBB_6L       13  [TILE 0 0, RBB 10 10]          -     r            6742                                                                    
   RBB_13/D                      RBB_6L       13  [TILE 0 0, RBB 10 10]        608     r            7350     {inst110: rx_LUT5_I0_3_I3_LUT5_O (LUT,site=dlut)}              
   rx_LUT5_I0_3_I3[2]            Net          59             (fanout=8)       1324                     -                                                                    
   RBB_6/D5                      RBB_6L        6   [TILE 0 0, RBB 7 12]          -     r            8674                                                                    
   RBB_6/DMUX                    RBB_6L        6   [TILE 0 0, RBB 7 12]        875     r            9549     {inst78: rx_LUT5_I0_3 (LUT,site=dluto)}                        
   rx_LUT5_I0_3_O                Net         128             (fanout=4)       1117                     -                                                                    
   RBB_18/A6                     RBB_6L       18  [TILE 0 0, RBB 13 16]          -     r           10666     {<CE>inst35: U_uart_rx.r_Clock_Count_FDRE_Q_16 (FDE,site=dff)} 
   ---------------------------------------------------------------------------------------------------------------------------------------------------------------------------
   RBB_18/CLK                    RBB_6L       18  [TILE 0 0, RBB 13 16]        739     r           11405                                                                    
   clk                           Clock net     5           (fanout=489)      -2324                     -                                                                    
   clk                           CLOCK-PORT    -                      -    capture     r            9081                                                                    
   ---------------------------------------------------------------------------------------------------------------------------------------------------------------------------


Path 14:
   Slack (not met):                         -7231ps
     Path type:                               SETUP
     Group:                              <UDEF_clk>
     Launching clock:                           clk (rising edge)
     Capturing clock:                           clk (rising edge)

     Requested period:                       2000ps
   + Delay of the capturing clock:           2324ps
   - Clock uncertainty:                       150ps
   = Required time:                          4174ps
   - Propagation time:                       9084ps (47.5% logic, 52.5% route, logic stage 4)
   - Delay of the launching clock:           2321ps
   = Slack:                                 -7231ps

   Instance/Pin or Net Name      Type         ID     Location or Fanout   Delay(ps)  Edge  Arrival Time(ps)    Instance detail                                              
   ---------------------------------------------------------------------------------------------------------------------------------------------------------------------------
   clk                           CLOCK-PORT    -                      -     launch     r               0                                                                    
   clk                           Clock net     5           (fanout=489)       2321                     -                                                                    
   RBB_16/CLK                    RBB_6L       16  [TILE 0 0, RBB 13 14]          -     r            2321                                                                    
   ---------------------------------------------------------------------------------------------------------------------------------------------------------------------------
   RBB_16/CMUX                   RBB_6L       16  [TILE 0 0, RBB 13 14]       1380     r            3701     {inst34: U_uart_rx.r_Clock_Count_FDRE_Q_15 (FDE,site=cffo)}    
   U_uart_rx.r_Clock_Count[2]    Net          21             (fanout=4)        949                     -                                                                    
   RBB_18/B5                     RBB_6L       18  [TILE 0 0, RBB 13 16]          -     r            4650                                                                    
   RBB_18/B                      RBB_6L       18  [TILE 0 0, RBB 13 16]        717     r            5367     {inst111: rx_LUT5_I0_3_I3_LUT5_O_I0_LUT3_O (LUT,site=blut)}    
   rx_LUT5_I0_3_I3_LUT5_O_I0[3]  Net         137             (fanout=1)       1375                     -                                                                    
   RBB_13/D4                     RBB_6L       13  [TILE 0 0, RBB 10 10]          -     r            6742                                                                    
   RBB_13/D                      RBB_6L       13  [TILE 0 0, RBB 10 10]        608     r            7350     {inst110: rx_LUT5_I0_3_I3_LUT5_O (LUT,site=dlut)}              
   rx_LUT5_I0_3_I3[2]            Net          59             (fanout=8)       1324                     -                                                                    
   RBB_6/D5                      RBB_6L        6   [TILE 0 0, RBB 7 12]          -     r            8674                                                                    
   RBB_6/DMUX                    RBB_6L        6   [TILE 0 0, RBB 7 12]        875     r            9549     {inst78: rx_LUT5_I0_3 (LUT,site=dluto)}                        
   rx_LUT5_I0_3_O                Net         128             (fanout=4)       1117                     -                                                                    
   RBB_18/A6                     RBB_6L       18  [TILE 0 0, RBB 13 16]          -     r           10666     {<CE>inst36: U_uart_rx.r_Clock_Count_FDRE_Q_17 (FDE,site=cff)} 
   ---------------------------------------------------------------------------------------------------------------------------------------------------------------------------
   RBB_18/CLK                    RBB_6L       18  [TILE 0 0, RBB 13 16]        739     r           11405                                                                    
   clk                           Clock net     5           (fanout=489)      -2324                     -                                                                    
   clk                           CLOCK-PORT    -                      -    capture     r            9081                                                                    
   ---------------------------------------------------------------------------------------------------------------------------------------------------------------------------


Path 16:
   Slack (not met):                         -7134ps
     Path type:                               SETUP
     Group:                              <UDEF_clk>
     Launching clock:                           clk (rising edge)
     Capturing clock:                           clk (rising edge)

     Requested period:                       2000ps
   + Delay of the capturing clock:           2347ps
   - Clock uncertainty:                       150ps
   = Required time:                          4197ps
   - Propagation time:                       9010ps (50.3% logic, 49.7% route, logic stage 4)
   - Delay of the launching clock:           2321ps
   = Slack:                                 -7134ps

   Instance/Pin or Net Name      Type         ID     Location or Fanout   Delay(ps)  Edge  Arrival Time(ps)    Instance detail                                              
   ---------------------------------------------------------------------------------------------------------------------------------------------------------------------------
   clk                           CLOCK-PORT    -                      -     launch     r               0                                                                    
   clk                           Clock net     5           (fanout=489)       2321                     -                                                                    
   RBB_16/CLK                    RBB_6L       16  [TILE 0 0, RBB 13 14]          -     r            2321                                                                    
   ---------------------------------------------------------------------------------------------------------------------------------------------------------------------------
   RBB_16/CMUX                   RBB_6L       16  [TILE 0 0, RBB 13 14]       1380     r            3701     {inst34: U_uart_rx.r_Clock_Count_FDRE_Q_15 (FDE,site=cffo)}    
   U_uart_rx.r_Clock_Count[2]    Net          21             (fanout=4)        949                     -                                                                    
   RBB_18/B5                     RBB_6L       18  [TILE 0 0, RBB 13 16]          -     r            4650                                                                    
   RBB_18/B                      RBB_6L       18  [TILE 0 0, RBB 13 16]        717     r            5367     {inst111: rx_LUT5_I0_3_I3_LUT5_O_I0_LUT3_O (LUT,site=blut)}    
   rx_LUT5_I0_3_I3_LUT5_O_I0[3]  Net         137             (fanout=1)       1375                     -                                                                    
   RBB_13/D4                     RBB_6L       13  [TILE 0 0, RBB 10 10]          -     r            6742                                                                    
   RBB_13/D                      RBB_6L       13  [TILE 0 0, RBB 10 10]        608     r            7350     {inst110: rx_LUT5_I0_3_I3_LUT5_O (LUT,site=dlut)}              
   rx_LUT5_I0_3_I3[2]            Net          59             (fanout=8)       1324                     -                                                                    
   RBB_6/D5                      RBB_6L        6   [TILE 0 0, RBB 7 12]          -     r            8674                                                                    
   RBB_6/DMUX                    RBB_6L        6   [TILE 0 0, RBB 7 12]        875     r            9549     {inst78: rx_LUT5_I0_3 (LUT,site=dluto)}                        
   rx_LUT5_I0_3_O                Net         128             (fanout=4)        828                     -                                                                    
   RBB_19/A6                     RBB_6L       19  [TILE 0 0, RBB 10 12]          -     r           10377     {<CE>inst40: U_uart_rx.r_Clock_Count_FDRE_Q_5 (FDE,site=affo)} 
   ---------------------------------------------------------------------------------------------------------------------------------------------------------------------------
   RBB_19/CLK                    RBB_6L       19  [TILE 0 0, RBB 10 12]        954     r           11331                                                                    
   clk                           Clock net     5           (fanout=489)      -2347                     -                                                                    
   clk                           CLOCK-PORT    -                      -    capture     r            8984                                                                    
   ---------------------------------------------------------------------------------------------------------------------------------------------------------------------------


Path 29:
   Slack (not met):                         -7134ps
     Path type:                               SETUP
     Group:                              <UDEF_clk>
     Launching clock:                           clk (rising edge)
     Capturing clock:                           clk (rising edge)

     Requested period:                       2000ps
   + Delay of the capturing clock:           2347ps
   - Clock uncertainty:                       150ps
   = Required time:                          4197ps
   - Propagation time:                       9010ps (50.3% logic, 49.7% route, logic stage 4)
   - Delay of the launching clock:           2321ps
   = Slack:                                 -7134ps

   Instance/Pin or Net Name      Type         ID     Location or Fanout   Delay(ps)  Edge  Arrival Time(ps)    Instance detail                                              
   ---------------------------------------------------------------------------------------------------------------------------------------------------------------------------
   clk                           CLOCK-PORT    -                      -     launch     r               0                                                                    
   clk                           Clock net     5           (fanout=489)       2321                     -                                                                    
   RBB_16/CLK                    RBB_6L       16  [TILE 0 0, RBB 13 14]          -     r            2321                                                                    
   ---------------------------------------------------------------------------------------------------------------------------------------------------------------------------
   RBB_16/CMUX                   RBB_6L       16  [TILE 0 0, RBB 13 14]       1380     r            3701     {inst34: U_uart_rx.r_Clock_Count_FDRE_Q_15 (FDE,site=cffo)}    
   U_uart_rx.r_Clock_Count[2]    Net          21             (fanout=4)        949                     -                                                                    
   RBB_18/B5                     RBB_6L       18  [TILE 0 0, RBB 13 16]          -     r            4650                                                                    
   RBB_18/B                      RBB_6L       18  [TILE 0 0, RBB 13 16]        717     r            5367     {inst111: rx_LUT5_I0_3_I3_LUT5_O_I0_LUT3_O (LUT,site=blut)}    
   rx_LUT5_I0_3_I3_LUT5_O_I0[3]  Net         137             (fanout=1)       1375                     -                                                                    
   RBB_13/D4                     RBB_6L       13  [TILE 0 0, RBB 10 10]          -     r            6742                                                                    
   RBB_13/D                      RBB_6L       13  [TILE 0 0, RBB 10 10]        608     r            7350     {inst110: rx_LUT5_I0_3_I3_LUT5_O (LUT,site=dlut)}              
   rx_LUT5_I0_3_I3[2]            Net          59             (fanout=8)       1324                     -                                                                    
   RBB_6/D5                      RBB_6L        6   [TILE 0 0, RBB 7 12]          -     r            8674                                                                    
   RBB_6/DMUX                    RBB_6L        6   [TILE 0 0, RBB 7 12]        875     r            9549     {inst78: rx_LUT5_I0_3 (LUT,site=dluto)}                        
   rx_LUT5_I0_3_O                Net         128             (fanout=4)        828                     -                                                                    
   RBB_19/A6                     RBB_6L       19  [TILE 0 0, RBB 10 12]          -     r           10377     {<CE>inst28: U_uart_rx.r_Clock_Count_FDRE_Q_1 (FDE,site=cffo)} 
   ---------------------------------------------------------------------------------------------------------------------------------------------------------------------------
   RBB_19/CLK                    RBB_6L       19  [TILE 0 0, RBB 10 12]        954     r           11331                                                                    
   clk                           Clock net     5           (fanout=489)      -2347                     -                                                                    
   clk                           CLOCK-PORT    -                      -    capture     r            8984                                                                    
   ---------------------------------------------------------------------------------------------------------------------------------------------------------------------------


Path 27:
   Slack (not met):                         -7134ps
     Path type:                               SETUP
     Group:                              <UDEF_clk>
     Launching clock:                           clk (rising edge)
     Capturing clock:                           clk (rising edge)

     Requested period:                       2000ps
   + Delay of the capturing clock:           2347ps
   - Clock uncertainty:                       150ps
   = Required time:                          4197ps
   - Propagation time:                       9010ps (50.3% logic, 49.7% route, logic stage 4)
   - Delay of the launching clock:           2321ps
   = Slack:                                 -7134ps

   Instance/Pin or Net Name      Type         ID     Location or Fanout   Delay(ps)  Edge  Arrival Time(ps)    Instance detail                                             
   --------------------------------------------------------------------------------------------------------------------------------------------------------------------------
   clk                           CLOCK-PORT    -                      -     launch     r               0                                                                   
   clk                           Clock net     5           (fanout=489)       2321                     -                                                                   
   RBB_16/CLK                    RBB_6L       16  [TILE 0 0, RBB 13 14]          -     r            2321                                                                   
   --------------------------------------------------------------------------------------------------------------------------------------------------------------------------
   RBB_16/CMUX                   RBB_6L       16  [TILE 0 0, RBB 13 14]       1380     r            3701     {inst34: U_uart_rx.r_Clock_Count_FDRE_Q_15 (FDE,site=cffo)}   
   U_uart_rx.r_Clock_Count[2]    Net          21             (fanout=4)        949                     -                                                                   
   RBB_18/B5                     RBB_6L       18  [TILE 0 0, RBB 13 16]          -     r            4650                                                                   
   RBB_18/B                      RBB_6L       18  [TILE 0 0, RBB 13 16]        717     r            5367     {inst111: rx_LUT5_I0_3_I3_LUT5_O_I0_LUT3_O (LUT,site=blut)}   
   rx_LUT5_I0_3_I3_LUT5_O_I0[3]  Net         137             (fanout=1)       1375                     -                                                                   
   RBB_13/D4                     RBB_6L       13  [TILE 0 0, RBB 10 10]          -     r            6742                                                                   
   RBB_13/D                      RBB_6L       13  [TILE 0 0, RBB 10 10]        608     r            7350     {inst110: rx_LUT5_I0_3_I3_LUT5_O (LUT,site=dlut)}             
   rx_LUT5_I0_3_I3[2]            Net          59             (fanout=8)       1324                     -                                                                   
   RBB_6/D5                      RBB_6L        6   [TILE 0 0, RBB 7 12]          -     r            8674                                                                   
   RBB_6/DMUX                    RBB_6L        6   [TILE 0 0, RBB 7 12]        875     r            9549     {inst78: rx_LUT5_I0_3 (LUT,site=dluto)}                       
   rx_LUT5_I0_3_O                Net         128             (fanout=4)        828                     -                                                                   
   RBB_19/A6                     RBB_6L       19  [TILE 0 0, RBB 10 12]          -     r           10377     {<CE>inst37: U_uart_rx.r_Clock_Count_FDRE_Q_2 (FDE,site=bff)} 
   --------------------------------------------------------------------------------------------------------------------------------------------------------------------------
   RBB_19/CLK                    RBB_6L       19  [TILE 0 0, RBB 10 12]        954     r           11331                                                                   
   clk                           Clock net     5           (fanout=489)      -2347                     -                                                                   
   clk                           CLOCK-PORT    -                      -    capture     r            8984                                                                   
   --------------------------------------------------------------------------------------------------------------------------------------------------------------------------


Path 18:
   Slack (not met):                         -7134ps
     Path type:                               SETUP
     Group:                              <UDEF_clk>
     Launching clock:                           clk (rising edge)
     Capturing clock:                           clk (rising edge)

     Requested period:                       2000ps
   + Delay of the capturing clock:           2347ps
   - Clock uncertainty:                       150ps
   = Required time:                          4197ps
   - Propagation time:                       9010ps (50.3% logic, 49.7% route, logic stage 4)
   - Delay of the launching clock:           2321ps
   = Slack:                                 -7134ps

   Instance/Pin or Net Name      Type         ID     Location or Fanout   Delay(ps)  Edge  Arrival Time(ps)    Instance detail                                              
   ---------------------------------------------------------------------------------------------------------------------------------------------------------------------------
   clk                           CLOCK-PORT    -                      -     launch     r               0                                                                    
   clk                           Clock net     5           (fanout=489)       2321                     -                                                                    
   RBB_16/CLK                    RBB_6L       16  [TILE 0 0, RBB 13 14]          -     r            2321                                                                    
   ---------------------------------------------------------------------------------------------------------------------------------------------------------------------------
   RBB_16/CMUX                   RBB_6L       16  [TILE 0 0, RBB 13 14]       1380     r            3701     {inst34: U_uart_rx.r_Clock_Count_FDRE_Q_15 (FDE,site=cffo)}    
   U_uart_rx.r_Clock_Count[2]    Net          21             (fanout=4)        949                     -                                                                    
   RBB_18/B5                     RBB_6L       18  [TILE 0 0, RBB 13 16]          -     r            4650                                                                    
   RBB_18/B                      RBB_6L       18  [TILE 0 0, RBB 13 16]        717     r            5367     {inst111: rx_LUT5_I0_3_I3_LUT5_O_I0_LUT3_O (LUT,site=blut)}    
   rx_LUT5_I0_3_I3_LUT5_O_I0[3]  Net         137             (fanout=1)       1375                     -                                                                    
   RBB_13/D4                     RBB_6L       13  [TILE 0 0, RBB 10 10]          -     r            6742                                                                    
   RBB_13/D                      RBB_6L       13  [TILE 0 0, RBB 10 10]        608     r            7350     {inst110: rx_LUT5_I0_3_I3_LUT5_O (LUT,site=dlut)}              
   rx_LUT5_I0_3_I3[2]            Net          59             (fanout=8)       1324                     -                                                                    
   RBB_6/D5                      RBB_6L        6   [TILE 0 0, RBB 7 12]          -     r            8674                                                                    
   RBB_6/DMUX                    RBB_6L        6   [TILE 0 0, RBB 7 12]        875     r            9549     {inst78: rx_LUT5_I0_3 (LUT,site=dluto)}                        
   rx_LUT5_I0_3_O                Net         128             (fanout=4)        828                     -                                                                    
   RBB_19/A6                     RBB_6L       19  [TILE 0 0, RBB 10 12]          -     r           10377     {<CE>inst38: U_uart_rx.r_Clock_Count_FDRE_Q_3 (FDE,site=bffo)} 
   ---------------------------------------------------------------------------------------------------------------------------------------------------------------------------
   RBB_19/CLK                    RBB_6L       19  [TILE 0 0, RBB 10 12]        954     r           11331                                                                    
   clk                           Clock net     5           (fanout=489)      -2347                     -                                                                    
   clk                           CLOCK-PORT    -                      -    capture     r            8984                                                                    
   ---------------------------------------------------------------------------------------------------------------------------------------------------------------------------


Path 17:
   Slack (not met):                         -7134ps
     Path type:                               SETUP
     Group:                              <UDEF_clk>
     Launching clock:                           clk (rising edge)
     Capturing clock:                           clk (rising edge)

     Requested period:                       2000ps
   + Delay of the capturing clock:           2347ps
   - Clock uncertainty:                       150ps
   = Required time:                          4197ps
   - Propagation time:                       9010ps (50.3% logic, 49.7% route, logic stage 4)
   - Delay of the launching clock:           2321ps
   = Slack:                                 -7134ps

   Instance/Pin or Net Name      Type         ID     Location or Fanout   Delay(ps)  Edge  Arrival Time(ps)    Instance detail                                             
   --------------------------------------------------------------------------------------------------------------------------------------------------------------------------
   clk                           CLOCK-PORT    -                      -     launch     r               0                                                                   
   clk                           Clock net     5           (fanout=489)       2321                     -                                                                   
   RBB_16/CLK                    RBB_6L       16  [TILE 0 0, RBB 13 14]          -     r            2321                                                                   
   --------------------------------------------------------------------------------------------------------------------------------------------------------------------------
   RBB_16/CMUX                   RBB_6L       16  [TILE 0 0, RBB 13 14]       1380     r            3701     {inst34: U_uart_rx.r_Clock_Count_FDRE_Q_15 (FDE,site=cffo)}   
   U_uart_rx.r_Clock_Count[2]    Net          21             (fanout=4)        949                     -                                                                   
   RBB_18/B5                     RBB_6L       18  [TILE 0 0, RBB 13 16]          -     r            4650                                                                   
   RBB_18/B                      RBB_6L       18  [TILE 0 0, RBB 13 16]        717     r            5367     {inst111: rx_LUT5_I0_3_I3_LUT5_O_I0_LUT3_O (LUT,site=blut)}   
   rx_LUT5_I0_3_I3_LUT5_O_I0[3]  Net         137             (fanout=1)       1375                     -                                                                   
   RBB_13/D4                     RBB_6L       13  [TILE 0 0, RBB 10 10]          -     r            6742                                                                   
   RBB_13/D                      RBB_6L       13  [TILE 0 0, RBB 10 10]        608     r            7350     {inst110: rx_LUT5_I0_3_I3_LUT5_O (LUT,site=dlut)}             
   rx_LUT5_I0_3_I3[2]            Net          59             (fanout=8)       1324                     -                                                                   
   RBB_6/D5                      RBB_6L        6   [TILE 0 0, RBB 7 12]          -     r            8674                                                                   
   RBB_6/DMUX                    RBB_6L        6   [TILE 0 0, RBB 7 12]        875     r            9549     {inst78: rx_LUT5_I0_3 (LUT,site=dluto)}                       
   rx_LUT5_I0_3_O                Net         128             (fanout=4)        828                     -                                                                   
   RBB_19/A6                     RBB_6L       19  [TILE 0 0, RBB 10 12]          -     r           10377     {<CE>inst39: U_uart_rx.r_Clock_Count_FDRE_Q_4 (FDE,site=aff)} 
   --------------------------------------------------------------------------------------------------------------------------------------------------------------------------
   RBB_19/CLK                    RBB_6L       19  [TILE 0 0, RBB 10 12]        954     r           11331                                                                   
   clk                           Clock net     5           (fanout=489)      -2347                     -                                                                   
   clk                           CLOCK-PORT    -                      -    capture     r            8984                                                                   
   --------------------------------------------------------------------------------------------------------------------------------------------------------------------------


Path 30:
   Slack (not met):                         -7134ps
     Path type:                               SETUP
     Group:                              <UDEF_clk>
     Launching clock:                           clk (rising edge)
     Capturing clock:                           clk (rising edge)

     Requested period:                       2000ps
   + Delay of the capturing clock:           2347ps
   - Clock uncertainty:                       150ps
   = Required time:                          4197ps
   - Propagation time:                       9010ps (50.3% logic, 49.7% route, logic stage 4)
   - Delay of the launching clock:           2321ps
   = Slack:                                 -7134ps

   Instance/Pin or Net Name      Type         ID     Location or Fanout   Delay(ps)  Edge  Arrival Time(ps)    Instance detail                                              
   ---------------------------------------------------------------------------------------------------------------------------------------------------------------------------
   clk                           CLOCK-PORT    -                      -     launch     r               0                                                                    
   clk                           Clock net     5           (fanout=489)       2321                     -                                                                    
   RBB_16/CLK                    RBB_6L       16  [TILE 0 0, RBB 13 14]          -     r            2321                                                                    
   ---------------------------------------------------------------------------------------------------------------------------------------------------------------------------
   RBB_16/CMUX                   RBB_6L       16  [TILE 0 0, RBB 13 14]       1380     r            3701     {inst34: U_uart_rx.r_Clock_Count_FDRE_Q_15 (FDE,site=cffo)}    
   U_uart_rx.r_Clock_Count[2]    Net          21             (fanout=4)        949                     -                                                                    
   RBB_18/B5                     RBB_6L       18  [TILE 0 0, RBB 13 16]          -     r            4650                                                                    
   RBB_18/B                      RBB_6L       18  [TILE 0 0, RBB 13 16]        717     r            5367     {inst111: rx_LUT5_I0_3_I3_LUT5_O_I0_LUT3_O (LUT,site=blut)}    
   rx_LUT5_I0_3_I3_LUT5_O_I0[3]  Net         137             (fanout=1)       1375                     -                                                                    
   RBB_13/D4                     RBB_6L       13  [TILE 0 0, RBB 10 10]          -     r            6742                                                                    
   RBB_13/D                      RBB_6L       13  [TILE 0 0, RBB 10 10]        608     r            7350     {inst110: rx_LUT5_I0_3_I3_LUT5_O (LUT,site=dlut)}              
   rx_LUT5_I0_3_I3[2]            Net          59             (fanout=8)       1324                     -                                                                    
   RBB_6/D5                      RBB_6L        6   [TILE 0 0, RBB 7 12]          -     r            8674                                                                    
   RBB_6/DMUX                    RBB_6L        6   [TILE 0 0, RBB 7 12]        875     r            9549     {inst78: rx_LUT5_I0_3 (LUT,site=dluto)}                        
   rx_LUT5_I0_3_O                Net         128             (fanout=4)        828                     -                                                                    
   RBB_19/A6                     RBB_6L       19  [TILE 0 0, RBB 10 12]          -     r           10377     {<CE>inst30: U_uart_rx.r_Clock_Count_FDRE_Q_11 (FDE,site=dff)} 
   ---------------------------------------------------------------------------------------------------------------------------------------------------------------------------
   RBB_19/CLK                    RBB_6L       19  [TILE 0 0, RBB 10 12]        954     r           11331                                                                    
   clk                           Clock net     5           (fanout=489)      -2347                     -                                                                    
   clk                           CLOCK-PORT    -                      -    capture     r            8984                                                                    
   ---------------------------------------------------------------------------------------------------------------------------------------------------------------------------


Path 28:
   Slack (not met):                         -7134ps
     Path type:                               SETUP
     Group:                              <UDEF_clk>
     Launching clock:                           clk (rising edge)
     Capturing clock:                           clk (rising edge)

     Requested period:                       2000ps
   + Delay of the capturing clock:           2347ps
   - Clock uncertainty:                       150ps
   = Required time:                          4197ps
   - Propagation time:                       9010ps (50.3% logic, 49.7% route, logic stage 4)
   - Delay of the launching clock:           2321ps
   = Slack:                                 -7134ps

   Instance/Pin or Net Name      Type         ID     Location or Fanout   Delay(ps)  Edge  Arrival Time(ps)    Instance detail                                           
   ------------------------------------------------------------------------------------------------------------------------------------------------------------------------
   clk                           CLOCK-PORT    -                      -     launch     r               0                                                                 
   clk                           Clock net     5           (fanout=489)       2321                     -                                                                 
   RBB_16/CLK                    RBB_6L       16  [TILE 0 0, RBB 13 14]          -     r            2321                                                                 
   ------------------------------------------------------------------------------------------------------------------------------------------------------------------------
   RBB_16/CMUX                   RBB_6L       16  [TILE 0 0, RBB 13 14]       1380     r            3701     {inst34: U_uart_rx.r_Clock_Count_FDRE_Q_15 (FDE,site=cffo)} 
   U_uart_rx.r_Clock_Count[2]    Net          21             (fanout=4)        949                     -                                                                 
   RBB_18/B5                     RBB_6L       18  [TILE 0 0, RBB 13 16]          -     r            4650                                                                 
   RBB_18/B                      RBB_6L       18  [TILE 0 0, RBB 13 16]        717     r            5367     {inst111: rx_LUT5_I0_3_I3_LUT5_O_I0_LUT3_O (LUT,site=blut)} 
   rx_LUT5_I0_3_I3_LUT5_O_I0[3]  Net         137             (fanout=1)       1375                     -                                                                 
   RBB_13/D4                     RBB_6L       13  [TILE 0 0, RBB 10 10]          -     r            6742                                                                 
   RBB_13/D                      RBB_6L       13  [TILE 0 0, RBB 10 10]        608     r            7350     {inst110: rx_LUT5_I0_3_I3_LUT5_O (LUT,site=dlut)}           
   rx_LUT5_I0_3_I3[2]            Net          59             (fanout=8)       1324                     -                                                                 
   RBB_6/D5                      RBB_6L        6   [TILE 0 0, RBB 7 12]          -     r            8674                                                                 
   RBB_6/DMUX                    RBB_6L        6   [TILE 0 0, RBB 7 12]        875     r            9549     {inst78: rx_LUT5_I0_3 (LUT,site=dluto)}                     
   rx_LUT5_I0_3_O                Net         128             (fanout=4)        828                     -                                                                 
   RBB_19/A6                     RBB_6L       19  [TILE 0 0, RBB 10 12]          -     r           10377     {<CE>inst27: U_uart_rx.r_Clock_Count_FDRE_Q (FDE,site=cff)} 
   ------------------------------------------------------------------------------------------------------------------------------------------------------------------------
   RBB_19/CLK                    RBB_6L       19  [TILE 0 0, RBB 10 12]        954     r           11331                                                                 
   clk                           Clock net     5           (fanout=489)      -2347                     -                                                                 
   clk                           CLOCK-PORT    -                      -    capture     r            8984                                                                 
   ------------------------------------------------------------------------------------------------------------------------------------------------------------------------


Path 335:
   Slack (not met):                         -7100ps
     Path type:                               SETUP
     Group:                              <UDEF_clk>
     Launching clock:                           clk (rising edge)
     Capturing clock:                           clk (rising edge)

     Requested period:                       2000ps
   + Delay of the capturing clock:           2272ps
   - Clock uncertainty:                       150ps
   = Required time:                          4122ps
   - Propagation time:                       8901ps (48.5% logic, 51.5% route, logic stage 4)
   - Delay of the launching clock:           2321ps
   = Slack:                                 -7100ps

   Instance/Pin or Net Name                  Type         ID     Location or Fanout   Delay(ps)  Edge  Arrival Time(ps)    Instance detail                                                         
   --------------------------------------------------------------------------------------------------------------------------------------------------------------------------------------------------
   clk                                       CLOCK-PORT    -                      -     launch     r               0                                                                               
   clk                                       Clock net     5           (fanout=489)       2321                     -                                                                               
   RBB_16/CLK                                RBB_6L       16  [TILE 0 0, RBB 13 14]          -     r            2321                                                                               
   --------------------------------------------------------------------------------------------------------------------------------------------------------------------------------------------------
   RBB_16/AQ                                 RBB_6L       16  [TILE 0 0, RBB 13 14]        800     r            3121     {inst33: U_uart_rx.r_Clock_Count_FDRE_Q_14 (FDE,site=aff)}                
   U_uart_rx.r_Clock_Count[3]                Net          22             (fanout=4)       1482                     -                                                                               
   RBB_18/A3                                 RBB_6L       18  [TILE 0 0, RBB 13 16]          -     r            4603                                                                               
   RBB_18/A                                  RBB_6L       18  [TILE 0 0, RBB 13 16]        763     r            5366     {inst87: rx_LUT5_I0_3_I2_CARRY4_O_O_2_CARRY4_O_DI_LUT5_O (LUT,site=alut)} 
   rx_LUT5_I0_3_I2_CARRY4_O_O_2_CARRY4_O_DI  Net          55             (fanout=1)        941                     -                                                                               
   RBB_12/A6                                 RBB_6L       12  [TILE 0 0, RBB 10 14]          -     r            6307                                                                               
   RBB_12/DMUX                               RBB_6L       12  [TILE 0 0, RBB 10 14]       1328     r            7635     {inst86: rx_LUT5_I0_3_I2_CARRY4_O_O_2_CARRY4_O (CARRY4)}                  
   rx_LUT5_I0_3_I2_CARRY4_O_O_2[3]           Net         155            (fanout=13)        601                     -                                                                               
   RBB_15/D2                                 RBB_6L       15   [TILE 0 0, RBB 7 14]          -     r            8236                                                                               
   RBB_15/DMUX                               RBB_6L       15   [TILE 0 0, RBB 7 14]        608     r            8844     {inst53: U_uart_rx.r_RX_Byte_FDRE_Q_CE_LUT4_O (LUT,site=dluto)}           
   U_uart_rx.r_RX_Byte_FDRE_Q_CE             Net         126             (fanout=4)       1556                     -                                                                               
   RBB_11/A6                                 RBB_6L       11  [TILE 0 0, RBB 25 12]          -     r           10400     {<CE>inst47: U_uart_rx.r_RX_Byte_FDRE_Q_2 (FDE,site=cff)}                 
   --------------------------------------------------------------------------------------------------------------------------------------------------------------------------------------------------
   RBB_11/CLK                                RBB_6L       11  [TILE 0 0, RBB 25 12]        822     r           11222                                                                               
   clk                                       Clock net     5           (fanout=489)      -2272                     -                                                                               
   clk                                       CLOCK-PORT    -                      -    capture     r            8950                                                                               
   --------------------------------------------------------------------------------------------------------------------------------------------------------------------------------------------------


Path 336:
   Slack (not met):                         -7100ps
     Path type:                               SETUP
     Group:                              <UDEF_clk>
     Launching clock:                           clk (rising edge)
     Capturing clock:                           clk (rising edge)

     Requested period:                       2000ps
   + Delay of the capturing clock:           2272ps
   - Clock uncertainty:                       150ps
   = Required time:                          4122ps
   - Propagation time:                       8901ps (48.5% logic, 51.5% route, logic stage 4)
   - Delay of the launching clock:           2321ps
   = Slack:                                 -7100ps

   Instance/Pin or Net Name                  Type         ID     Location or Fanout   Delay(ps)  Edge  Arrival Time(ps)    Instance detail                                                         
   --------------------------------------------------------------------------------------------------------------------------------------------------------------------------------------------------
   clk                                       CLOCK-PORT    -                      -     launch     r               0                                                                               
   clk                                       Clock net     5           (fanout=489)       2321                     -                                                                               
   RBB_16/CLK                                RBB_6L       16  [TILE 0 0, RBB 13 14]          -     r            2321                                                                               
   --------------------------------------------------------------------------------------------------------------------------------------------------------------------------------------------------
   RBB_16/AQ                                 RBB_6L       16  [TILE 0 0, RBB 13 14]        800     r            3121     {inst33: U_uart_rx.r_Clock_Count_FDRE_Q_14 (FDE,site=aff)}                
   U_uart_rx.r_Clock_Count[3]                Net          22             (fanout=4)       1482                     -                                                                               
   RBB_18/A3                                 RBB_6L       18  [TILE 0 0, RBB 13 16]          -     r            4603                                                                               
   RBB_18/A                                  RBB_6L       18  [TILE 0 0, RBB 13 16]        763     r            5366     {inst87: rx_LUT5_I0_3_I2_CARRY4_O_O_2_CARRY4_O_DI_LUT5_O (LUT,site=alut)} 
   rx_LUT5_I0_3_I2_CARRY4_O_O_2_CARRY4_O_DI  Net          55             (fanout=1)        941                     -                                                                               
   RBB_12/A6                                 RBB_6L       12  [TILE 0 0, RBB 10 14]          -     r            6307                                                                               
   RBB_12/DMUX                               RBB_6L       12  [TILE 0 0, RBB 10 14]       1328     r            7635     {inst86: rx_LUT5_I0_3_I2_CARRY4_O_O_2_CARRY4_O (CARRY4)}                  
   rx_LUT5_I0_3_I2_CARRY4_O_O_2[3]           Net         155            (fanout=13)        601                     -                                                                               
   RBB_15/D2                                 RBB_6L       15   [TILE 0 0, RBB 7 14]          -     r            8236                                                                               
   RBB_15/DMUX                               RBB_6L       15   [TILE 0 0, RBB 7 14]        608     r            8844     {inst53: U_uart_rx.r_RX_Byte_FDRE_Q_CE_LUT4_O (LUT,site=dluto)}           
   U_uart_rx.r_RX_Byte_FDRE_Q_CE             Net         126             (fanout=4)       1556                     -                                                                               
   RBB_11/A6                                 RBB_6L       11  [TILE 0 0, RBB 25 12]          -     r           10400     {<CE>inst46: U_uart_rx.r_RX_Byte_FDRE_Q_1 (FDE,site=dff)}                 
   --------------------------------------------------------------------------------------------------------------------------------------------------------------------------------------------------
   RBB_11/CLK                                RBB_6L       11  [TILE 0 0, RBB 25 12]        822     r           11222                                                                               
   clk                                       Clock net     5           (fanout=489)      -2272                     -                                                                               
   clk                                       CLOCK-PORT    -                      -    capture     r            8950                                                                               
   --------------------------------------------------------------------------------------------------------------------------------------------------------------------------------------------------


Path 13:
   Slack (not met):                         -7011ps
     Path type:                               SETUP
     Group:                              <UDEF_clk>
     Launching clock:                           clk (rising edge)
     Capturing clock:                           clk (rising edge)

     Requested period:                       2000ps
   + Delay of the capturing clock:           2321ps
   - Clock uncertainty:                       150ps
   = Required time:                          4171ps
   - Propagation time:                       8861ps (48.7% logic, 51.3% route, logic stage 4)
   - Delay of the launching clock:           2321ps
   = Slack:                                 -7011ps

   Instance/Pin or Net Name      Type         ID     Location or Fanout   Delay(ps)  Edge  Arrival Time(ps)    Instance detail                                              
   ---------------------------------------------------------------------------------------------------------------------------------------------------------------------------
   clk                           CLOCK-PORT    -                      -     launch     r               0                                                                    
   clk                           Clock net     5           (fanout=489)       2321                     -                                                                    
   RBB_16/CLK                    RBB_6L       16  [TILE 0 0, RBB 13 14]          -     r            2321                                                                    
   ---------------------------------------------------------------------------------------------------------------------------------------------------------------------------
   RBB_16/CMUX                   RBB_6L       16  [TILE 0 0, RBB 13 14]       1380     r            3701     {inst34: U_uart_rx.r_Clock_Count_FDRE_Q_15 (FDE,site=cffo)}    
   U_uart_rx.r_Clock_Count[2]    Net          21             (fanout=4)        949                     -                                                                    
   RBB_18/B5                     RBB_6L       18  [TILE 0 0, RBB 13 16]          -     r            4650                                                                    
   RBB_18/B                      RBB_6L       18  [TILE 0 0, RBB 13 16]        717     r            5367     {inst111: rx_LUT5_I0_3_I3_LUT5_O_I0_LUT3_O (LUT,site=blut)}    
   rx_LUT5_I0_3_I3_LUT5_O_I0[3]  Net         137             (fanout=1)       1375                     -                                                                    
   RBB_13/D4                     RBB_6L       13  [TILE 0 0, RBB 10 10]          -     r            6742                                                                    
   RBB_13/D                      RBB_6L       13  [TILE 0 0, RBB 10 10]        608     r            7350     {inst110: rx_LUT5_I0_3_I3_LUT5_O (LUT,site=dlut)}              
   rx_LUT5_I0_3_I3[2]            Net          59             (fanout=8)       1324                     -                                                                    
   RBB_6/D5                      RBB_6L        6   [TILE 0 0, RBB 7 12]          -     r            8674                                                                    
   RBB_6/DMUX                    RBB_6L        6   [TILE 0 0, RBB 7 12]        875     r            9549     {inst78: rx_LUT5_I0_3 (LUT,site=dluto)}                        
   rx_LUT5_I0_3_O                Net         128             (fanout=4)        894                     -                                                                    
   RBB_16/A6                     RBB_6L       16  [TILE 0 0, RBB 13 14]          -     r           10443     {<CE>inst33: U_uart_rx.r_Clock_Count_FDRE_Q_14 (FDE,site=aff)} 
   ---------------------------------------------------------------------------------------------------------------------------------------------------------------------------
   RBB_16/CLK                    RBB_6L       16  [TILE 0 0, RBB 13 14]        739     r           11182                                                                    
   clk                           Clock net     5           (fanout=489)      -2321                     -                                                                    
   clk                           CLOCK-PORT    -                      -    capture     r            8861                                                                    
   ---------------------------------------------------------------------------------------------------------------------------------------------------------------------------


Path 22:
   Slack (not met):                         -7011ps
     Path type:                               SETUP
     Group:                              <UDEF_clk>
     Launching clock:                           clk (rising edge)
     Capturing clock:                           clk (rising edge)

     Requested period:                       2000ps
   + Delay of the capturing clock:           2321ps
   - Clock uncertainty:                       150ps
   = Required time:                          4171ps
   - Propagation time:                       8861ps (48.7% logic, 51.3% route, logic stage 4)
   - Delay of the launching clock:           2321ps
   = Slack:                                 -7011ps

   Instance/Pin or Net Name      Type         ID     Location or Fanout   Delay(ps)  Edge  Arrival Time(ps)    Instance detail                                              
   ---------------------------------------------------------------------------------------------------------------------------------------------------------------------------
   clk                           CLOCK-PORT    -                      -     launch     r               0                                                                    
   clk                           Clock net     5           (fanout=489)       2321                     -                                                                    
   RBB_16/CLK                    RBB_6L       16  [TILE 0 0, RBB 13 14]          -     r            2321                                                                    
   ---------------------------------------------------------------------------------------------------------------------------------------------------------------------------
   RBB_16/CMUX                   RBB_6L       16  [TILE 0 0, RBB 13 14]       1380     r            3701     {inst34: U_uart_rx.r_Clock_Count_FDRE_Q_15 (FDE,site=cffo)}    
   U_uart_rx.r_Clock_Count[2]    Net          21             (fanout=4)        949                     -                                                                    
   RBB_18/B5                     RBB_6L       18  [TILE 0 0, RBB 13 16]          -     r            4650                                                                    
   RBB_18/B                      RBB_6L       18  [TILE 0 0, RBB 13 16]        717     r            5367     {inst111: rx_LUT5_I0_3_I3_LUT5_O_I0_LUT3_O (LUT,site=blut)}    
   rx_LUT5_I0_3_I3_LUT5_O_I0[3]  Net         137             (fanout=1)       1375                     -                                                                    
   RBB_13/D4                     RBB_6L       13  [TILE 0 0, RBB 10 10]          -     r            6742                                                                    
   RBB_13/D                      RBB_6L       13  [TILE 0 0, RBB 10 10]        608     r            7350     {inst110: rx_LUT5_I0_3_I3_LUT5_O (LUT,site=dlut)}              
   rx_LUT5_I0_3_I3[2]            Net          59             (fanout=8)       1324                     -                                                                    
   RBB_6/D5                      RBB_6L        6   [TILE 0 0, RBB 7 12]          -     r            8674                                                                    
   RBB_6/DMUX                    RBB_6L        6   [TILE 0 0, RBB 7 12]        875     r            9549     {inst78: rx_LUT5_I0_3 (LUT,site=dluto)}                        
   rx_LUT5_I0_3_O                Net         128             (fanout=4)        894                     -                                                                    
   RBB_16/A6                     RBB_6L       16  [TILE 0 0, RBB 13 14]          -     r           10443     {<CE>inst32: U_uart_rx.r_Clock_Count_FDRE_Q_13 (FDE,site=bff)} 
   ---------------------------------------------------------------------------------------------------------------------------------------------------------------------------
   RBB_16/CLK                    RBB_6L       16  [TILE 0 0, RBB 13 14]        739     r           11182                                                                    
   clk                           Clock net     5           (fanout=489)      -2321                     -                                                                    
   clk                           CLOCK-PORT    -                      -    capture     r            8861                                                                    
   ---------------------------------------------------------------------------------------------------------------------------------------------------------------------------


Path 23:
   Slack (not met):                         -7011ps
     Path type:                               SETUP
     Group:                              <UDEF_clk>
     Launching clock:                           clk (rising edge)
     Capturing clock:                           clk (rising edge)

     Requested period:                       2000ps
   + Delay of the capturing clock:           2321ps
   - Clock uncertainty:                       150ps
   = Required time:                          4171ps
   - Propagation time:                       8861ps (48.7% logic, 51.3% route, logic stage 4)
   - Delay of the launching clock:           2321ps
   = Slack:                                 -7011ps

   Instance/Pin or Net Name      Type         ID     Location or Fanout   Delay(ps)  Edge  Arrival Time(ps)    Instance detail                                               
   ----------------------------------------------------------------------------------------------------------------------------------------------------------------------------
   clk                           CLOCK-PORT    -                      -     launch     r               0                                                                     
   clk                           Clock net     5           (fanout=489)       2321                     -                                                                     
   RBB_16/CLK                    RBB_6L       16  [TILE 0 0, RBB 13 14]          -     r            2321                                                                     
   ----------------------------------------------------------------------------------------------------------------------------------------------------------------------------
   RBB_16/CMUX                   RBB_6L       16  [TILE 0 0, RBB 13 14]       1380     r            3701     {inst34: U_uart_rx.r_Clock_Count_FDRE_Q_15 (FDE,site=cffo)}     
   U_uart_rx.r_Clock_Count[2]    Net          21             (fanout=4)        949                     -                                                                     
   RBB_18/B5                     RBB_6L       18  [TILE 0 0, RBB 13 16]          -     r            4650                                                                     
   RBB_18/B                      RBB_6L       18  [TILE 0 0, RBB 13 16]        717     r            5367     {inst111: rx_LUT5_I0_3_I3_LUT5_O_I0_LUT3_O (LUT,site=blut)}     
   rx_LUT5_I0_3_I3_LUT5_O_I0[3]  Net         137             (fanout=1)       1375                     -                                                                     
   RBB_13/D4                     RBB_6L       13  [TILE 0 0, RBB 10 10]          -     r            6742                                                                     
   RBB_13/D                      RBB_6L       13  [TILE 0 0, RBB 10 10]        608     r            7350     {inst110: rx_LUT5_I0_3_I3_LUT5_O (LUT,site=dlut)}               
   rx_LUT5_I0_3_I3[2]            Net          59             (fanout=8)       1324                     -                                                                     
   RBB_6/D5                      RBB_6L        6   [TILE 0 0, RBB 7 12]          -     r            8674                                                                     
   RBB_6/DMUX                    RBB_6L        6   [TILE 0 0, RBB 7 12]        875     r            9549     {inst78: rx_LUT5_I0_3 (LUT,site=dluto)}                         
   rx_LUT5_I0_3_O                Net         128             (fanout=4)        894                     -                                                                     
   RBB_16/A6                     RBB_6L       16  [TILE 0 0, RBB 13 14]          -     r           10443     {<CE>inst34: U_uart_rx.r_Clock_Count_FDRE_Q_15 (FDE,site=cffo)} 
   ----------------------------------------------------------------------------------------------------------------------------------------------------------------------------
   RBB_16/CLK                    RBB_6L       16  [TILE 0 0, RBB 13 14]        739     r           11182                                                                     
   clk                           Clock net     5           (fanout=489)      -2321                     -                                                                     
   clk                           CLOCK-PORT    -                      -    capture     r            8861                                                                     
   ----------------------------------------------------------------------------------------------------------------------------------------------------------------------------


Path 24:
   Slack (not met):                         -7011ps
     Path type:                               SETUP
     Group:                              <UDEF_clk>
     Launching clock:                           clk (rising edge)
     Capturing clock:                           clk (rising edge)

     Requested period:                       2000ps
   + Delay of the capturing clock:           2321ps
   - Clock uncertainty:                       150ps
   = Required time:                          4171ps
   - Propagation time:                       8861ps (48.7% logic, 51.3% route, logic stage 4)
   - Delay of the launching clock:           2321ps
   = Slack:                                 -7011ps

   Instance/Pin or Net Name      Type         ID     Location or Fanout   Delay(ps)  Edge  Arrival Time(ps)    Instance detail                                              
   ---------------------------------------------------------------------------------------------------------------------------------------------------------------------------
   clk                           CLOCK-PORT    -                      -     launch     r               0                                                                    
   clk                           Clock net     5           (fanout=489)       2321                     -                                                                    
   RBB_16/CLK                    RBB_6L       16  [TILE 0 0, RBB 13 14]          -     r            2321                                                                    
   ---------------------------------------------------------------------------------------------------------------------------------------------------------------------------
   RBB_16/CMUX                   RBB_6L       16  [TILE 0 0, RBB 13 14]       1380     r            3701     {inst34: U_uart_rx.r_Clock_Count_FDRE_Q_15 (FDE,site=cffo)}    
   U_uart_rx.r_Clock_Count[2]    Net          21             (fanout=4)        949                     -                                                                    
   RBB_18/B5                     RBB_6L       18  [TILE 0 0, RBB 13 16]          -     r            4650                                                                    
   RBB_18/B                      RBB_6L       18  [TILE 0 0, RBB 13 16]        717     r            5367     {inst111: rx_LUT5_I0_3_I3_LUT5_O_I0_LUT3_O (LUT,site=blut)}    
   rx_LUT5_I0_3_I3_LUT5_O_I0[3]  Net         137             (fanout=1)       1375                     -                                                                    
   RBB_13/D4                     RBB_6L       13  [TILE 0 0, RBB 10 10]          -     r            6742                                                                    
   RBB_13/D                      RBB_6L       13  [TILE 0 0, RBB 10 10]        608     r            7350     {inst110: rx_LUT5_I0_3_I3_LUT5_O (LUT,site=dlut)}              
   rx_LUT5_I0_3_I3[2]            Net          59             (fanout=8)       1324                     -                                                                    
   RBB_6/D5                      RBB_6L        6   [TILE 0 0, RBB 7 12]          -     r            8674                                                                    
   RBB_6/DMUX                    RBB_6L        6   [TILE 0 0, RBB 7 12]        875     r            9549     {inst78: rx_LUT5_I0_3 (LUT,site=dluto)}                        
   rx_LUT5_I0_3_O                Net         128             (fanout=4)        894                     -                                                                    
   RBB_16/A6                     RBB_6L       16  [TILE 0 0, RBB 13 14]          -     r           10443     {<CE>inst31: U_uart_rx.r_Clock_Count_FDRE_Q_12 (FDE,site=cff)} 
   ---------------------------------------------------------------------------------------------------------------------------------------------------------------------------
   RBB_16/CLK                    RBB_6L       16  [TILE 0 0, RBB 13 14]        739     r           11182                                                                    
   clk                           Clock net     5           (fanout=489)      -2321                     -                                                                    
   clk                           CLOCK-PORT    -                      -    capture     r            8861                                                                    
   ---------------------------------------------------------------------------------------------------------------------------------------------------------------------------


Path 337:
   Slack (not met):                         -7002ps
     Path type:                               SETUP
     Group:                              <UDEF_clk>
     Launching clock:                           clk (rising edge)
     Capturing clock:                           clk (rising edge)

     Requested period:                       2000ps
   + Delay of the capturing clock:           2208ps
   - Clock uncertainty:                       150ps
   = Required time:                          4058ps
   - Propagation time:                       8739ps (51.9% logic, 48.1% route, logic stage 4)
   - Delay of the launching clock:           2321ps
   = Slack:                                 -7002ps

   Instance/Pin or Net Name                  Type         ID     Location or Fanout   Delay(ps)  Edge  Arrival Time(ps)    Instance detail                                                         
   --------------------------------------------------------------------------------------------------------------------------------------------------------------------------------------------------
   clk                                       CLOCK-PORT    -                      -     launch     r               0                                                                               
   clk                                       Clock net     5           (fanout=489)       2321                     -                                                                               
   RBB_16/CLK                                RBB_6L       16  [TILE 0 0, RBB 13 14]          -     r            2321                                                                               
   --------------------------------------------------------------------------------------------------------------------------------------------------------------------------------------------------
   RBB_16/AQ                                 RBB_6L       16  [TILE 0 0, RBB 13 14]        800     r            3121     {inst33: U_uart_rx.r_Clock_Count_FDRE_Q_14 (FDE,site=aff)}                
   U_uart_rx.r_Clock_Count[3]                Net          22             (fanout=4)       1482                     -                                                                               
   RBB_18/A3                                 RBB_6L       18  [TILE 0 0, RBB 13 16]          -     r            4603                                                                               
   RBB_18/A                                  RBB_6L       18  [TILE 0 0, RBB 13 16]        763     r            5366     {inst87: rx_LUT5_I0_3_I2_CARRY4_O_O_2_CARRY4_O_DI_LUT5_O (LUT,site=alut)} 
   rx_LUT5_I0_3_I2_CARRY4_O_O_2_CARRY4_O_DI  Net          55             (fanout=1)        941                     -                                                                               
   RBB_12/A6                                 RBB_6L       12  [TILE 0 0, RBB 10 14]          -     r            6307                                                                               
   RBB_12/DMUX                               RBB_6L       12  [TILE 0 0, RBB 10 14]       1328     r            7635     {inst86: rx_LUT5_I0_3_I2_CARRY4_O_O_2_CARRY4_O (CARRY4)}                  
   rx_LUT5_I0_3_I2_CARRY4_O_O_2[3]           Net         155            (fanout=13)        598                     -                                                                               
   RBB_15/C2                                 RBB_6L       15   [TILE 0 0, RBB 7 14]          -     r            8233                                                                               
   RBB_15/C                                  RBB_6L       15   [TILE 0 0, RBB 7 14]        661     r            8894     {inst55: U_uart_rx.r_RX_DV_FDRE_Q_CE_LUT4_O (LUT,site=clut)}              
   U_uart_rx.r_RX_DV_FDRE_Q_CE               Net         149             (fanout=1)       1186                     -                                                                               
   RBB_21/A6                                 RBB_6L       21   [TILE 0 0, RBB 10 8]          -     r           10080     {<CE>inst54: U_uart_rx.r_RX_DV_FDRE_Q (FDE,site=dff)}                     
   --------------------------------------------------------------------------------------------------------------------------------------------------------------------------------------------------
   RBB_21/CLK                                RBB_6L       21   [TILE 0 0, RBB 10 8]        980     r           11060                                                                               
   clk                                       Clock net     5           (fanout=489)      -2208                     -                                                                               
   clk                                       CLOCK-PORT    -                      -    capture     r            8852                                                                               
   --------------------------------------------------------------------------------------------------------------------------------------------------------------------------------------------------


Path 338:
   Slack (not met):                         -6967ps
     Path type:                               SETUP
     Group:                              <UDEF_clk>
     Launching clock:                           clk (rising edge)
     Capturing clock:                           clk (rising edge)

     Requested period:                       2000ps
   + Delay of the capturing clock:           2317ps
   - Clock uncertainty:                       150ps
   = Required time:                          4167ps
   - Propagation time:                       8813ps (51.7% logic, 48.3% route, logic stage 4)
   - Delay of the launching clock:           2321ps
   = Slack:                                 -6967ps

   Instance/Pin or Net Name                  Type         ID     Location or Fanout   Delay(ps)  Edge  Arrival Time(ps)    Instance detail                                                         
   --------------------------------------------------------------------------------------------------------------------------------------------------------------------------------------------------
   clk                                       CLOCK-PORT    -                      -     launch     r               0                                                                               
   clk                                       Clock net     5           (fanout=489)       2321                     -                                                                               
   RBB_16/CLK                                RBB_6L       16  [TILE 0 0, RBB 13 14]          -     r            2321                                                                               
   --------------------------------------------------------------------------------------------------------------------------------------------------------------------------------------------------
   RBB_16/AQ                                 RBB_6L       16  [TILE 0 0, RBB 13 14]        800     r            3121     {inst33: U_uart_rx.r_Clock_Count_FDRE_Q_14 (FDE,site=aff)}                
   U_uart_rx.r_Clock_Count[3]                Net          22             (fanout=4)       1482                     -                                                                               
   RBB_18/A3                                 RBB_6L       18  [TILE 0 0, RBB 13 16]          -     r            4603                                                                               
   RBB_18/A                                  RBB_6L       18  [TILE 0 0, RBB 13 16]        763     r            5366     {inst87: rx_LUT5_I0_3_I2_CARRY4_O_O_2_CARRY4_O_DI_LUT5_O (LUT,site=alut)} 
   rx_LUT5_I0_3_I2_CARRY4_O_O_2_CARRY4_O_DI  Net          55             (fanout=1)        941                     -                                                                               
   RBB_12/A6                                 RBB_6L       12  [TILE 0 0, RBB 10 14]          -     r            6307                                                                               
   RBB_12/DMUX                               RBB_6L       12  [TILE 0 0, RBB 10 14]       1328     r            7635     {inst86: rx_LUT5_I0_3_I2_CARRY4_O_O_2_CARRY4_O (CARRY4)}                  
   rx_LUT5_I0_3_I2_CARRY4_O_O_2[3]           Net         155            (fanout=13)        915                     -                                                                               
   RBB_14/D4                                 RBB_6L       14    [TILE 0 0, RBB 7 8]          -     r            8550                                                                               
   RBB_14/DMUX                               RBB_6L       14    [TILE 0 0, RBB 7 8]        922     r            9472     {inst25: U_uart_rx.r_Bit_Index_FDRE_Q_CE_LUT4_O (LUT,site=dluto)}         
   U_uart_rx.r_Bit_Index_FDRE_Q_CE           Net         129             (fanout=1)        923                     -                                                                               
   RBB_5/A6                                  RBB_6L        5   [TILE 0 0, RBB 7 10]          -     r           10395     {<CE>inst22: U_uart_rx.r_Bit_Index_FDRE_Q (FDRE,site=dff)}                
   --------------------------------------------------------------------------------------------------------------------------------------------------------------------------------------------------
   RBB_5/CLK                                 RBB_6L        5   [TILE 0 0, RBB 7 10]        739     r           11134                                                                               
   clk                                       Clock net     5           (fanout=489)      -2317                     -                                                                               
   clk                                       CLOCK-PORT    -                      -    capture     r            8817                                                                               
   --------------------------------------------------------------------------------------------------------------------------------------------------------------------------------------------------


Path 339:
   Slack (not met):                         -6967ps
     Path type:                               SETUP
     Group:                              <UDEF_clk>
     Launching clock:                           clk (rising edge)
     Capturing clock:                           clk (rising edge)

     Requested period:                       2000ps
   + Delay of the capturing clock:           2317ps
   - Clock uncertainty:                       150ps
   = Required time:                          4167ps
   - Propagation time:                       8813ps (51.7% logic, 48.3% route, logic stage 4)
   - Delay of the launching clock:           2321ps
   = Slack:                                 -6967ps

   Instance/Pin or Net Name                  Type         ID     Location or Fanout   Delay(ps)  Edge  Arrival Time(ps)    Instance detail                                                         
   --------------------------------------------------------------------------------------------------------------------------------------------------------------------------------------------------
   clk                                       CLOCK-PORT    -                      -     launch     r               0                                                                               
   clk                                       Clock net     5           (fanout=489)       2321                     -                                                                               
   RBB_16/CLK                                RBB_6L       16  [TILE 0 0, RBB 13 14]          -     r            2321                                                                               
   --------------------------------------------------------------------------------------------------------------------------------------------------------------------------------------------------
   RBB_16/AQ                                 RBB_6L       16  [TILE 0 0, RBB 13 14]        800     r            3121     {inst33: U_uart_rx.r_Clock_Count_FDRE_Q_14 (FDE,site=aff)}                
   U_uart_rx.r_Clock_Count[3]                Net          22             (fanout=4)       1482                     -                                                                               
   RBB_18/A3                                 RBB_6L       18  [TILE 0 0, RBB 13 16]          -     r            4603                                                                               
   RBB_18/A                                  RBB_6L       18  [TILE 0 0, RBB 13 16]        763     r            5366     {inst87: rx_LUT5_I0_3_I2_CARRY4_O_O_2_CARRY4_O_DI_LUT5_O (LUT,site=alut)} 
   rx_LUT5_I0_3_I2_CARRY4_O_O_2_CARRY4_O_DI  Net          55             (fanout=1)        941                     -                                                                               
   RBB_12/A6                                 RBB_6L       12  [TILE 0 0, RBB 10 14]          -     r            6307                                                                               
   RBB_12/DMUX                               RBB_6L       12  [TILE 0 0, RBB 10 14]       1328     r            7635     {inst86: rx_LUT5_I0_3_I2_CARRY4_O_O_2_CARRY4_O (CARRY4)}                  
   rx_LUT5_I0_3_I2_CARRY4_O_O_2[3]           Net         155            (fanout=13)        915                     -                                                                               
   RBB_14/D4                                 RBB_6L       14    [TILE 0 0, RBB 7 8]          -     r            8550                                                                               
   RBB_14/DMUX                               RBB_6L       14    [TILE 0 0, RBB 7 8]        922     r            9472     {inst25: U_uart_rx.r_Bit_Index_FDRE_Q_CE_LUT4_O (LUT,site=dluto)}         
   U_uart_rx.r_Bit_Index_FDRE_Q_CE           Net         129             (fanout=1)        923                     -                                                                               
   RBB_5/A6                                  RBB_6L        5   [TILE 0 0, RBB 7 10]          -     r           10395     {<CE>inst23: U_uart_rx.r_Bit_Index_FDRE_Q_1 (FDRE,site=cff)}              
   --------------------------------------------------------------------------------------------------------------------------------------------------------------------------------------------------
   RBB_5/CLK                                 RBB_6L        5   [TILE 0 0, RBB 7 10]        739     r           11134                                                                               
   clk                                       Clock net     5           (fanout=489)      -2317                     -                                                                               
   clk                                       CLOCK-PORT    -                      -    capture     r            8817                                                                               
   --------------------------------------------------------------------------------------------------------------------------------------------------------------------------------------------------


Path 340:
   Slack (not met):                         -6967ps
     Path type:                               SETUP
     Group:                              <UDEF_clk>
     Launching clock:                           clk (rising edge)
     Capturing clock:                           clk (rising edge)

     Requested period:                       2000ps
   + Delay of the capturing clock:           2317ps
   - Clock uncertainty:                       150ps
   = Required time:                          4167ps
   - Propagation time:                       8813ps (51.7% logic, 48.3% route, logic stage 4)
   - Delay of the launching clock:           2321ps
   = Slack:                                 -6967ps

   Instance/Pin or Net Name                  Type         ID     Location or Fanout   Delay(ps)  Edge  Arrival Time(ps)    Instance detail                                                         
   --------------------------------------------------------------------------------------------------------------------------------------------------------------------------------------------------
   clk                                       CLOCK-PORT    -                      -     launch     r               0                                                                               
   clk                                       Clock net     5           (fanout=489)       2321                     -                                                                               
   RBB_16/CLK                                RBB_6L       16  [TILE 0 0, RBB 13 14]          -     r            2321                                                                               
   --------------------------------------------------------------------------------------------------------------------------------------------------------------------------------------------------
   RBB_16/AQ                                 RBB_6L       16  [TILE 0 0, RBB 13 14]        800     r            3121     {inst33: U_uart_rx.r_Clock_Count_FDRE_Q_14 (FDE,site=aff)}                
   U_uart_rx.r_Clock_Count[3]                Net          22             (fanout=4)       1482                     -                                                                               
   RBB_18/A3                                 RBB_6L       18  [TILE 0 0, RBB 13 16]          -     r            4603                                                                               
   RBB_18/A                                  RBB_6L       18  [TILE 0 0, RBB 13 16]        763     r            5366     {inst87: rx_LUT5_I0_3_I2_CARRY4_O_O_2_CARRY4_O_DI_LUT5_O (LUT,site=alut)} 
   rx_LUT5_I0_3_I2_CARRY4_O_O_2_CARRY4_O_DI  Net          55             (fanout=1)        941                     -                                                                               
   RBB_12/A6                                 RBB_6L       12  [TILE 0 0, RBB 10 14]          -     r            6307                                                                               
   RBB_12/DMUX                               RBB_6L       12  [TILE 0 0, RBB 10 14]       1328     r            7635     {inst86: rx_LUT5_I0_3_I2_CARRY4_O_O_2_CARRY4_O (CARRY4)}                  
   rx_LUT5_I0_3_I2_CARRY4_O_O_2[3]           Net         155            (fanout=13)        915                     -                                                                               
   RBB_14/D4                                 RBB_6L       14    [TILE 0 0, RBB 7 8]          -     r            8550                                                                               
   RBB_14/DMUX                               RBB_6L       14    [TILE 0 0, RBB 7 8]        922     r            9472     {inst25: U_uart_rx.r_Bit_Index_FDRE_Q_CE_LUT4_O (LUT,site=dluto)}         
   U_uart_rx.r_Bit_Index_FDRE_Q_CE           Net         129             (fanout=1)        923                     -                                                                               
   RBB_5/A6                                  RBB_6L        5   [TILE 0 0, RBB 7 10]          -     r           10395     {<CE>inst24: U_uart_rx.r_Bit_Index_FDRE_Q_2 (FDRE,site=aff)}              
   --------------------------------------------------------------------------------------------------------------------------------------------------------------------------------------------------
   RBB_5/CLK                                 RBB_6L        5   [TILE 0 0, RBB 7 10]        739     r           11134                                                                               
   clk                                       Clock net     5           (fanout=489)      -2317                     -                                                                               
   clk                                       CLOCK-PORT    -                      -    capture     r            8817                                                                               
   --------------------------------------------------------------------------------------------------------------------------------------------------------------------------------------------------


Path 341:
   Slack (not met):                         -6827ps
     Path type:                               SETUP
     Group:                              <UDEF_clk>
     Launching clock:                           clk (rising edge)
     Capturing clock:                           clk (rising edge)

     Requested period:                       2000ps
   + Delay of the capturing clock:           2208ps
   - Clock uncertainty:                       150ps
   = Required time:                          4058ps
   - Propagation time:                       8564ps (51.2% logic, 48.8% route, logic stage 4)
   - Delay of the launching clock:           2321ps
   = Slack:                                 -6827ps

   Instance/Pin or Net Name                  Type         ID     Location or Fanout   Delay(ps)  Edge  Arrival Time(ps)    Instance detail                                                         
   --------------------------------------------------------------------------------------------------------------------------------------------------------------------------------------------------
   clk                                       CLOCK-PORT    -                      -     launch     r               0                                                                               
   clk                                       Clock net     5           (fanout=489)       2321                     -                                                                               
   RBB_16/CLK                                RBB_6L       16  [TILE 0 0, RBB 13 14]          -     r            2321                                                                               
   --------------------------------------------------------------------------------------------------------------------------------------------------------------------------------------------------
   RBB_16/AQ                                 RBB_6L       16  [TILE 0 0, RBB 13 14]        800     r            3121     {inst33: U_uart_rx.r_Clock_Count_FDRE_Q_14 (FDE,site=aff)}                
   U_uart_rx.r_Clock_Count[3]                Net          22             (fanout=4)       1482                     -                                                                               
   RBB_18/A3                                 RBB_6L       18  [TILE 0 0, RBB 13 16]          -     r            4603                                                                               
   RBB_18/A                                  RBB_6L       18  [TILE 0 0, RBB 13 16]        763     r            5366     {inst87: rx_LUT5_I0_3_I2_CARRY4_O_O_2_CARRY4_O_DI_LUT5_O (LUT,site=alut)} 
   rx_LUT5_I0_3_I2_CARRY4_O_O_2_CARRY4_O_DI  Net          55             (fanout=1)        941                     -                                                                               
   RBB_12/A6                                 RBB_6L       12  [TILE 0 0, RBB 10 14]          -     r            6307                                                                               
   RBB_12/DMUX                               RBB_6L       12  [TILE 0 0, RBB 10 14]       1328     r            7635     {inst86: rx_LUT5_I0_3_I2_CARRY4_O_O_2_CARRY4_O (CARRY4)}                  
   rx_LUT5_I0_3_I2_CARRY4_O_O_2[3]           Net         155            (fanout=13)        601                     -                                                                               
   RBB_15/D2                                 RBB_6L       15   [TILE 0 0, RBB 7 14]          -     r            8236                                                                               
   RBB_15/DMUX                               RBB_6L       15   [TILE 0 0, RBB 7 14]        608     r            8844     {inst53: U_uart_rx.r_RX_Byte_FDRE_Q_CE_LUT4_O (LUT,site=dluto)}           
   U_uart_rx.r_RX_Byte_FDRE_Q_CE             Net         126             (fanout=4)       1157                     -                                                                               
   RBB_20/A6                                 RBB_6L       20   [TILE 0 0, RBB 13 8]          -     r           10001     {<CE>inst50: U_uart_rx.r_RX_Byte_FDRE_Q_5 (FDE,site=cff)}                 
   --------------------------------------------------------------------------------------------------------------------------------------------------------------------------------------------------
   RBB_20/CLK                                RBB_6L       20   [TILE 0 0, RBB 13 8]        884     r           10885                                                                               
   clk                                       Clock net     5           (fanout=489)      -2208                     -                                                                               
   clk                                       CLOCK-PORT    -                      -    capture     r            8677                                                                               
   --------------------------------------------------------------------------------------------------------------------------------------------------------------------------------------------------


Path 342:
   Slack (not met):                         -6827ps
     Path type:                               SETUP
     Group:                              <UDEF_clk>
     Launching clock:                           clk (rising edge)
     Capturing clock:                           clk (rising edge)

     Requested period:                       2000ps
   + Delay of the capturing clock:           2208ps
   - Clock uncertainty:                       150ps
   = Required time:                          4058ps
   - Propagation time:                       8564ps (51.2% logic, 48.8% route, logic stage 4)
   - Delay of the launching clock:           2321ps
   = Slack:                                 -6827ps

   Instance/Pin or Net Name                  Type         ID     Location or Fanout   Delay(ps)  Edge  Arrival Time(ps)    Instance detail                                                         
   --------------------------------------------------------------------------------------------------------------------------------------------------------------------------------------------------
   clk                                       CLOCK-PORT    -                      -     launch     r               0                                                                               
   clk                                       Clock net     5           (fanout=489)       2321                     -                                                                               
   RBB_16/CLK                                RBB_6L       16  [TILE 0 0, RBB 13 14]          -     r            2321                                                                               
   --------------------------------------------------------------------------------------------------------------------------------------------------------------------------------------------------
   RBB_16/AQ                                 RBB_6L       16  [TILE 0 0, RBB 13 14]        800     r            3121     {inst33: U_uart_rx.r_Clock_Count_FDRE_Q_14 (FDE,site=aff)}                
   U_uart_rx.r_Clock_Count[3]                Net          22             (fanout=4)       1482                     -                                                                               
   RBB_18/A3                                 RBB_6L       18  [TILE 0 0, RBB 13 16]          -     r            4603                                                                               
   RBB_18/A                                  RBB_6L       18  [TILE 0 0, RBB 13 16]        763     r            5366     {inst87: rx_LUT5_I0_3_I2_CARRY4_O_O_2_CARRY4_O_DI_LUT5_O (LUT,site=alut)} 
   rx_LUT5_I0_3_I2_CARRY4_O_O_2_CARRY4_O_DI  Net          55             (fanout=1)        941                     -                                                                               
   RBB_12/A6                                 RBB_6L       12  [TILE 0 0, RBB 10 14]          -     r            6307                                                                               
   RBB_12/DMUX                               RBB_6L       12  [TILE 0 0, RBB 10 14]       1328     r            7635     {inst86: rx_LUT5_I0_3_I2_CARRY4_O_O_2_CARRY4_O (CARRY4)}                  
   rx_LUT5_I0_3_I2_CARRY4_O_O_2[3]           Net         155            (fanout=13)        601                     -                                                                               
   RBB_15/D2                                 RBB_6L       15   [TILE 0 0, RBB 7 14]          -     r            8236                                                                               
   RBB_15/DMUX                               RBB_6L       15   [TILE 0 0, RBB 7 14]        608     r            8844     {inst53: U_uart_rx.r_RX_Byte_FDRE_Q_CE_LUT4_O (LUT,site=dluto)}           
   U_uart_rx.r_RX_Byte_FDRE_Q_CE             Net         126             (fanout=4)       1157                     -                                                                               
   RBB_20/A6                                 RBB_6L       20   [TILE 0 0, RBB 13 8]          -     r           10001     {<CE>inst51: U_uart_rx.r_RX_Byte_FDRE_Q_6 (FDE,site=bff)}                 
   --------------------------------------------------------------------------------------------------------------------------------------------------------------------------------------------------
   RBB_20/CLK                                RBB_6L       20   [TILE 0 0, RBB 13 8]        884     r           10885                                                                               
   clk                                       Clock net     5           (fanout=489)      -2208                     -                                                                               
   clk                                       CLOCK-PORT    -                      -    capture     r            8677                                                                               
   --------------------------------------------------------------------------------------------------------------------------------------------------------------------------------------------------


Path 343:
   Slack (not met):                         -6827ps
     Path type:                               SETUP
     Group:                              <UDEF_clk>
     Launching clock:                           clk (rising edge)
     Capturing clock:                           clk (rising edge)

     Requested period:                       2000ps
   + Delay of the capturing clock:           2208ps
   - Clock uncertainty:                       150ps
   = Required time:                          4058ps
   - Propagation time:                       8564ps (51.2% logic, 48.8% route, logic stage 4)
   - Delay of the launching clock:           2321ps
   = Slack:                                 -6827ps

   Instance/Pin or Net Name                  Type         ID     Location or Fanout   Delay(ps)  Edge  Arrival Time(ps)    Instance detail                                                         
   --------------------------------------------------------------------------------------------------------------------------------------------------------------------------------------------------
   clk                                       CLOCK-PORT    -                      -     launch     r               0                                                                               
   clk                                       Clock net     5           (fanout=489)       2321                     -                                                                               
   RBB_16/CLK                                RBB_6L       16  [TILE 0 0, RBB 13 14]          -     r            2321                                                                               
   --------------------------------------------------------------------------------------------------------------------------------------------------------------------------------------------------
   RBB_16/AQ                                 RBB_6L       16  [TILE 0 0, RBB 13 14]        800     r            3121     {inst33: U_uart_rx.r_Clock_Count_FDRE_Q_14 (FDE,site=aff)}                
   U_uart_rx.r_Clock_Count[3]                Net          22             (fanout=4)       1482                     -                                                                               
   RBB_18/A3                                 RBB_6L       18  [TILE 0 0, RBB 13 16]          -     r            4603                                                                               
   RBB_18/A                                  RBB_6L       18  [TILE 0 0, RBB 13 16]        763     r            5366     {inst87: rx_LUT5_I0_3_I2_CARRY4_O_O_2_CARRY4_O_DI_LUT5_O (LUT,site=alut)} 
   rx_LUT5_I0_3_I2_CARRY4_O_O_2_CARRY4_O_DI  Net          55             (fanout=1)        941                     -                                                                               
   RBB_12/A6                                 RBB_6L       12  [TILE 0 0, RBB 10 14]          -     r            6307                                                                               
   RBB_12/DMUX                               RBB_6L       12  [TILE 0 0, RBB 10 14]       1328     r            7635     {inst86: rx_LUT5_I0_3_I2_CARRY4_O_O_2_CARRY4_O (CARRY4)}                  
   rx_LUT5_I0_3_I2_CARRY4_O_O_2[3]           Net         155            (fanout=13)        601                     -                                                                               
   RBB_15/D2                                 RBB_6L       15   [TILE 0 0, RBB 7 14]          -     r            8236                                                                               
   RBB_15/DMUX                               RBB_6L       15   [TILE 0 0, RBB 7 14]        608     r            8844     {inst53: U_uart_rx.r_RX_Byte_FDRE_Q_CE_LUT4_O (LUT,site=dluto)}           
   U_uart_rx.r_RX_Byte_FDRE_Q_CE             Net         126             (fanout=4)       1157                     -                                                                               
   RBB_20/A6                                 RBB_6L       20   [TILE 0 0, RBB 13 8]          -     r           10001     {<CE>inst52: U_uart_rx.r_RX_Byte_FDRE_Q_7 (FDE,site=aff)}                 
   --------------------------------------------------------------------------------------------------------------------------------------------------------------------------------------------------
   RBB_20/CLK                                RBB_6L       20   [TILE 0 0, RBB 13 8]        884     r           10885                                                                               
   clk                                       Clock net     5           (fanout=489)      -2208                     -                                                                               
   clk                                       CLOCK-PORT    -                      -    capture     r            8677                                                                               
   --------------------------------------------------------------------------------------------------------------------------------------------------------------------------------------------------


Path 344:
   Slack (not met):                         -6418ps
     Path type:                               SETUP
     Group:                              <UDEF_clk>
     Launching clock:                           clk (rising edge)
     Capturing clock:                           clk (rising edge)

     Requested period:                       2000ps
   + Delay of the capturing clock:           2347ps
   - Clock uncertainty:                       150ps
   = Required time:                          4197ps
   - Propagation time:                       8294ps (53.7% logic, 46.3% route, logic stage 4)
   - Delay of the launching clock:           2321ps
   = Slack:                                 -6418ps

   Instance/Pin or Net Name                  Type         ID     Location or Fanout   Delay(ps)  Edge  Arrival Time(ps)    Instance detail                                                         
   --------------------------------------------------------------------------------------------------------------------------------------------------------------------------------------------------
   clk                                       CLOCK-PORT    -                      -     launch     r               0                                                                               
   clk                                       Clock net     5           (fanout=489)       2321                     -                                                                               
   RBB_16/CLK                                RBB_6L       16  [TILE 0 0, RBB 13 14]          -     r            2321                                                                               
   --------------------------------------------------------------------------------------------------------------------------------------------------------------------------------------------------
   RBB_16/AQ                                 RBB_6L       16  [TILE 0 0, RBB 13 14]        800     r            3121     {inst33: U_uart_rx.r_Clock_Count_FDRE_Q_14 (FDE,site=aff)}                
   U_uart_rx.r_Clock_Count[3]                Net          22             (fanout=4)       1482                     -                                                                               
   RBB_18/A3                                 RBB_6L       18  [TILE 0 0, RBB 13 16]          -     r            4603                                                                               
   RBB_18/A                                  RBB_6L       18  [TILE 0 0, RBB 13 16]        763     r            5366     {inst87: rx_LUT5_I0_3_I2_CARRY4_O_O_2_CARRY4_O_DI_LUT5_O (LUT,site=alut)} 
   rx_LUT5_I0_3_I2_CARRY4_O_O_2_CARRY4_O_DI  Net          55             (fanout=1)        941                     -                                                                               
   RBB_12/A6                                 RBB_6L       12  [TILE 0 0, RBB 10 14]          -     r            6307                                                                               
   RBB_12/DMUX                               RBB_6L       12  [TILE 0 0, RBB 10 14]       1328     r            7635     {inst86: rx_LUT5_I0_3_I2_CARRY4_O_O_2_CARRY4_O (CARRY4)}                  
   rx_LUT5_I0_3_I2_CARRY4_O_O_2[3]           Net         155            (fanout=13)        601                     -                                                                               
   RBB_15/D2                                 RBB_6L       15   [TILE 0 0, RBB 7 14]          -     r            8236                                                                               
   RBB_15/DMUX                               RBB_6L       15   [TILE 0 0, RBB 7 14]        608     r            8844     {inst53: U_uart_rx.r_RX_Byte_FDRE_Q_CE_LUT4_O (LUT,site=dluto)}           
   U_uart_rx.r_RX_Byte_FDRE_Q_CE             Net         126             (fanout=4)        817                     -                                                                               
   RBB_12/D6                                 RBB_6L       12  [TILE 0 0, RBB 10 14]          -     r            9661     {<CE>inst48: U_uart_rx.r_RX_Byte_FDRE_Q_3 (FDE,site=dff)}                 
   --------------------------------------------------------------------------------------------------------------------------------------------------------------------------------------------------
   RBB_12/CLK                                RBB_6L       12  [TILE 0 0, RBB 10 14]        954     r           10615                                                                               
   clk                                       Clock net     5           (fanout=489)      -2347                     -                                                                               
   clk                                       CLOCK-PORT    -                      -    capture     r            8268                                                                               
   --------------------------------------------------------------------------------------------------------------------------------------------------------------------------------------------------


Path 345:
   Slack (not met):                         -6398ps
     Path type:                               SETUP
     Group:                              <UDEF_clk>
     Launching clock:                           clk (rising edge)
     Capturing clock:                           clk (rising edge)

     Requested period:                       2000ps
   + Delay of the capturing clock:           2348ps
   - Clock uncertainty:                       150ps
   = Required time:                          4198ps
   - Propagation time:                       8275ps (53.8% logic, 46.2% route, logic stage 4)
   - Delay of the launching clock:           2321ps
   = Slack:                                 -6398ps

   Instance/Pin or Net Name                   Type         ID     Location or Fanout   Delay(ps)  Edge  Arrival Time(ps)    Instance detail                                                                                                      
   ------------------------------------------------------------------------------------------------------------------------------------------------------------------------------------------------------------------------------------------------
   clk                                        CLOCK-PORT    -                      -     launch     r               0                                                                                                                            
   clk                                        Clock net     5           (fanout=489)       2321                     -                                                                                                                            
   RBB_16/CLK                                 RBB_6L       16  [TILE 0 0, RBB 13 14]          -     r            2321                                                                                                                            
   ------------------------------------------------------------------------------------------------------------------------------------------------------------------------------------------------------------------------------------------------
   RBB_16/AQ                                  RBB_6L       16  [TILE 0 0, RBB 13 14]        800     r            3121     {inst33: U_uart_rx.r_Clock_Count_FDRE_Q_14 (FDE,site=aff)}                                                             
   U_uart_rx.r_Clock_Count[3]                 Net          22             (fanout=4)       1482                     -                                                                                                                            
   RBB_18/A3                                  RBB_6L       18  [TILE 0 0, RBB 13 16]          -     r            4603                                                                                                                            
   RBB_18/A                                   RBB_6L       18  [TILE 0 0, RBB 13 16]        763     r            5366     {inst87: rx_LUT5_I0_3_I2_CARRY4_O_O_2_CARRY4_O_DI_LUT5_O (LUT,site=alut)}                                              
   rx_LUT5_I0_3_I2_CARRY4_O_O_2_CARRY4_O_DI   Net          55             (fanout=1)        941                     -                                                                                                                            
   RBB_12/A6                                  RBB_6L       12  [TILE 0 0, RBB 10 14]          -     r            6307                                                                                                                            
   RBB_12/DMUX                                RBB_6L       12  [TILE 0 0, RBB 10 14]       1328     r            7635     {inst86: rx_LUT5_I0_3_I2_CARRY4_O_O_2_CARRY4_O (CARRY4)}                                                               
   rx_LUT5_I0_3_I2_CARRY4_O_O_2[3]            Net         155            (fanout=13)        819                     -                                                                                                                            
   RBB_13/B2                                  RBB_6L       13  [TILE 0 0, RBB 10 10]          -     r            8454                                                                                                                            
   RBB_13/AMUX                                RBB_6L       13  [TILE 0 0, RBB 10 10]        912     r            9366     {inst15: U_uart_rx.FSM_STATE_FDRE_Q_D_MUXF8_O_1_I1_MUXF7_O (MUXF,site=muxf7a)}                                         
   U_uart_rx.FSM_STATE_FDRE_Q_D_MUXF8_O_1_I1  Net          76             (fanout=1)        577                     -                                                                                                                            
   RBB_13/B4                                  RBB_6L       13  [TILE 0 0, RBB 10 10]          -     r            9943     {inst14: U_uart_rx.FSM_STATE_FDRE_Q_D_MUXF8_O_1 (LUT,site=bluto)} {inst11: U_uart_rx.FSM_STATE_FDRE_Q_1 (FD,site=bff)} 
   ------------------------------------------------------------------------------------------------------------------------------------------------------------------------------------------------------------------------------------------------
   RBB_13/CLK                                 RBB_6L       13  [TILE 0 0, RBB 10 10]        653     r           10596                                                                                                                            
   clk                                        Clock net     5           (fanout=489)      -2348                     -                                                                                                                            
   clk                                        CLOCK-PORT    -                      -    capture     r            8248                                                                                                                            
   ------------------------------------------------------------------------------------------------------------------------------------------------------------------------------------------------------------------------------------------------


Path 346:
   Slack (not met):                         -6302ps
     Path type:                               SETUP
     Group:                              <UDEF_clk>
     Launching clock:                           clk (rising edge)
     Capturing clock:                           clk (rising edge)

     Requested period:                       2000ps
   + Delay of the capturing clock:           2321ps
   - Clock uncertainty:                       150ps
   = Required time:                          4171ps
   - Propagation time:                       8152ps (52.0% logic, 48.0% route, logic stage 4)
   - Delay of the launching clock:           2321ps
   = Slack:                                 -6302ps

   Instance/Pin or Net Name                  Type         ID     Location or Fanout   Delay(ps)  Edge  Arrival Time(ps)    Instance detail                                                         
   --------------------------------------------------------------------------------------------------------------------------------------------------------------------------------------------------
   clk                                       CLOCK-PORT    -                      -     launch     r               0                                                                               
   clk                                       Clock net     5           (fanout=489)       2321                     -                                                                               
   RBB_16/CLK                                RBB_6L       16  [TILE 0 0, RBB 13 14]          -     r            2321                                                                               
   --------------------------------------------------------------------------------------------------------------------------------------------------------------------------------------------------
   RBB_16/AQ                                 RBB_6L       16  [TILE 0 0, RBB 13 14]        800     r            3121     {inst33: U_uart_rx.r_Clock_Count_FDRE_Q_14 (FDE,site=aff)}                
   U_uart_rx.r_Clock_Count[3]                Net          22             (fanout=4)       1482                     -                                                                               
   RBB_18/A3                                 RBB_6L       18  [TILE 0 0, RBB 13 16]          -     r            4603                                                                               
   RBB_18/A                                  RBB_6L       18  [TILE 0 0, RBB 13 16]        763     r            5366     {inst87: rx_LUT5_I0_3_I2_CARRY4_O_O_2_CARRY4_O_DI_LUT5_O (LUT,site=alut)} 
   rx_LUT5_I0_3_I2_CARRY4_O_O_2_CARRY4_O_DI  Net          55             (fanout=1)        941                     -                                                                               
   RBB_12/A6                                 RBB_6L       12  [TILE 0 0, RBB 10 14]          -     r            6307                                                                               
   RBB_12/DMUX                               RBB_6L       12  [TILE 0 0, RBB 10 14]       1328     r            7635     {inst86: rx_LUT5_I0_3_I2_CARRY4_O_O_2_CARRY4_O (CARRY4)}                  
   rx_LUT5_I0_3_I2_CARRY4_O_O_2[3]           Net         155            (fanout=13)        601                     -                                                                               
   RBB_15/D2                                 RBB_6L       15   [TILE 0 0, RBB 7 14]          -     r            8236                                                                               
   RBB_15/DMUX                               RBB_6L       15   [TILE 0 0, RBB 7 14]        608     r            8844     {inst53: U_uart_rx.r_RX_Byte_FDRE_Q_CE_LUT4_O (LUT,site=dluto)}           
   U_uart_rx.r_RX_Byte_FDRE_Q_CE             Net         126             (fanout=4)        890                     -                                                                               
   RBB_7/A6                                  RBB_6L        7  [TILE 0 0, RBB 13 12]          -     r            9734     {<CE>inst49: U_uart_rx.r_RX_Byte_FDRE_Q_4 (FDE,site=cff)}                 
   --------------------------------------------------------------------------------------------------------------------------------------------------------------------------------------------------
   RBB_7/CLK                                 RBB_6L        7  [TILE 0 0, RBB 13 12]        739     r           10473                                                                               
   clk                                       Clock net     5           (fanout=489)      -2321                     -                                                                               
   clk                                       CLOCK-PORT    -                      -    capture     r            8152                                                                               
   --------------------------------------------------------------------------------------------------------------------------------------------------------------------------------------------------


Path 347:
   Slack (not met):                         -6302ps
     Path type:                               SETUP
     Group:                              <UDEF_clk>
     Launching clock:                           clk (rising edge)
     Capturing clock:                           clk (rising edge)

     Requested period:                       2000ps
   + Delay of the capturing clock:           2321ps
   - Clock uncertainty:                       150ps
   = Required time:                          4171ps
   - Propagation time:                       8152ps (52.0% logic, 48.0% route, logic stage 4)
   - Delay of the launching clock:           2321ps
   = Slack:                                 -6302ps

   Instance/Pin or Net Name                  Type         ID     Location or Fanout   Delay(ps)  Edge  Arrival Time(ps)    Instance detail                                                         
   --------------------------------------------------------------------------------------------------------------------------------------------------------------------------------------------------
   clk                                       CLOCK-PORT    -                      -     launch     r               0                                                                               
   clk                                       Clock net     5           (fanout=489)       2321                     -                                                                               
   RBB_16/CLK                                RBB_6L       16  [TILE 0 0, RBB 13 14]          -     r            2321                                                                               
   --------------------------------------------------------------------------------------------------------------------------------------------------------------------------------------------------
   RBB_16/AQ                                 RBB_6L       16  [TILE 0 0, RBB 13 14]        800     r            3121     {inst33: U_uart_rx.r_Clock_Count_FDRE_Q_14 (FDE,site=aff)}                
   U_uart_rx.r_Clock_Count[3]                Net          22             (fanout=4)       1482                     -                                                                               
   RBB_18/A3                                 RBB_6L       18  [TILE 0 0, RBB 13 16]          -     r            4603                                                                               
   RBB_18/A                                  RBB_6L       18  [TILE 0 0, RBB 13 16]        763     r            5366     {inst87: rx_LUT5_I0_3_I2_CARRY4_O_O_2_CARRY4_O_DI_LUT5_O (LUT,site=alut)} 
   rx_LUT5_I0_3_I2_CARRY4_O_O_2_CARRY4_O_DI  Net          55             (fanout=1)        941                     -                                                                               
   RBB_12/A6                                 RBB_6L       12  [TILE 0 0, RBB 10 14]          -     r            6307                                                                               
   RBB_12/DMUX                               RBB_6L       12  [TILE 0 0, RBB 10 14]       1328     r            7635     {inst86: rx_LUT5_I0_3_I2_CARRY4_O_O_2_CARRY4_O (CARRY4)}                  
   rx_LUT5_I0_3_I2_CARRY4_O_O_2[3]           Net         155            (fanout=13)        601                     -                                                                               
   RBB_15/D2                                 RBB_6L       15   [TILE 0 0, RBB 7 14]          -     r            8236                                                                               
   RBB_15/DMUX                               RBB_6L       15   [TILE 0 0, RBB 7 14]        608     r            8844     {inst53: U_uart_rx.r_RX_Byte_FDRE_Q_CE_LUT4_O (LUT,site=dluto)}           
   U_uart_rx.r_RX_Byte_FDRE_Q_CE             Net         126             (fanout=4)        890                     -                                                                               
   RBB_7/A6                                  RBB_6L        7  [TILE 0 0, RBB 13 12]          -     r            9734     {<CE>inst45: U_uart_rx.r_RX_Byte_FDRE_Q (FDE,site=dff)}                   
   --------------------------------------------------------------------------------------------------------------------------------------------------------------------------------------------------
   RBB_7/CLK                                 RBB_6L        7  [TILE 0 0, RBB 13 12]        739     r           10473                                                                               
   clk                                       Clock net     5           (fanout=489)      -2321                     -                                                                               
   clk                                       CLOCK-PORT    -                      -    capture     r            8152                                                                               
   --------------------------------------------------------------------------------------------------------------------------------------------------------------------------------------------------


Path 44:
   Slack (not met):                         -6282ps
     Path type:                               SETUP
     Group:                              <UDEF_clk>
     Launching clock:                           clk (rising edge)
     Capturing clock:                           clk (rising edge)

     Requested period:                       2000ps
   + Delay of the capturing clock:           2321ps
   - Clock uncertainty:                       150ps
   = Required time:                          4171ps
   - Propagation time:                       8136ps (49.8% logic, 50.2% route, logic stage 3)
   - Delay of the launching clock:           2317ps
   = Slack:                                 -6282ps

   Instance/Pin or Net Name             Type         ID     Location or Fanout   Delay(ps)  Edge  Arrival Time(ps)    Instance detail                                                                                  
   ----------------------------------------------------------------------------------------------------------------------------------------------------------------------------------------------------------------------
   clk                                  CLOCK-PORT    -                      -     launch     r               0                                                                                                        
   clk                                  Clock net     5           (fanout=489)       2317                     -                                                                                                        
   RBB_5/CLK                            RBB_6L        5   [TILE 0 0, RBB 7 10]          -     r            2317                                                                                                        
   ----------------------------------------------------------------------------------------------------------------------------------------------------------------------------------------------------------------------
   RBB_5/AQ                             RBB_6L        5   [TILE 0 0, RBB 7 10]        800     r            3117     {inst24: U_uart_rx.r_Bit_Index_FDRE_Q_2 (FDRE,site=aff)}                                           
   U_uart_rx.r_Bit_Index[0]             Net          37             (fanout=7)       1779                     -                                                                                                        
   RBB_6/A1                             RBB_6L        6   [TILE 0 0, RBB 7 12]          -     r            4896                                                                                                        
   RBB_6/BQ                             RBB_6L        6   [TILE 0 0, RBB 7 12]       1276     r            6172     {inst74: rx_LUT3_I2_O_CARRY4_O (CARRY4)}                                                           
   U_uart_rx.r_Bit_Index_FDRE_Q_1_D[1]  Net          52             (fanout=5)       1438                     -                                                                                                        
   RBB_20/C3                            RBB_6L       20   [TILE 0 0, RBB 13 8]          -     r            7610                                                                                                        
   RBB_20/CMUX                          RBB_6L       20   [TILE 0 0, RBB 13 8]       1193     r            8803     {inst73: rx_LUT3_I2 (LUT,site=cluto)}                                                              
   rx_LUT3_I2_O[2]                      Net         130             (fanout=2)        865                     -                                                                                                        
   RBB_7/D5                             RBB_6L        7  [TILE 0 0, RBB 13 12]          -     r            9668     {inst71: rx_LUT3_I0_O_LUT3_O (LUT,site=dluto)} {inst45: U_uart_rx.r_RX_Byte_FDRE_Q (FDE,site=dff)} 
   ----------------------------------------------------------------------------------------------------------------------------------------------------------------------------------------------------------------------
   RBB_7/CLK                            RBB_6L        7  [TILE 0 0, RBB 13 12]        785     r           10453                                                                                                        
   clk                                  Clock net     5           (fanout=489)      -2321                     -                                                                                                        
   clk                                  CLOCK-PORT    -                      -    capture     r            8132                                                                                                        
   ----------------------------------------------------------------------------------------------------------------------------------------------------------------------------------------------------------------------


Path 46:
   Slack (not met):                         -6207ps
     Path type:                               SETUP
     Group:                              <UDEF_clk>
     Launching clock:                           clk (rising edge)
     Capturing clock:                           clk (rising edge)

     Requested period:                       2000ps
   + Delay of the capturing clock:           2321ps
   - Clock uncertainty:                       150ps
   = Required time:                          4171ps
   - Propagation time:                       8061ps (49.4% logic, 50.6% route, logic stage 3)
   - Delay of the launching clock:           2317ps
   = Slack:                                 -6207ps

   Instance/Pin or Net Name             Type         ID     Location or Fanout   Delay(ps)  Edge  Arrival Time(ps)    Instance detail                                                                                    
   ------------------------------------------------------------------------------------------------------------------------------------------------------------------------------------------------------------------------
   clk                                  CLOCK-PORT    -                      -     launch     r               0                                                                                                          
   clk                                  Clock net     5           (fanout=489)       2317                     -                                                                                                          
   RBB_5/CLK                            RBB_6L        5   [TILE 0 0, RBB 7 10]          -     r            2317                                                                                                          
   ------------------------------------------------------------------------------------------------------------------------------------------------------------------------------------------------------------------------
   RBB_5/AQ                             RBB_6L        5   [TILE 0 0, RBB 7 10]        800     r            3117     {inst24: U_uart_rx.r_Bit_Index_FDRE_Q_2 (FDRE,site=aff)}                                             
   U_uart_rx.r_Bit_Index[0]             Net          37             (fanout=7)       1779                     -                                                                                                          
   RBB_6/A1                             RBB_6L        6   [TILE 0 0, RBB 7 12]          -     r            4896                                                                                                          
   RBB_6/BQ                             RBB_6L        6   [TILE 0 0, RBB 7 12]       1276     r            6172     {inst74: rx_LUT3_I2_O_CARRY4_O (CARRY4)}                                                             
   U_uart_rx.r_Bit_Index_FDRE_Q_1_D[1]  Net          52             (fanout=5)       1438                     -                                                                                                          
   RBB_20/C3                            RBB_6L       20   [TILE 0 0, RBB 13 8]          -     r            7610                                                                                                          
   RBB_20/CMUX                          RBB_6L       20   [TILE 0 0, RBB 13 8]       1193     r            8803     {inst73: rx_LUT3_I2 (LUT,site=cluto)}                                                                
   rx_LUT3_I2_O[2]                      Net         130             (fanout=2)        865                     -                                                                                                          
   RBB_7/C5                             RBB_6L        7  [TILE 0 0, RBB 13 12]          -     r            9668     {inst72: rx_LUT3_I0_O_LUT4_O (LUT,site=cluto)} {inst49: U_uart_rx.r_RX_Byte_FDRE_Q_4 (FDE,site=cff)} 
   ------------------------------------------------------------------------------------------------------------------------------------------------------------------------------------------------------------------------
   RBB_7/CLK                            RBB_6L        7  [TILE 0 0, RBB 13 12]        710     r           10378                                                                                                          
   clk                                  Clock net     5           (fanout=489)      -2321                     -                                                                                                          
   clk                                  CLOCK-PORT    -                      -    capture     r            8057                                                                                                          
   ------------------------------------------------------------------------------------------------------------------------------------------------------------------------------------------------------------------------


Path 160:
   Slack (not met):                         -5910ps
     Path type:                               SETUP
     Group:                              <UDEF_clk>
     Launching clock:                           clk (rising edge)
     Capturing clock:                           clk (rising edge)

     Requested period:                       2000ps
   + Delay of the capturing clock:           2347ps
   - Clock uncertainty:                       150ps
   = Required time:                          4197ps
   - Propagation time:                       7784ps (58.4% logic, 41.6% route, logic stage 3)
   - Delay of the launching clock:           2323ps
   = Slack:                                 -5910ps

   Instance/Pin or Net Name                      Type         ID     Location or Fanout   Delay(ps)  Edge  Arrival Time(ps)    Instance detail                                                                                                                   
   ----------------------------------------------------------------------------------------------------------------------------------------------------------------------------------------------------------------------------------------------------------------
   clk                                           CLOCK-PORT    -                      -     launch     r               0                                                                                                                                         
   clk                                           Clock net     5           (fanout=489)       2323                     -                                                                                                                                         
   RBB_17/CLK                                    RBB_6L       17  [TILE 0 0, RBB 13 10]          -     r            2323                                                                                                                                         
   ----------------------------------------------------------------------------------------------------------------------------------------------------------------------------------------------------------------------------------------------------------------
   RBB_17/AMUX                                   RBB_6L       17  [TILE 0 0, RBB 13 10]       1463     r            3786     {inst43: U_uart_rx.r_Clock_Count_FDRE_Q_8 (FDE,site=affo)}                                                                          
   U_uart_rx.r_Clock_Count[9]                    Net          32             (fanout=3)       1534                     -                                                                                                                                         
   RBB_9/B1                                      RBB_6L        9  [TILE 0 0, RBB 19 12]          -     r            5320                                                                                                                                         
   RBB_9/COUT                                    RBB_6L        9  [TILE 0 0, RBB 19 12]       1254     r            6574     {inst79: rx_LUT5_I0_3_I2_CARRY4_O (CARRY4)}                                                                                         
   rx_LUT5_I0_3_I2_CARRY4_O_CO                   Net          56             (fanout=1)          0                     -                                                                                                                                         
   RBB_10/CIN                                    RBB_6L       10  [TILE 0 0, RBB 22 12]          -     r            6574                                                                                                                                         
   RBB_10/CMUX                                   RBB_6L       10  [TILE 0 0, RBB 22 12]        752     r            7326     {inst83: rx_LUT5_I0_3_I2_CARRY4_O_CO_CARRY4_CI (CARRY4)}                                                                            
   rx_LUT5_I0_3_I2_CARRY4_O_CO_CARRY4_CI_O_1[1]  Net         148             (fanout=1)       1705                     -                                                                                                                                         
   RBB_19/B2                                     RBB_6L       19  [TILE 0 0, RBB 10 12]          -     r            9031     {inst96: rx_LUT5_I0_3_I2_CARRY4_O_O_LUT2_I1_O_LUT2_O_3 (LUT,site=bluto)} {inst38: U_uart_rx.r_Clock_Count_FDRE_Q_3 (FDE,site=bffo)} 
   ----------------------------------------------------------------------------------------------------------------------------------------------------------------------------------------------------------------------------------------------------------------
   RBB_19/CLK                                    RBB_6L       19  [TILE 0 0, RBB 10 12]       1076     r           10107                                                                                                                                         
   clk                                           Clock net     5           (fanout=489)      -2347                     -                                                                                                                                         
   clk                                           CLOCK-PORT    -                      -    capture     r            7760                                                                                                                                         
   ----------------------------------------------------------------------------------------------------------------------------------------------------------------------------------------------------------------------------------------------------------------


Path 53:
   Slack (not met):                         -5873ps
     Path type:                               SETUP
     Group:                              <UDEF_clk>
     Launching clock:                           clk (rising edge)
     Capturing clock:                           clk (rising edge)

     Requested period:                       2000ps
   + Delay of the capturing clock:           2331ps
   - Clock uncertainty:                       150ps
   = Required time:                          4181ps
   - Propagation time:                       7782ps (47.7% logic, 52.3% route, logic stage 3)
   - Delay of the launching clock:           2272ps
   = Slack:                                 -5873ps

   Instance/Pin or Net Name        Type         ID     Location or Fanout   Delay(ps)  Edge  Arrival Time(ps)    Instance detail                                                        
   ---------------------------------------------------------------------------------------------------------------------------------------------------------------------------------------
   clk                             CLOCK-PORT    -                      -     launch     r               0                                                                              
   clk                             Clock net     5           (fanout=489)       2272                     -                                                                              
   RBB_11/CLK                      RBB_6L       11  [TILE 0 0, RBB 25 12]          -     r            2272                                                                              
   ---------------------------------------------------------------------------------------------------------------------------------------------------------------------------------------
   RBB_11/CQ                       RBB_6L       11  [TILE 0 0, RBB 25 12]        800     r            3072     {inst47: U_uart_rx.r_RX_Byte_FDRE_Q_2 (FDE,site=cff)}                    
   U_uart_rx.r_RX_Byte[5]          Net           9             (fanout=3)       2054                     -                                                                              
   RBB_21/C5                       RBB_6L       21   [TILE 0 0, RBB 10 8]          -     r            5126                                                                              
   RBB_21/C                        RBB_6L       21   [TILE 0 0, RBB 10 8]       1051     r            6177     {inst58: U_uart_rx.r_RX_DV_LUT5_I3 (LUT,site=clut)}                      
   U_uart_rx.r_RX_DV_LUT5_I3_O[4]  Net         163             (fanout=1)        557                     -                                                                              
   RBB_21/A5                       RBB_6L       21   [TILE 0 0, RBB 10 8]          -     r            6734                                                                              
   RBB_21/AMUX                     RBB_6L       21   [TILE 0 0, RBB 10 8]        996     r            7730     {inst60: led_FDSE_Q_CE_LUT5_O (LUT,site=aluto)}                          
   led_FDSE_Q_CE                   Net         127             (fanout=1)       1460                     -                                                                              
   RBB_0/CE                        IOB           0    [TILE 0 0, RBB 0 6]          -     r            9190     {inst59: led_FDSE_Q (FDRE)} {(output_port) inst119: g_119_led_obuf (IO)} 
   ---------------------------------------------------------------------------------------------------------------------------------------------------------------------------------------
   RBB_0/CLK                       IOB           0    [TILE 0 0, RBB 0 6]        864     r           10054                                                                              
   clk                             Clock net     5           (fanout=489)      -2331                     -                                                                              
   clk                             CLOCK-PORT    -                      -    capture     r            7723                                                                              
   ---------------------------------------------------------------------------------------------------------------------------------------------------------------------------------------


Path 58:
   Slack (not met):                         -5837ps
     Path type:                               SETUP
     Group:                              <UDEF_clk>
     Launching clock:                           clk (rising edge)
     Capturing clock:                           clk (rising edge)

     Requested period:                       2000ps
   + Delay of the capturing clock:           2331ps
   - Clock uncertainty:                       150ps
   = Required time:                          4181ps
   - Propagation time:                       7746ps (44.7% logic, 55.3% route, logic stage 3)
   - Delay of the launching clock:           2272ps
   = Slack:                                 -5837ps

   Instance/Pin or Net Name   Type         ID     Location or Fanout   Delay(ps)  Edge  Arrival Time(ps)    Instance detail                                                        
   ----------------------------------------------------------------------------------------------------------------------------------------------------------------------------------
   clk                        CLOCK-PORT    -                      -     launch     r               0                                                                              
   clk                        Clock net     5           (fanout=489)       2272                     -                                                                              
   RBB_11/CLK                 RBB_6L       11  [TILE 0 0, RBB 25 12]          -     r            2272                                                                              
   ----------------------------------------------------------------------------------------------------------------------------------------------------------------------------------
   RBB_11/DQ                  RBB_6L       11  [TILE 0 0, RBB 25 12]        800     r            3072     {inst46: U_uart_rx.r_RX_Byte_FDRE_Q_1 (FDE,site=dff)}                    
   U_uart_rx.r_RX_Byte[6]     Net          10             (fanout=2)       2261                     -                                                                              
   RBB_21/A1                  RBB_6L       21   [TILE 0 0, RBB 10 8]          -     r            5333                                                                              
   RBB_21/A                   RBB_6L       21   [TILE 0 0, RBB 10 8]       1003     r            6336     {inst62: led_FDSE_Q_D_LUT5_O_I4_LUT4_O (LUT,site=alut)}                  
   led_FDSE_Q_D_LUT5_O_I4[4]  Net          81             (fanout=1)        575                     -                                                                              
   RBB_21/B1                  RBB_6L       21   [TILE 0 0, RBB 10 8]          -     r            6911                                                                              
   RBB_21/B                   RBB_6L       21   [TILE 0 0, RBB 10 8]        905     r            7816     {inst61: led_FDSE_Q_D_LUT5_O (LUT,site=blut)}                            
   led_FDSE_Q_D               Net         165             (fanout=1)       1447                     -                                                                              
   RBB_0/O[0]                 IOB           0    [TILE 0 0, RBB 0 6]          -     r            9263     {inst59: led_FDSE_Q (FDRE)} {(output_port) inst119: g_119_led_obuf (IO)} 
   ----------------------------------------------------------------------------------------------------------------------------------------------------------------------------------
   RBB_0/CLK                  IOB           0    [TILE 0 0, RBB 0 6]        755     r           10018                                                                              
   clk                        Clock net     5           (fanout=489)      -2331                     -                                                                              
   clk                        CLOCK-PORT    -                      -    capture     r            7687                                                                              
   ----------------------------------------------------------------------------------------------------------------------------------------------------------------------------------


Path 161:
   Slack (not met):                         -5814ps
     Path type:                               SETUP
     Group:                              <UDEF_clk>
     Launching clock:                           clk (rising edge)
     Capturing clock:                           clk (rising edge)

     Requested period:                       2000ps
   + Delay of the capturing clock:           2347ps
   - Clock uncertainty:                       150ps
   = Required time:                          4197ps
   - Propagation time:                       7688ps (57.5% logic, 42.5% route, logic stage 3)
   - Delay of the launching clock:           2323ps
   = Slack:                                 -5814ps

   Instance/Pin or Net Name                      Type         ID     Location or Fanout   Delay(ps)  Edge  Arrival Time(ps)    Instance detail                                                                                                                   
   ----------------------------------------------------------------------------------------------------------------------------------------------------------------------------------------------------------------------------------------------------------------
   clk                                           CLOCK-PORT    -                      -     launch     r               0                                                                                                                                         
   clk                                           Clock net     5           (fanout=489)       2323                     -                                                                                                                                         
   RBB_17/CLK                                    RBB_6L       17  [TILE 0 0, RBB 13 10]          -     r            2323                                                                                                                                         
   ----------------------------------------------------------------------------------------------------------------------------------------------------------------------------------------------------------------------------------------------------------------
   RBB_17/AMUX                                   RBB_6L       17  [TILE 0 0, RBB 13 10]       1463     r            3786     {inst43: U_uart_rx.r_Clock_Count_FDRE_Q_8 (FDE,site=affo)}                                                                          
   U_uart_rx.r_Clock_Count[9]                    Net          32             (fanout=3)       1534                     -                                                                                                                                         
   RBB_9/B1                                      RBB_6L        9  [TILE 0 0, RBB 19 12]          -     r            5320                                                                                                                                         
   RBB_9/COUT                                    RBB_6L        9  [TILE 0 0, RBB 19 12]       1254     r            6574     {inst79: rx_LUT5_I0_3_I2_CARRY4_O (CARRY4)}                                                                                         
   rx_LUT5_I0_3_I2_CARRY4_O_CO                   Net          56             (fanout=1)          0                     -                                                                                                                                         
   RBB_10/CIN                                    RBB_6L       10  [TILE 0 0, RBB 22 12]          -     r            6574                                                                                                                                         
   RBB_10/AMUX                                   RBB_6L       10  [TILE 0 0, RBB 22 12]        595     r            7169     {inst83: rx_LUT5_I0_3_I2_CARRY4_O_CO_CARRY4_CI (CARRY4)}                                                                            
   rx_LUT5_I0_3_I2_CARRY4_O_CO_CARRY4_CI_O_3[1]  Net         146             (fanout=1)       1735                     -                                                                                                                                         
   RBB_19/A2                                     RBB_6L       19  [TILE 0 0, RBB 10 12]          -     r            8904     {inst98: rx_LUT5_I0_3_I2_CARRY4_O_O_LUT2_I1_O_LUT2_O_5 (LUT,site=aluto)} {inst40: U_uart_rx.r_Clock_Count_FDRE_Q_5 (FDE,site=affo)} 
   ----------------------------------------------------------------------------------------------------------------------------------------------------------------------------------------------------------------------------------------------------------------
   RBB_19/CLK                                    RBB_6L       19  [TILE 0 0, RBB 10 12]       1107     r           10011                                                                                                                                         
   clk                                           Clock net     5           (fanout=489)      -2347                     -                                                                                                                                         
   clk                                           CLOCK-PORT    -                      -    capture     r            7664                                                                                                                                         
   ----------------------------------------------------------------------------------------------------------------------------------------------------------------------------------------------------------------------------------------------------------------


Path 348:
   Slack (not met):                         -5787ps
     Path type:                               SETUP
     Group:                              <UDEF_clk>
     Launching clock:                           clk (rising edge)
     Capturing clock:                           clk (rising edge)

     Requested period:                       2000ps
   + Delay of the capturing clock:           2305ps
   - Clock uncertainty:                       150ps
   = Required time:                          4155ps
   - Propagation time:                       7621ps (56.2% logic, 43.8% route, logic stage 3)
   - Delay of the launching clock:           2321ps
   = Slack:                                 -5787ps

   Instance/Pin or Net Name                  Type         ID     Location or Fanout   Delay(ps)  Edge  Arrival Time(ps)    Instance detail                                                                                                       
   ------------------------------------------------------------------------------------------------------------------------------------------------------------------------------------------------------------------------------------------------
   clk                                       CLOCK-PORT    -                      -     launch     r               0                                                                                                                             
   clk                                       Clock net     5           (fanout=489)       2321                     -                                                                                                                             
   RBB_16/CLK                                RBB_6L       16  [TILE 0 0, RBB 13 14]          -     r            2321                                                                                                                             
   ------------------------------------------------------------------------------------------------------------------------------------------------------------------------------------------------------------------------------------------------
   RBB_16/AQ                                 RBB_6L       16  [TILE 0 0, RBB 13 14]        800     r            3121     {inst33: U_uart_rx.r_Clock_Count_FDRE_Q_14 (FDE,site=aff)}                                                              
   U_uart_rx.r_Clock_Count[3]                Net          22             (fanout=4)       1482                     -                                                                                                                             
   RBB_18/A3                                 RBB_6L       18  [TILE 0 0, RBB 13 16]          -     r            4603                                                                                                                             
   RBB_18/A                                  RBB_6L       18  [TILE 0 0, RBB 13 16]        763     r            5366     {inst87: rx_LUT5_I0_3_I2_CARRY4_O_O_2_CARRY4_O_DI_LUT5_O (LUT,site=alut)}                                               
   rx_LUT5_I0_3_I2_CARRY4_O_O_2_CARRY4_O_DI  Net          55             (fanout=1)        941                     -                                                                                                                             
   RBB_12/A6                                 RBB_6L       12  [TILE 0 0, RBB 10 14]          -     r            6307                                                                                                                             
   RBB_12/DMUX                               RBB_6L       12  [TILE 0 0, RBB 10 14]       1328     r            7635     {inst86: rx_LUT5_I0_3_I2_CARRY4_O_O_2_CARRY4_O (CARRY4)}                                                                
   rx_LUT5_I0_3_I2_CARRY4_O_O_2[3]           Net         155            (fanout=13)        915                     -                                                                                                                             
   RBB_14/D4                                 RBB_6L       14    [TILE 0 0, RBB 7 8]          -     r            8550     {inst16: U_uart_rx.FSM_STATE_FDRE_Q_D_MUXF8_O_2 (MUXF,site=muxf8)} {inst12: U_uart_rx.FSM_STATE_FDRE_Q_2 (FD,site=bff)} 
   ------------------------------------------------------------------------------------------------------------------------------------------------------------------------------------------------------------------------------------------------
   RBB_14/CLK                                RBB_6L       14    [TILE 0 0, RBB 7 8]       1392     r            9942                                                                                                                             
   clk                                       Clock net     5           (fanout=489)      -2305                     -                                                                                                                             
   clk                                       CLOCK-PORT    -                      -    capture     r            7637                                                                                                                             
   ------------------------------------------------------------------------------------------------------------------------------------------------------------------------------------------------------------------------------------------------


Path 349:
   Slack (not met):                         -5775ps
     Path type:                               SETUP
     Group:                              <UDEF_clk>
     Launching clock:                           clk (rising edge)
     Capturing clock:                           clk (rising edge)

     Requested period:                       2000ps
   + Delay of the capturing clock:           2305ps
   - Clock uncertainty:                       150ps
   = Required time:                          4155ps
   - Propagation time:                       7609ps (56.0% logic, 44.0% route, logic stage 3)
   - Delay of the launching clock:           2321ps
   = Slack:                                 -5775ps

   Instance/Pin or Net Name                  Type         ID     Location or Fanout   Delay(ps)  Edge  Arrival Time(ps)    Instance detail                                                                                                       
   ------------------------------------------------------------------------------------------------------------------------------------------------------------------------------------------------------------------------------------------------
   clk                                       CLOCK-PORT    -                      -     launch     r               0                                                                                                                             
   clk                                       Clock net     5           (fanout=489)       2321                     -                                                                                                                             
   RBB_16/CLK                                RBB_6L       16  [TILE 0 0, RBB 13 14]          -     r            2321                                                                                                                             
   ------------------------------------------------------------------------------------------------------------------------------------------------------------------------------------------------------------------------------------------------
   RBB_16/AQ                                 RBB_6L       16  [TILE 0 0, RBB 13 14]        800     r            3121     {inst33: U_uart_rx.r_Clock_Count_FDRE_Q_14 (FDE,site=aff)}                                                              
   U_uart_rx.r_Clock_Count[3]                Net          22             (fanout=4)       1482                     -                                                                                                                             
   RBB_18/A3                                 RBB_6L       18  [TILE 0 0, RBB 13 16]          -     r            4603                                                                                                                             
   RBB_18/A                                  RBB_6L       18  [TILE 0 0, RBB 13 16]        763     r            5366     {inst87: rx_LUT5_I0_3_I2_CARRY4_O_O_2_CARRY4_O_DI_LUT5_O (LUT,site=alut)}                                               
   rx_LUT5_I0_3_I2_CARRY4_O_O_2_CARRY4_O_DI  Net          55             (fanout=1)        941                     -                                                                                                                             
   RBB_12/A6                                 RBB_6L       12  [TILE 0 0, RBB 10 14]          -     r            6307                                                                                                                             
   RBB_12/DMUX                               RBB_6L       12  [TILE 0 0, RBB 10 14]       1328     r            7635     {inst86: rx_LUT5_I0_3_I2_CARRY4_O_O_2_CARRY4_O (CARRY4)}                                                                
   rx_LUT5_I0_3_I2_CARRY4_O_O_2[3]           Net         155            (fanout=13)        923                     -                                                                                                                             
   RBB_14/B4                                 RBB_6L       14    [TILE 0 0, RBB 7 8]          -     r            8558     {inst16: U_uart_rx.FSM_STATE_FDRE_Q_D_MUXF8_O_2 (MUXF,site=muxf8)} {inst12: U_uart_rx.FSM_STATE_FDRE_Q_2 (FD,site=bff)} 
   ------------------------------------------------------------------------------------------------------------------------------------------------------------------------------------------------------------------------------------------------
   RBB_14/CLK                                RBB_6L       14    [TILE 0 0, RBB 7 8]       1372     r            9930                                                                                                                             
   clk                                       Clock net     5           (fanout=489)      -2305                     -                                                                                                                             
   clk                                       CLOCK-PORT    -                      -    capture     r            7625                                                                                                                             
   ------------------------------------------------------------------------------------------------------------------------------------------------------------------------------------------------------------------------------------------------


Path 163:
   Slack (not met):                         -5731ps
     Path type:                               SETUP
     Group:                              <UDEF_clk>
     Launching clock:                           clk (rising edge)
     Capturing clock:                           clk (rising edge)

     Requested period:                       2000ps
   + Delay of the capturing clock:           2347ps
   - Clock uncertainty:                       150ps
   = Required time:                          4197ps
   - Propagation time:                       7605ps (60.5% logic, 39.5% route, logic stage 4)
   - Delay of the launching clock:           2323ps
   = Slack:                                 -5731ps

   Instance/Pin or Net Name                             Type         ID     Location or Fanout   Delay(ps)  Edge  Arrival Time(ps)    Instance detail                                                                                                                   
   -----------------------------------------------------------------------------------------------------------------------------------------------------------------------------------------------------------------------------------------------------------------------
   clk                                                  CLOCK-PORT    -                      -     launch     r               0                                                                                                                                         
   clk                                                  Clock net     5           (fanout=489)       2323                     -                                                                                                                                         
   RBB_17/CLK                                           RBB_6L       17  [TILE 0 0, RBB 13 10]          -     r            2323                                                                                                                                         
   -----------------------------------------------------------------------------------------------------------------------------------------------------------------------------------------------------------------------------------------------------------------------
   RBB_17/AMUX                                          RBB_6L       17  [TILE 0 0, RBB 13 10]       1463     r            3786     {inst43: U_uart_rx.r_Clock_Count_FDRE_Q_8 (FDE,site=affo)}                                                                          
   U_uart_rx.r_Clock_Count[9]                           Net          32             (fanout=3)       1534                     -                                                                                                                                         
   RBB_9/B1                                             RBB_6L        9  [TILE 0 0, RBB 19 12]          -     r            5320                                                                                                                                         
   RBB_9/COUT                                           RBB_6L        9  [TILE 0 0, RBB 19 12]       1254     r            6574     {inst79: rx_LUT5_I0_3_I2_CARRY4_O (CARRY4)}                                                                                         
   rx_LUT5_I0_3_I2_CARRY4_O_CO                          Net          56             (fanout=1)          0                     -                                                                                                                                         
   RBB_10/CIN                                           RBB_6L       10  [TILE 0 0, RBB 22 12]          -     r            6574                                                                                                                                         
   RBB_10/COUT                                          RBB_6L       10  [TILE 0 0, RBB 22 12]        292     r            6866     {inst83: rx_LUT5_I0_3_I2_CARRY4_O_CO_CARRY4_CI (CARRY4)}                                                                            
   rx_LUT5_I0_3_I2_CARRY4_O_CO_CARRY4_CI_CO             Net         159             (fanout=1)          0                     -                                                                                                                                         
   RBB_11/CIN                                           RBB_6L       11  [TILE 0 0, RBB 25 12]          -     r            6866                                                                                                                                         
   RBB_11/AMUX                                          RBB_6L       11  [TILE 0 0, RBB 25 12]        497     r            7363     {inst84: rx_LUT5_I0_3_I2_CARRY4_O_CO_CARRY4_CI_CO_CARRY4_CI (CARRY4)}                                                               
   rx_LUT5_I0_3_I2_CARRY4_O_O_LUT2_I1_O_LUT2_O_1_I1[1]  Net         134             (fanout=1)       1470                     -                                                                                                                                         
   RBB_19/C2                                            RBB_6L       19  [TILE 0 0, RBB 10 12]          -     r            8833     {inst94: rx_LUT5_I0_3_I2_CARRY4_O_O_LUT2_I1_O_LUT2_O_1 (LUT,site=cluto)} {inst28: U_uart_rx.r_Clock_Count_FDRE_Q_1 (FDE,site=cffo)} 
   -----------------------------------------------------------------------------------------------------------------------------------------------------------------------------------------------------------------------------------------------------------------------
   RBB_19/CLK                                           RBB_6L       19  [TILE 0 0, RBB 10 12]       1095     r            9928                                                                                                                                         
   clk                                                  Clock net     5           (fanout=489)      -2347                     -                                                                                                                                         
   clk                                                  CLOCK-PORT    -                      -    capture     r            7581                                                                                                                                         
   -----------------------------------------------------------------------------------------------------------------------------------------------------------------------------------------------------------------------------------------------------------------------


Path 43:
   Slack (not met):                         -5722ps
     Path type:                               SETUP
     Group:                              <UDEF_clk>
     Launching clock:                           clk (rising edge)
     Capturing clock:                           clk (rising edge)

     Requested period:                       2000ps
   + Delay of the capturing clock:           2305ps
   - Clock uncertainty:                       150ps
   = Required time:                          4155ps
   - Propagation time:                       7556ps (57.2% logic, 42.8% route, logic stage 3)
   - Delay of the launching clock:           2321ps
   = Slack:                                 -5722ps

   Instance/Pin or Net Name      Type         ID     Location or Fanout   Delay(ps)  Edge  Arrival Time(ps)    Instance detail                                                                                                       
   ------------------------------------------------------------------------------------------------------------------------------------------------------------------------------------------------------------------------------------
   clk                           CLOCK-PORT    -                      -     launch     r               0                                                                                                                             
   clk                           Clock net     5           (fanout=489)       2321                     -                                                                                                                             
   RBB_16/CLK                    RBB_6L       16  [TILE 0 0, RBB 13 14]          -     r            2321                                                                                                                             
   ------------------------------------------------------------------------------------------------------------------------------------------------------------------------------------------------------------------------------------
   RBB_16/CMUX                   RBB_6L       16  [TILE 0 0, RBB 13 14]       1380     r            3701     {inst34: U_uart_rx.r_Clock_Count_FDRE_Q_15 (FDE,site=cffo)}                                                             
   U_uart_rx.r_Clock_Count[2]    Net          21             (fanout=4)        949                     -                                                                                                                             
   RBB_18/B5                     RBB_6L       18  [TILE 0 0, RBB 13 16]          -     r            4650                                                                                                                             
   RBB_18/B                      RBB_6L       18  [TILE 0 0, RBB 13 16]        717     r            5367     {inst111: rx_LUT5_I0_3_I3_LUT5_O_I0_LUT3_O (LUT,site=blut)}                                                             
   rx_LUT5_I0_3_I3_LUT5_O_I0[3]  Net         137             (fanout=1)       1375                     -                                                                                                                             
   RBB_13/D4                     RBB_6L       13  [TILE 0 0, RBB 10 10]          -     r            6742                                                                                                                             
   RBB_13/D                      RBB_6L       13  [TILE 0 0, RBB 10 10]        608     r            7350     {inst110: rx_LUT5_I0_3_I3_LUT5_O (LUT,site=dlut)}                                                                       
   rx_LUT5_I0_3_I3[2]            Net          59             (fanout=8)        913                     -                                                                                                                             
   RBB_14/C2                     RBB_6L       14    [TILE 0 0, RBB 7 8]          -     r            8263     {inst16: U_uart_rx.FSM_STATE_FDRE_Q_D_MUXF8_O_2 (MUXF,site=muxf8)} {inst12: U_uart_rx.FSM_STATE_FDRE_Q_2 (FD,site=bff)} 
   ------------------------------------------------------------------------------------------------------------------------------------------------------------------------------------------------------------------------------------
   RBB_14/CLK                    RBB_6L       14    [TILE 0 0, RBB 7 8]       1614     r            9877                                                                                                                             
   clk                           Clock net     5           (fanout=489)      -2305                     -                                                                                                                             
   clk                           CLOCK-PORT    -                      -    capture     r            7572                                                                                                                             
   ------------------------------------------------------------------------------------------------------------------------------------------------------------------------------------------------------------------------------------


Path 178:
   Slack (not met):                         -5622ps
     Path type:                               SETUP
     Group:                              <UDEF_clk>
     Launching clock:                           clk (rising edge)
     Capturing clock:                           clk (rising edge)

     Requested period:                       2000ps
   + Delay of the capturing clock:           2317ps
   - Clock uncertainty:                       150ps
   = Required time:                          4167ps
   - Propagation time:                       7484ps (55.9% logic, 44.1% route, logic stage 3)
   - Delay of the launching clock:           2305ps
   = Slack:                                 -5622ps

   Instance/Pin or Net Name        Type         ID    Location or Fanout   Delay(ps)  Edge  Arrival Time(ps)    Instance detail                                             
   ---------------------------------------------------------------------------------------------------------------------------------------------------------------------------
   clk                             CLOCK-PORT    -                     -     launch     r               0                                                                   
   clk                             Clock net     5          (fanout=489)       2305                     -                                                                   
   RBB_14/CLK                      RBB_6L       14   [TILE 0 0, RBB 7 8]          -     r            2305                                                                   
   ---------------------------------------------------------------------------------------------------------------------------------------------------------------------------
   RBB_14/BQ                       RBB_6L       14   [TILE 0 0, RBB 7 8]        800     r            3105     {inst12: U_uart_rx.FSM_STATE_FDRE_Q_2 (FD,site=bff)}          
   U_uart_rx.FSM_STATE[0]          Net          39            (fanout=7)       1435                     -                                                                   
   RBB_21/D2                       RBB_6L       21  [TILE 0 0, RBB 10 8]          -     r            4540                                                                   
   RBB_21/D                        RBB_6L       21  [TILE 0 0, RBB 10 8]        945     r            5485     {inst57: U_uart_rx.r_RX_DV_FDRE_Q_D_LUT2_O (LUT,site=dlut)}   
   U_uart_rx.r_RX_DV_FDRE_Q_D[1]   Net         101            (fanout=1)        921                     -                                                                   
   RBB_21/D4                       RBB_6L       21  [TILE 0 0, RBB 10 8]          -     r            6406                                                                   
   RBB_21/DMUX                     RBB_6L       21  [TILE 0 0, RBB 10 8]       1263     r            7669     {inst56: U_uart_rx.r_RX_DV_FDRE_Q_D_LUT2_I1 (LUT,site=dluto)} 
   U_uart_rx.r_Bit_Index_FDRE_Q_R  Net         154            (fanout=1)        947                     -                                                                   
   RBB_5/B6                        RBB_6L        5  [TILE 0 0, RBB 7 10]          -     r            8616     {<SR>inst22: U_uart_rx.r_Bit_Index_FDRE_Q (FDRE,site=dff)}    
   ---------------------------------------------------------------------------------------------------------------------------------------------------------------------------
   RBB_5/CLK                       RBB_6L        5  [TILE 0 0, RBB 7 10]       1173     r            9789                                                                   
   clk                             Clock net     5          (fanout=489)      -2317                     -                                                                   
   clk                             CLOCK-PORT    -                     -    capture     r            7472                                                                   
   ---------------------------------------------------------------------------------------------------------------------------------------------------------------------------


Path 162:
   Slack (not met):                         -5622ps
     Path type:                               SETUP
     Group:                              <UDEF_clk>
     Launching clock:                           clk (rising edge)
     Capturing clock:                           clk (rising edge)

     Requested period:                       2000ps
   + Delay of the capturing clock:           2347ps
   - Clock uncertainty:                       150ps
   = Required time:                          4197ps
   - Propagation time:                       7496ps (57.0% logic, 43.0% route, logic stage 3)
   - Delay of the launching clock:           2323ps
   = Slack:                                 -5622ps

   Instance/Pin or Net Name                    Type         ID     Location or Fanout   Delay(ps)  Edge  Arrival Time(ps)    Instance detail                                                                                                                 
   ------------------------------------------------------------------------------------------------------------------------------------------------------------------------------------------------------------------------------------------------------------
   clk                                         CLOCK-PORT    -                      -     launch     r               0                                                                                                                                       
   clk                                         Clock net     5           (fanout=489)       2323                     -                                                                                                                                       
   RBB_17/CLK                                  RBB_6L       17  [TILE 0 0, RBB 13 10]          -     r            2323                                                                                                                                       
   ------------------------------------------------------------------------------------------------------------------------------------------------------------------------------------------------------------------------------------------------------------
   RBB_17/AMUX                                 RBB_6L       17  [TILE 0 0, RBB 13 10]       1463     r            3786     {inst43: U_uart_rx.r_Clock_Count_FDRE_Q_8 (FDE,site=affo)}                                                                        
   U_uart_rx.r_Clock_Count[9]                  Net          32             (fanout=3)       1534                     -                                                                                                                                       
   RBB_9/B1                                    RBB_6L        9  [TILE 0 0, RBB 19 12]          -     r            5320                                                                                                                                       
   RBB_9/COUT                                  RBB_6L        9  [TILE 0 0, RBB 19 12]       1254     r            6574     {inst79: rx_LUT5_I0_3_I2_CARRY4_O (CARRY4)}                                                                                       
   rx_LUT5_I0_3_I2_CARRY4_O_CO                 Net          56             (fanout=1)          0                     -                                                                                                                                       
   RBB_10/CIN                                  RBB_6L       10  [TILE 0 0, RBB 22 12]          -     r            6574                                                                                                                                       
   RBB_10/DMUX                                 RBB_6L       10  [TILE 0 0, RBB 22 12]        790     r            7364     {inst83: rx_LUT5_I0_3_I2_CARRY4_O_CO_CARRY4_CI (CARRY4)}                                                                          
   rx_LUT5_I0_3_I2_CARRY4_O_CO_CARRY4_CI_O[1]  Net         150             (fanout=1)       1687                     -                                                                                                                                       
   RBB_19/B1                                   RBB_6L       19  [TILE 0 0, RBB 10 12]          -     r            9051     {inst95: rx_LUT5_I0_3_I2_CARRY4_O_O_LUT2_I1_O_LUT2_O_2 (LUT,site=blut)} {inst37: U_uart_rx.r_Clock_Count_FDRE_Q_2 (FDE,site=bff)} 
   ------------------------------------------------------------------------------------------------------------------------------------------------------------------------------------------------------------------------------------------------------------
   RBB_19/CLK                                  RBB_6L       19  [TILE 0 0, RBB 10 12]        768     r            9819                                                                                                                                       
   clk                                         Clock net     5           (fanout=489)      -2347                     -                                                                                                                                       
   clk                                         CLOCK-PORT    -                      -    capture     r            7472                                                                                                                                       
   ------------------------------------------------------------------------------------------------------------------------------------------------------------------------------------------------------------------------------------------------------------


Path 179:
   Slack (not met):                         -5613ps
     Path type:                               SETUP
     Group:                              <UDEF_clk>
     Launching clock:                           clk (rising edge)
     Capturing clock:                           clk (rising edge)

     Requested period:                       2000ps
   + Delay of the capturing clock:           2317ps
   - Clock uncertainty:                       150ps
   = Required time:                          4167ps
   - Propagation time:                       7475ps (55.8% logic, 44.2% route, logic stage 3)
   - Delay of the launching clock:           2305ps
   = Slack:                                 -5613ps

   Instance/Pin or Net Name        Type         ID    Location or Fanout   Delay(ps)  Edge  Arrival Time(ps)    Instance detail                                             
   ---------------------------------------------------------------------------------------------------------------------------------------------------------------------------
   clk                             CLOCK-PORT    -                     -     launch     r               0                                                                   
   clk                             Clock net     5          (fanout=489)       2305                     -                                                                   
   RBB_14/CLK                      RBB_6L       14   [TILE 0 0, RBB 7 8]          -     r            2305                                                                   
   ---------------------------------------------------------------------------------------------------------------------------------------------------------------------------
   RBB_14/BQ                       RBB_6L       14   [TILE 0 0, RBB 7 8]        800     r            3105     {inst12: U_uart_rx.FSM_STATE_FDRE_Q_2 (FD,site=bff)}          
   U_uart_rx.FSM_STATE[0]          Net          39            (fanout=7)       1435                     -                                                                   
   RBB_21/D2                       RBB_6L       21  [TILE 0 0, RBB 10 8]          -     r            4540                                                                   
   RBB_21/D                        RBB_6L       21  [TILE 0 0, RBB 10 8]        945     r            5485     {inst57: U_uart_rx.r_RX_DV_FDRE_Q_D_LUT2_O (LUT,site=dlut)}   
   U_uart_rx.r_RX_DV_FDRE_Q_D[1]   Net         101            (fanout=1)        921                     -                                                                   
   RBB_21/D4                       RBB_6L       21  [TILE 0 0, RBB 10 8]          -     r            6406                                                                   
   RBB_21/DMUX                     RBB_6L       21  [TILE 0 0, RBB 10 8]       1263     r            7669     {inst56: U_uart_rx.r_RX_DV_FDRE_Q_D_LUT2_I1 (LUT,site=dluto)} 
   U_uart_rx.r_Bit_Index_FDRE_Q_R  Net         154            (fanout=1)        947                     -                                                                   
   RBB_5/B6                        RBB_6L        5  [TILE 0 0, RBB 7 10]          -     r            8616     {<SR>inst23: U_uart_rx.r_Bit_Index_FDRE_Q_1 (FDRE,site=cff)}  
   ---------------------------------------------------------------------------------------------------------------------------------------------------------------------------
   RBB_5/CLK                       RBB_6L        5  [TILE 0 0, RBB 7 10]       1164     r            9780                                                                   
   clk                             Clock net     5          (fanout=489)      -2317                     -                                                                   
   clk                             CLOCK-PORT    -                     -    capture     r            7463                                                                   
   ---------------------------------------------------------------------------------------------------------------------------------------------------------------------------


Path 165:
   Slack (not met):                         -5558ps
     Path type:                               SETUP
     Group:                              <UDEF_clk>
     Launching clock:                           clk (rising edge)
     Capturing clock:                           clk (rising edge)

     Requested period:                       2000ps
   + Delay of the capturing clock:           2347ps
   - Clock uncertainty:                       150ps
   = Required time:                          4197ps
   - Propagation time:                       7432ps (59.9% logic, 40.1% route, logic stage 4)
   - Delay of the launching clock:           2323ps
   = Slack:                                 -5558ps

   Instance/Pin or Net Name                           Type         ID     Location or Fanout   Delay(ps)  Edge  Arrival Time(ps)    Instance detail                                                                                                             
   ---------------------------------------------------------------------------------------------------------------------------------------------------------------------------------------------------------------------------------------------------------------
   clk                                                CLOCK-PORT    -                      -     launch     r               0                                                                                                                                   
   clk                                                Clock net     5           (fanout=489)       2323                     -                                                                                                                                   
   RBB_17/CLK                                         RBB_6L       17  [TILE 0 0, RBB 13 10]          -     r            2323                                                                                                                                   
   ---------------------------------------------------------------------------------------------------------------------------------------------------------------------------------------------------------------------------------------------------------------
   RBB_17/AMUX                                        RBB_6L       17  [TILE 0 0, RBB 13 10]       1463     r            3786     {inst43: U_uart_rx.r_Clock_Count_FDRE_Q_8 (FDE,site=affo)}                                                                    
   U_uart_rx.r_Clock_Count[9]                         Net          32             (fanout=3)       1534                     -                                                                                                                                   
   RBB_9/B1                                           RBB_6L        9  [TILE 0 0, RBB 19 12]          -     r            5320                                                                                                                                   
   RBB_9/COUT                                         RBB_6L        9  [TILE 0 0, RBB 19 12]       1254     r            6574     {inst79: rx_LUT5_I0_3_I2_CARRY4_O (CARRY4)}                                                                                   
   rx_LUT5_I0_3_I2_CARRY4_O_CO                        Net          56             (fanout=1)          0                     -                                                                                                                                   
   RBB_10/CIN                                         RBB_6L       10  [TILE 0 0, RBB 22 12]          -     r            6574                                                                                                                                   
   RBB_10/COUT                                        RBB_6L       10  [TILE 0 0, RBB 22 12]        292     r            6866     {inst83: rx_LUT5_I0_3_I2_CARRY4_O_CO_CARRY4_CI (CARRY4)}                                                                      
   rx_LUT5_I0_3_I2_CARRY4_O_CO_CARRY4_CI_CO           Net         159             (fanout=1)          0                     -                                                                                                                                   
   RBB_11/CIN                                         RBB_6L       11  [TILE 0 0, RBB 25 12]          -     r            6866                                                                                                                                   
   RBB_11/BMUX                                        RBB_6L       11  [TILE 0 0, RBB 25 12]        573     r            7439     {inst84: rx_LUT5_I0_3_I2_CARRY4_O_CO_CARRY4_CI_CO_CARRY4_CI (CARRY4)}                                                         
   rx_LUT5_I0_3_I2_CARRY4_O_O_LUT2_I1_O_LUT2_O_I1[1]  Net         160             (fanout=1)       1445                     -                                                                                                                                   
   RBB_19/C1                                          RBB_6L       19  [TILE 0 0, RBB 10 12]          -     r            8884     {inst93: rx_LUT5_I0_3_I2_CARRY4_O_O_LUT2_I1_O_LUT2_O (LUT,site=clut)} {inst27: U_uart_rx.r_Clock_Count_FDRE_Q (FDE,site=cff)} 
   ---------------------------------------------------------------------------------------------------------------------------------------------------------------------------------------------------------------------------------------------------------------
   RBB_19/CLK                                         RBB_6L       19  [TILE 0 0, RBB 10 12]        871     r            9755                                                                                                                                   
   clk                                                Clock net     5           (fanout=489)      -2347                     -                                                                                                                                   
   clk                                                CLOCK-PORT    -                      -    capture     r            7408                                                                                                                                   
   ---------------------------------------------------------------------------------------------------------------------------------------------------------------------------------------------------------------------------------------------------------------


Path 350:
   Slack (not met):                         -5536ps
     Path type:                               SETUP
     Group:                              <UDEF_clk>
     Launching clock:                           clk (rising edge)
     Capturing clock:                           clk (rising edge)

     Requested period:                       2000ps
   + Delay of the capturing clock:           2324ps
   - Clock uncertainty:                       150ps
   = Required time:                          4174ps
   - Propagation time:                       7389ps (51.3% logic, 48.7% route, logic stage 3)
   - Delay of the launching clock:           2321ps
   = Slack:                                 -5536ps

   Instance/Pin or Net Name                  Type         ID     Location or Fanout   Delay(ps)  Edge  Arrival Time(ps)    Instance detail                                                                                                                 
   ----------------------------------------------------------------------------------------------------------------------------------------------------------------------------------------------------------------------------------------------------------
   clk                                       CLOCK-PORT    -                      -     launch     r               0                                                                                                                                       
   clk                                       Clock net     5           (fanout=489)       2321                     -                                                                                                                                       
   RBB_16/CLK                                RBB_6L       16  [TILE 0 0, RBB 13 14]          -     r            2321                                                                                                                                       
   ----------------------------------------------------------------------------------------------------------------------------------------------------------------------------------------------------------------------------------------------------------
   RBB_16/AQ                                 RBB_6L       16  [TILE 0 0, RBB 13 14]        800     r            3121     {inst33: U_uart_rx.r_Clock_Count_FDRE_Q_14 (FDE,site=aff)}                                                                        
   U_uart_rx.r_Clock_Count[3]                Net          22             (fanout=4)       1482                     -                                                                                                                                       
   RBB_18/A3                                 RBB_6L       18  [TILE 0 0, RBB 13 16]          -     r            4603                                                                                                                                       
   RBB_18/A                                  RBB_6L       18  [TILE 0 0, RBB 13 16]        763     r            5366     {inst87: rx_LUT5_I0_3_I2_CARRY4_O_O_2_CARRY4_O_DI_LUT5_O (LUT,site=alut)}                                                         
   rx_LUT5_I0_3_I2_CARRY4_O_O_2_CARRY4_O_DI  Net          55             (fanout=1)        941                     -                                                                                                                                       
   RBB_12/A6                                 RBB_6L       12  [TILE 0 0, RBB 10 14]          -     r            6307                                                                                                                                       
   RBB_12/DMUX                               RBB_6L       12  [TILE 0 0, RBB 10 14]       1328     r            7635     {inst86: rx_LUT5_I0_3_I2_CARRY4_O_O_2_CARRY4_O (CARRY4)}                                                                          
   rx_LUT5_I0_3_I2_CARRY4_O_O_2[3]           Net         155            (fanout=13)       1176                     -                                                                                                                                       
   RBB_18/D3                                 RBB_6L       18  [TILE 0 0, RBB 13 16]          -     r            8811     {inst104: rx_LUT5_I0_3_I2_CARRY4_O_O_LUT2_I1_O_LUT5_O (LUT,site=dlut)} {inst35: U_uart_rx.r_Clock_Count_FDRE_Q_16 (FDE,site=dff)} 
   ----------------------------------------------------------------------------------------------------------------------------------------------------------------------------------------------------------------------------------------------------------
   RBB_18/CLK                                RBB_6L       18  [TILE 0 0, RBB 13 16]        899     r            9710                                                                                                                                       
   clk                                       Clock net     5           (fanout=489)      -2324                     -                                                                                                                                       
   clk                                       CLOCK-PORT    -                      -    capture     r            7386                                                                                                                                       
   ----------------------------------------------------------------------------------------------------------------------------------------------------------------------------------------------------------------------------------------------------------


Path 164:
   Slack (not met):                         -5508ps
     Path type:                               SETUP
     Group:                              <UDEF_clk>
     Launching clock:                           clk (rising edge)
     Capturing clock:                           clk (rising edge)

     Requested period:                       2000ps
   + Delay of the capturing clock:           2347ps
   - Clock uncertainty:                       150ps
   = Required time:                          4197ps
   - Propagation time:                       7382ps (56.2% logic, 43.8% route, logic stage 3)
   - Delay of the launching clock:           2323ps
   = Slack:                                 -5508ps

   Instance/Pin or Net Name                      Type         ID     Location or Fanout   Delay(ps)  Edge  Arrival Time(ps)    Instance detail                                                                                                                 
   --------------------------------------------------------------------------------------------------------------------------------------------------------------------------------------------------------------------------------------------------------------
   clk                                           CLOCK-PORT    -                      -     launch     r               0                                                                                                                                       
   clk                                           Clock net     5           (fanout=489)       2323                     -                                                                                                                                       
   RBB_17/CLK                                    RBB_6L       17  [TILE 0 0, RBB 13 10]          -     r            2323                                                                                                                                       
   --------------------------------------------------------------------------------------------------------------------------------------------------------------------------------------------------------------------------------------------------------------
   RBB_17/AMUX                                   RBB_6L       17  [TILE 0 0, RBB 13 10]       1463     r            3786     {inst43: U_uart_rx.r_Clock_Count_FDRE_Q_8 (FDE,site=affo)}                                                                        
   U_uart_rx.r_Clock_Count[9]                    Net          32             (fanout=3)       1534                     -                                                                                                                                       
   RBB_9/B1                                      RBB_6L        9  [TILE 0 0, RBB 19 12]          -     r            5320                                                                                                                                       
   RBB_9/COUT                                    RBB_6L        9  [TILE 0 0, RBB 19 12]       1254     r            6574     {inst79: rx_LUT5_I0_3_I2_CARRY4_O (CARRY4)}                                                                                       
   rx_LUT5_I0_3_I2_CARRY4_O_CO                   Net          56             (fanout=1)          0                     -                                                                                                                                       
   RBB_10/CIN                                    RBB_6L       10  [TILE 0 0, RBB 22 12]          -     r            6574                                                                                                                                       
   RBB_10/BMUX                                   RBB_6L       10  [TILE 0 0, RBB 22 12]        653     r            7227     {inst83: rx_LUT5_I0_3_I2_CARRY4_O_CO_CARRY4_CI (CARRY4)}                                                                          
   rx_LUT5_I0_3_I2_CARRY4_O_CO_CARRY4_CI_O_2[1]  Net         145             (fanout=1)       1700                     -                                                                                                                                       
   RBB_19/A1                                     RBB_6L       19  [TILE 0 0, RBB 10 12]          -     r            8927     {inst97: rx_LUT5_I0_3_I2_CARRY4_O_O_LUT2_I1_O_LUT2_O_4 (LUT,site=alut)} {inst39: U_uart_rx.r_Clock_Count_FDRE_Q_4 (FDE,site=aff)} 
   --------------------------------------------------------------------------------------------------------------------------------------------------------------------------------------------------------------------------------------------------------------
   RBB_19/CLK                                    RBB_6L       19  [TILE 0 0, RBB 10 12]        778     r            9705                                                                                                                                       
   clk                                           Clock net     5           (fanout=489)      -2347                     -                                                                                                                                       
   clk                                           CLOCK-PORT    -                      -    capture     r            7358                                                                                                                                       
   --------------------------------------------------------------------------------------------------------------------------------------------------------------------------------------------------------------------------------------------------------------


Path 351:
   Slack (not met):                         -5420ps
     Path type:                               SETUP
     Group:                              <UDEF_clk>
     Launching clock:                           clk (rising edge)
     Capturing clock:                           clk (rising edge)

     Requested period:                       2000ps
   + Delay of the capturing clock:           2323ps
   - Clock uncertainty:                       150ps
   = Required time:                          4173ps
   - Propagation time:                       7272ps (51.9% logic, 48.1% route, logic stage 3)
   - Delay of the launching clock:           2321ps
   = Slack:                                 -5420ps

   Instance/Pin or Net Name                  Type         ID     Location or Fanout   Delay(ps)  Edge  Arrival Time(ps)    Instance detail                                                                                                                
   ---------------------------------------------------------------------------------------------------------------------------------------------------------------------------------------------------------------------------------------------------------
   clk                                       CLOCK-PORT    -                      -     launch     r               0                                                                                                                                      
   clk                                       Clock net     5           (fanout=489)       2321                     -                                                                                                                                      
   RBB_16/CLK                                RBB_6L       16  [TILE 0 0, RBB 13 14]          -     r            2321                                                                                                                                      
   ---------------------------------------------------------------------------------------------------------------------------------------------------------------------------------------------------------------------------------------------------------
   RBB_16/AQ                                 RBB_6L       16  [TILE 0 0, RBB 13 14]        800     r            3121     {inst33: U_uart_rx.r_Clock_Count_FDRE_Q_14 (FDE,site=aff)}                                                                       
   U_uart_rx.r_Clock_Count[3]                Net          22             (fanout=4)       1482                     -                                                                                                                                      
   RBB_18/A3                                 RBB_6L       18  [TILE 0 0, RBB 13 16]          -     r            4603                                                                                                                                      
   RBB_18/A                                  RBB_6L       18  [TILE 0 0, RBB 13 16]        763     r            5366     {inst87: rx_LUT5_I0_3_I2_CARRY4_O_O_2_CARRY4_O_DI_LUT5_O (LUT,site=alut)}                                                        
   rx_LUT5_I0_3_I2_CARRY4_O_O_2_CARRY4_O_DI  Net          55             (fanout=1)        941                     -                                                                                                                                      
   RBB_12/A6                                 RBB_6L       12  [TILE 0 0, RBB 10 14]          -     r            6307                                                                                                                                      
   RBB_12/DMUX                               RBB_6L       12  [TILE 0 0, RBB 10 14]       1328     r            7635     {inst86: rx_LUT5_I0_3_I2_CARRY4_O_O_2_CARRY4_O (CARRY4)}                                                                         
   rx_LUT5_I0_3_I2_CARRY4_O_O_2[3]           Net         155            (fanout=13)       1077                     -                                                                                                                                      
   RBB_17/C3                                 RBB_6L       17  [TILE 0 0, RBB 13 10]          -     r            8712     {inst100: rx_LUT5_I0_3_I2_CARRY4_O_O_LUT2_I1_O_LUT4_O (LUT,site=clut)} {inst44: U_uart_rx.r_Clock_Count_FDRE_Q_9 (FDE,site=cff)} 
   ---------------------------------------------------------------------------------------------------------------------------------------------------------------------------------------------------------------------------------------------------------
   RBB_17/CLK                                RBB_6L       17  [TILE 0 0, RBB 13 10]        881     r            9593                                                                                                                                      
   clk                                       Clock net     5           (fanout=489)      -2323                     -                                                                                                                                      
   clk                                       CLOCK-PORT    -                      -    capture     r            7270                                                                                                                                      
   ---------------------------------------------------------------------------------------------------------------------------------------------------------------------------------------------------------------------------------------------------------


Path 352:
   Slack (not met):                         -5388ps
     Path type:                               SETUP
     Group:                              <UDEF_clk>
     Launching clock:                           clk (rising edge)
     Capturing clock:                           clk (rising edge)

     Requested period:                       2000ps
   + Delay of the capturing clock:           2324ps
   - Clock uncertainty:                       150ps
   = Required time:                          4174ps
   - Propagation time:                       7241ps (50.3% logic, 49.7% route, logic stage 3)
   - Delay of the launching clock:           2321ps
   = Slack:                                 -5388ps

   Instance/Pin or Net Name                  Type         ID     Location or Fanout   Delay(ps)  Edge  Arrival Time(ps)    Instance detail                                                                                                                   
   ------------------------------------------------------------------------------------------------------------------------------------------------------------------------------------------------------------------------------------------------------------
   clk                                       CLOCK-PORT    -                      -     launch     r               0                                                                                                                                         
   clk                                       Clock net     5           (fanout=489)       2321                     -                                                                                                                                         
   RBB_16/CLK                                RBB_6L       16  [TILE 0 0, RBB 13 14]          -     r            2321                                                                                                                                         
   ------------------------------------------------------------------------------------------------------------------------------------------------------------------------------------------------------------------------------------------------------------
   RBB_16/AQ                                 RBB_6L       16  [TILE 0 0, RBB 13 14]        800     r            3121     {inst33: U_uart_rx.r_Clock_Count_FDRE_Q_14 (FDE,site=aff)}                                                                          
   U_uart_rx.r_Clock_Count[3]                Net          22             (fanout=4)       1482                     -                                                                                                                                         
   RBB_18/A3                                 RBB_6L       18  [TILE 0 0, RBB 13 16]          -     r            4603                                                                                                                                         
   RBB_18/A                                  RBB_6L       18  [TILE 0 0, RBB 13 16]        763     r            5366     {inst87: rx_LUT5_I0_3_I2_CARRY4_O_O_2_CARRY4_O_DI_LUT5_O (LUT,site=alut)}                                                           
   rx_LUT5_I0_3_I2_CARRY4_O_O_2_CARRY4_O_DI  Net          55             (fanout=1)        941                     -                                                                                                                                         
   RBB_12/A6                                 RBB_6L       12  [TILE 0 0, RBB 10 14]          -     r            6307                                                                                                                                         
   RBB_12/DMUX                               RBB_6L       12  [TILE 0 0, RBB 10 14]       1328     r            7635     {inst86: rx_LUT5_I0_3_I2_CARRY4_O_O_2_CARRY4_O (CARRY4)}                                                                            
   rx_LUT5_I0_3_I2_CARRY4_O_O_2[3]           Net         155            (fanout=13)       1173                     -                                                                                                                                         
   RBB_18/C3                                 RBB_6L       18  [TILE 0 0, RBB 13 16]          -     r            8808     {inst103: rx_LUT5_I0_3_I2_CARRY4_O_O_LUT2_I1_O_LUT4_O_3 (LUT,site=clut)} {inst36: U_uart_rx.r_Clock_Count_FDRE_Q_17 (FDE,site=cff)} 
   ------------------------------------------------------------------------------------------------------------------------------------------------------------------------------------------------------------------------------------------------------------
   RBB_18/CLK                                RBB_6L       18  [TILE 0 0, RBB 13 16]        754     r            9562                                                                                                                                         
   clk                                       Clock net     5           (fanout=489)      -2324                     -                                                                                                                                         
   clk                                       CLOCK-PORT    -                      -    capture     r            7238                                                                                                                                         
   ------------------------------------------------------------------------------------------------------------------------------------------------------------------------------------------------------------------------------------------------------------


Path 353:
   Slack (not met):                         -5378ps
     Path type:                               SETUP
     Group:                              <UDEF_clk>
     Launching clock:                           clk (rising edge)
     Capturing clock:                           clk (rising edge)

     Requested period:                       2000ps
   + Delay of the capturing clock:           2323ps
   - Clock uncertainty:                       150ps
   = Required time:                          4173ps
   - Propagation time:                       7230ps (51.1% logic, 48.9% route, logic stage 3)
   - Delay of the launching clock:           2321ps
   = Slack:                                 -5378ps

   Instance/Pin or Net Name                  Type         ID     Location or Fanout   Delay(ps)  Edge  Arrival Time(ps)    Instance detail                                                                                                                   
   ------------------------------------------------------------------------------------------------------------------------------------------------------------------------------------------------------------------------------------------------------------
   clk                                       CLOCK-PORT    -                      -     launch     r               0                                                                                                                                         
   clk                                       Clock net     5           (fanout=489)       2321                     -                                                                                                                                         
   RBB_16/CLK                                RBB_6L       16  [TILE 0 0, RBB 13 14]          -     r            2321                                                                                                                                         
   ------------------------------------------------------------------------------------------------------------------------------------------------------------------------------------------------------------------------------------------------------------
   RBB_16/AQ                                 RBB_6L       16  [TILE 0 0, RBB 13 14]        800     r            3121     {inst33: U_uart_rx.r_Clock_Count_FDRE_Q_14 (FDE,site=aff)}                                                                          
   U_uart_rx.r_Clock_Count[3]                Net          22             (fanout=4)       1482                     -                                                                                                                                         
   RBB_18/A3                                 RBB_6L       18  [TILE 0 0, RBB 13 16]          -     r            4603                                                                                                                                         
   RBB_18/A                                  RBB_6L       18  [TILE 0 0, RBB 13 16]        763     r            5366     {inst87: rx_LUT5_I0_3_I2_CARRY4_O_O_2_CARRY4_O_DI_LUT5_O (LUT,site=alut)}                                                           
   rx_LUT5_I0_3_I2_CARRY4_O_O_2_CARRY4_O_DI  Net          55             (fanout=1)        941                     -                                                                                                                                         
   RBB_12/A6                                 RBB_6L       12  [TILE 0 0, RBB 10 14]          -     r            6307                                                                                                                                         
   RBB_12/DMUX                               RBB_6L       12  [TILE 0 0, RBB 10 14]       1328     r            7635     {inst86: rx_LUT5_I0_3_I2_CARRY4_O_O_2_CARRY4_O (CARRY4)}                                                                            
   rx_LUT5_I0_3_I2_CARRY4_O_O_2[3]           Net         155            (fanout=13)       1114                     -                                                                                                                                         
   RBB_17/B3                                 RBB_6L       17  [TILE 0 0, RBB 13 10]          -     r            8749     {inst106: rx_LUT5_I0_3_I2_CARRY4_O_O_LUT2_I1_O_LUT5_O_2 (LUT,site=blut)} {inst29: U_uart_rx.r_Clock_Count_FDRE_Q_10 (FDE,site=bff)} 
   ------------------------------------------------------------------------------------------------------------------------------------------------------------------------------------------------------------------------------------------------------------
   RBB_17/CLK                                RBB_6L       17  [TILE 0 0, RBB 13 10]        802     r            9551                                                                                                                                         
   clk                                       Clock net     5           (fanout=489)      -2323                     -                                                                                                                                         
   clk                                       CLOCK-PORT    -                      -    capture     r            7228                                                                                                                                         
   ------------------------------------------------------------------------------------------------------------------------------------------------------------------------------------------------------------------------------------------------------------


Path 354:
   Slack (not met):                         -5335ps
     Path type:                               SETUP
     Group:                              <UDEF_clk>
     Launching clock:                           clk (rising edge)
     Capturing clock:                           clk (rising edge)

     Requested period:                       2000ps
   + Delay of the capturing clock:           2321ps
   - Clock uncertainty:                       150ps
   = Required time:                          4171ps
   - Propagation time:                       7185ps (54.9% logic, 45.1% route, logic stage 3)
   - Delay of the launching clock:           2321ps
   = Slack:                                 -5335ps

   Instance/Pin or Net Name                  Type         ID     Location or Fanout   Delay(ps)  Edge  Arrival Time(ps)    Instance detail                                                                                                                     
   --------------------------------------------------------------------------------------------------------------------------------------------------------------------------------------------------------------------------------------------------------------
   clk                                       CLOCK-PORT    -                      -     launch     r               0                                                                                                                                           
   clk                                       Clock net     5           (fanout=489)       2321                     -                                                                                                                                           
   RBB_16/CLK                                RBB_6L       16  [TILE 0 0, RBB 13 14]          -     r            2321                                                                                                                                           
   --------------------------------------------------------------------------------------------------------------------------------------------------------------------------------------------------------------------------------------------------------------
   RBB_16/AQ                                 RBB_6L       16  [TILE 0 0, RBB 13 14]        800     r            3121     {inst33: U_uart_rx.r_Clock_Count_FDRE_Q_14 (FDE,site=aff)}                                                                            
   U_uart_rx.r_Clock_Count[3]                Net          22             (fanout=4)       1482                     -                                                                                                                                           
   RBB_18/A3                                 RBB_6L       18  [TILE 0 0, RBB 13 16]          -     r            4603                                                                                                                                           
   RBB_18/A                                  RBB_6L       18  [TILE 0 0, RBB 13 16]        763     r            5366     {inst87: rx_LUT5_I0_3_I2_CARRY4_O_O_2_CARRY4_O_DI_LUT5_O (LUT,site=alut)}                                                             
   rx_LUT5_I0_3_I2_CARRY4_O_O_2_CARRY4_O_DI  Net          55             (fanout=1)        941                     -                                                                                                                                           
   RBB_12/A6                                 RBB_6L       12  [TILE 0 0, RBB 10 14]          -     r            6307                                                                                                                                           
   RBB_12/DMUX                               RBB_6L       12  [TILE 0 0, RBB 10 14]       1328     r            7635     {inst86: rx_LUT5_I0_3_I2_CARRY4_O_O_2_CARRY4_O (CARRY4)}                                                                              
   rx_LUT5_I0_3_I2_CARRY4_O_O_2[3]           Net         155            (fanout=13)        820                     -                                                                                                                                           
   RBB_16/C3                                 RBB_6L       16  [TILE 0 0, RBB 13 14]          -     r            8455     {inst102: rx_LUT5_I0_3_I2_CARRY4_O_O_LUT2_I1_O_LUT4_O_2 (LUT,site=cluto)} {inst34: U_uart_rx.r_Clock_Count_FDRE_Q_15 (FDE,site=cffo)} 
   --------------------------------------------------------------------------------------------------------------------------------------------------------------------------------------------------------------------------------------------------------------
   RBB_16/CLK                                RBB_6L       16  [TILE 0 0, RBB 13 14]       1051     r            9506                                                                                                                                           
   clk                                       Clock net     5           (fanout=489)      -2321                     -                                                                                                                                           
   clk                                       CLOCK-PORT    -                      -    capture     r            7185                                                                                                                                           
   --------------------------------------------------------------------------------------------------------------------------------------------------------------------------------------------------------------------------------------------------------------


Path 47:
   Slack (not met):                         -5258ps
     Path type:                               SETUP
     Group:                              <UDEF_clk>
     Launching clock:                           clk (rising edge)
     Capturing clock:                           clk (rising edge)

     Requested period:                       2000ps
   + Delay of the capturing clock:           2324ps
   - Clock uncertainty:                       150ps
   = Required time:                          4174ps
   - Propagation time:                       7111ps (50.7% logic, 49.3% route, logic stage 3)
   - Delay of the launching clock:           2321ps
   = Slack:                                 -5258ps

   Instance/Pin or Net Name      Type         ID     Location or Fanout   Delay(ps)  Edge  Arrival Time(ps)    Instance detail                                                                                                                 
   ----------------------------------------------------------------------------------------------------------------------------------------------------------------------------------------------------------------------------------------------
   clk                           CLOCK-PORT    -                      -     launch     r               0                                                                                                                                       
   clk                           Clock net     5           (fanout=489)       2321                     -                                                                                                                                       
   RBB_16/CLK                    RBB_6L       16  [TILE 0 0, RBB 13 14]          -     r            2321                                                                                                                                       
   ----------------------------------------------------------------------------------------------------------------------------------------------------------------------------------------------------------------------------------------------
   RBB_16/CMUX                   RBB_6L       16  [TILE 0 0, RBB 13 14]       1380     r            3701     {inst34: U_uart_rx.r_Clock_Count_FDRE_Q_15 (FDE,site=cffo)}                                                                       
   U_uart_rx.r_Clock_Count[2]    Net          21             (fanout=4)        949                     -                                                                                                                                       
   RBB_18/B5                     RBB_6L       18  [TILE 0 0, RBB 13 16]          -     r            4650                                                                                                                                       
   RBB_18/B                      RBB_6L       18  [TILE 0 0, RBB 13 16]        717     r            5367     {inst111: rx_LUT5_I0_3_I3_LUT5_O_I0_LUT3_O (LUT,site=blut)}                                                                       
   rx_LUT5_I0_3_I3_LUT5_O_I0[3]  Net         137             (fanout=1)       1375                     -                                                                                                                                       
   RBB_13/D4                     RBB_6L       13  [TILE 0 0, RBB 10 10]          -     r            6742                                                                                                                                       
   RBB_13/D                      RBB_6L       13  [TILE 0 0, RBB 10 10]        608     r            7350     {inst110: rx_LUT5_I0_3_I3_LUT5_O (LUT,site=dlut)}                                                                                 
   rx_LUT5_I0_3_I3[2]            Net          59             (fanout=8)       1183                     -                                                                                                                                       
   RBB_18/D2                     RBB_6L       18  [TILE 0 0, RBB 13 16]          -     r            8533     {inst104: rx_LUT5_I0_3_I2_CARRY4_O_O_LUT2_I1_O_LUT5_O (LUT,site=dlut)} {inst35: U_uart_rx.r_Clock_Count_FDRE_Q_16 (FDE,site=dff)} 
   ----------------------------------------------------------------------------------------------------------------------------------------------------------------------------------------------------------------------------------------------
   RBB_18/CLK                    RBB_6L       18  [TILE 0 0, RBB 13 16]        899     r            9432                                                                                                                                       
   clk                           Clock net     5           (fanout=489)      -2324                     -                                                                                                                                       
   clk                           CLOCK-PORT    -                      -    capture     r            7108                                                                                                                                       
   ----------------------------------------------------------------------------------------------------------------------------------------------------------------------------------------------------------------------------------------------


Path 183:
   Slack (not met):                         -5186ps
     Path type:                               SETUP
     Group:                              <UDEF_clk>
     Launching clock:                           clk (rising edge)
     Capturing clock:                           clk (rising edge)

     Requested period:                       2000ps
   + Delay of the capturing clock:           2317ps
   - Clock uncertainty:                       150ps
   = Required time:                          4167ps
   - Propagation time:                       7048ps (53.1% logic, 46.9% route, logic stage 3)
   - Delay of the launching clock:           2305ps
   = Slack:                                 -5186ps

   Instance/Pin or Net Name        Type         ID    Location or Fanout   Delay(ps)  Edge  Arrival Time(ps)    Instance detail                                             
   ---------------------------------------------------------------------------------------------------------------------------------------------------------------------------
   clk                             CLOCK-PORT    -                     -     launch     r               0                                                                   
   clk                             Clock net     5          (fanout=489)       2305                     -                                                                   
   RBB_14/CLK                      RBB_6L       14   [TILE 0 0, RBB 7 8]          -     r            2305                                                                   
   ---------------------------------------------------------------------------------------------------------------------------------------------------------------------------
   RBB_14/BQ                       RBB_6L       14   [TILE 0 0, RBB 7 8]        800     r            3105     {inst12: U_uart_rx.FSM_STATE_FDRE_Q_2 (FD,site=bff)}          
   U_uart_rx.FSM_STATE[0]          Net          39            (fanout=7)       1435                     -                                                                   
   RBB_21/D2                       RBB_6L       21  [TILE 0 0, RBB 10 8]          -     r            4540                                                                   
   RBB_21/D                        RBB_6L       21  [TILE 0 0, RBB 10 8]        945     r            5485     {inst57: U_uart_rx.r_RX_DV_FDRE_Q_D_LUT2_O (LUT,site=dlut)}   
   U_uart_rx.r_RX_DV_FDRE_Q_D[1]   Net         101            (fanout=1)        921                     -                                                                   
   RBB_21/D4                       RBB_6L       21  [TILE 0 0, RBB 10 8]          -     r            6406                                                                   
   RBB_21/DMUX                     RBB_6L       21  [TILE 0 0, RBB 10 8]       1263     r            7669     {inst56: U_uart_rx.r_RX_DV_FDRE_Q_D_LUT2_I1 (LUT,site=dluto)} 
   U_uart_rx.r_Bit_Index_FDRE_Q_R  Net         154            (fanout=1)        947                     -                                                                   
   RBB_5/B6                        RBB_6L        5  [TILE 0 0, RBB 7 10]          -     r            8616     {<SR>inst24: U_uart_rx.r_Bit_Index_FDRE_Q_2 (FDRE,site=aff)}  
   ---------------------------------------------------------------------------------------------------------------------------------------------------------------------------
   RBB_5/CLK                       RBB_6L        5  [TILE 0 0, RBB 7 10]        737     r            9353                                                                   
   clk                             Clock net     5          (fanout=489)      -2317                     -                                                                   
   clk                             CLOCK-PORT    -                     -    capture     r            7036                                                                   
   ---------------------------------------------------------------------------------------------------------------------------------------------------------------------------


Path 48:
   Slack (not met):                         -5173ps
     Path type:                               SETUP
     Group:                              <UDEF_clk>
     Launching clock:                           clk (rising edge)
     Capturing clock:                           clk (rising edge)

     Requested period:                       2000ps
   + Delay of the capturing clock:           2347ps
   - Clock uncertainty:                       150ps
   = Required time:                          4197ps
   - Propagation time:                       7049ps (50.6% logic, 49.4% route, logic stage 3)
   - Delay of the launching clock:           2321ps
   = Slack:                                 -5173ps

   Instance/Pin or Net Name      Type         ID     Location or Fanout   Delay(ps)  Edge  Arrival Time(ps)    Instance detail                                                                                                                   
   ------------------------------------------------------------------------------------------------------------------------------------------------------------------------------------------------------------------------------------------------
   clk                           CLOCK-PORT    -                      -     launch     r               0                                                                                                                                         
   clk                           Clock net     5           (fanout=489)       2321                     -                                                                                                                                         
   RBB_16/CLK                    RBB_6L       16  [TILE 0 0, RBB 13 14]          -     r            2321                                                                                                                                         
   ------------------------------------------------------------------------------------------------------------------------------------------------------------------------------------------------------------------------------------------------
   RBB_16/CMUX                   RBB_6L       16  [TILE 0 0, RBB 13 14]       1380     r            3701     {inst34: U_uart_rx.r_Clock_Count_FDRE_Q_15 (FDE,site=cffo)}                                                                         
   U_uart_rx.r_Clock_Count[2]    Net          21             (fanout=4)        949                     -                                                                                                                                         
   RBB_18/B5                     RBB_6L       18  [TILE 0 0, RBB 13 16]          -     r            4650                                                                                                                                         
   RBB_18/B                      RBB_6L       18  [TILE 0 0, RBB 13 16]        717     r            5367     {inst111: rx_LUT5_I0_3_I3_LUT5_O_I0_LUT3_O (LUT,site=blut)}                                                                         
   rx_LUT5_I0_3_I3_LUT5_O_I0[3]  Net         137             (fanout=1)       1375                     -                                                                                                                                         
   RBB_13/D4                     RBB_6L       13  [TILE 0 0, RBB 10 10]          -     r            6742                                                                                                                                         
   RBB_13/D                      RBB_6L       13  [TILE 0 0, RBB 10 10]        608     r            7350     {inst110: rx_LUT5_I0_3_I3_LUT5_O (LUT,site=dlut)}                                                                                   
   rx_LUT5_I0_3_I3[2]            Net          59             (fanout=8)       1159                     -                                                                                                                                         
   RBB_19/D3                     RBB_6L       19  [TILE 0 0, RBB 10 12]          -     r            8509     {inst107: rx_LUT5_I0_3_I2_CARRY4_O_O_LUT2_I1_O_LUT5_O_3 (LUT,site=dlut)} {inst30: U_uart_rx.r_Clock_Count_FDRE_Q_11 (FDE,site=dff)} 
   ------------------------------------------------------------------------------------------------------------------------------------------------------------------------------------------------------------------------------------------------
   RBB_19/CLK                    RBB_6L       19  [TILE 0 0, RBB 10 12]        861     r            9370                                                                                                                                         
   clk                           Clock net     5           (fanout=489)      -2347                     -                                                                                                                                         
   clk                           CLOCK-PORT    -                      -    capture     r            7023                                                                                                                                         
   ------------------------------------------------------------------------------------------------------------------------------------------------------------------------------------------------------------------------------------------------


Path 355:
   Slack (not met):                         -5133ps
     Path type:                               SETUP
     Group:                              <UDEF_clk>
     Launching clock:                           clk (rising edge)
     Capturing clock:                           clk (rising edge)

     Requested period:                       2000ps
   + Delay of the capturing clock:           2321ps
   - Clock uncertainty:                       150ps
   = Required time:                          4171ps
   - Propagation time:                       6983ps (53.2% logic, 46.8% route, logic stage 3)
   - Delay of the launching clock:           2321ps
   = Slack:                                 -5133ps

   Instance/Pin or Net Name                  Type         ID     Location or Fanout   Delay(ps)  Edge  Arrival Time(ps)    Instance detail                                                                                                                   
   ------------------------------------------------------------------------------------------------------------------------------------------------------------------------------------------------------------------------------------------------------------
   clk                                       CLOCK-PORT    -                      -     launch     r               0                                                                                                                                         
   clk                                       Clock net     5           (fanout=489)       2321                     -                                                                                                                                         
   RBB_16/CLK                                RBB_6L       16  [TILE 0 0, RBB 13 14]          -     r            2321                                                                                                                                         
   ------------------------------------------------------------------------------------------------------------------------------------------------------------------------------------------------------------------------------------------------------------
   RBB_16/AQ                                 RBB_6L       16  [TILE 0 0, RBB 13 14]        800     r            3121     {inst33: U_uart_rx.r_Clock_Count_FDRE_Q_14 (FDE,site=aff)}                                                                          
   U_uart_rx.r_Clock_Count[3]                Net          22             (fanout=4)       1482                     -                                                                                                                                         
   RBB_18/A3                                 RBB_6L       18  [TILE 0 0, RBB 13 16]          -     r            4603                                                                                                                                         
   RBB_18/A                                  RBB_6L       18  [TILE 0 0, RBB 13 16]        763     r            5366     {inst87: rx_LUT5_I0_3_I2_CARRY4_O_O_2_CARRY4_O_DI_LUT5_O (LUT,site=alut)}                                                           
   rx_LUT5_I0_3_I2_CARRY4_O_O_2_CARRY4_O_DI  Net          55             (fanout=1)        941                     -                                                                                                                                         
   RBB_12/A6                                 RBB_6L       12  [TILE 0 0, RBB 10 14]          -     r            6307                                                                                                                                         
   RBB_12/DMUX                               RBB_6L       12  [TILE 0 0, RBB 10 14]       1328     r            7635     {inst86: rx_LUT5_I0_3_I2_CARRY4_O_O_2_CARRY4_O (CARRY4)}                                                                            
   rx_LUT5_I0_3_I2_CARRY4_O_O_2[3]           Net         155            (fanout=13)        845                     -                                                                                                                                         
   RBB_16/A3                                 RBB_6L       16  [TILE 0 0, RBB 13 14]          -     r            8480     {inst108: rx_LUT5_I0_3_I2_CARRY4_O_O_LUT2_I1_O_LUT5_O_4 (LUT,site=alut)} {inst33: U_uart_rx.r_Clock_Count_FDRE_Q_14 (FDE,site=aff)} 
   ------------------------------------------------------------------------------------------------------------------------------------------------------------------------------------------------------------------------------------------------------------
   RBB_16/CLK                                RBB_6L       16  [TILE 0 0, RBB 13 14]        824     r            9304                                                                                                                                         
   clk                                       Clock net     5           (fanout=489)      -2321                     -                                                                                                                                         
   clk                                       CLOCK-PORT    -                      -    capture     r            6983                                                                                                                                         
   ------------------------------------------------------------------------------------------------------------------------------------------------------------------------------------------------------------------------------------------------------------


Path 356:
   Slack (not met):                         -5127ps
     Path type:                               SETUP
     Group:                              <UDEF_clk>
     Launching clock:                           clk (rising edge)
     Capturing clock:                           clk (rising edge)

     Requested period:                       2000ps
   + Delay of the capturing clock:           2321ps
   - Clock uncertainty:                       150ps
   = Required time:                          4171ps
   - Propagation time:                       6977ps (53.4% logic, 46.6% route, logic stage 3)
   - Delay of the launching clock:           2321ps
   = Slack:                                 -5127ps

   Instance/Pin or Net Name                  Type         ID     Location or Fanout   Delay(ps)  Edge  Arrival Time(ps)    Instance detail                                                                                                                   
   ------------------------------------------------------------------------------------------------------------------------------------------------------------------------------------------------------------------------------------------------------------
   clk                                       CLOCK-PORT    -                      -     launch     r               0                                                                                                                                         
   clk                                       Clock net     5           (fanout=489)       2321                     -                                                                                                                                         
   RBB_16/CLK                                RBB_6L       16  [TILE 0 0, RBB 13 14]          -     r            2321                                                                                                                                         
   ------------------------------------------------------------------------------------------------------------------------------------------------------------------------------------------------------------------------------------------------------------
   RBB_16/AQ                                 RBB_6L       16  [TILE 0 0, RBB 13 14]        800     r            3121     {inst33: U_uart_rx.r_Clock_Count_FDRE_Q_14 (FDE,site=aff)}                                                                          
   U_uart_rx.r_Clock_Count[3]                Net          22             (fanout=4)       1482                     -                                                                                                                                         
   RBB_18/A3                                 RBB_6L       18  [TILE 0 0, RBB 13 16]          -     r            4603                                                                                                                                         
   RBB_18/A                                  RBB_6L       18  [TILE 0 0, RBB 13 16]        763     r            5366     {inst87: rx_LUT5_I0_3_I2_CARRY4_O_O_2_CARRY4_O_DI_LUT5_O (LUT,site=alut)}                                                           
   rx_LUT5_I0_3_I2_CARRY4_O_O_2_CARRY4_O_DI  Net          55             (fanout=1)        941                     -                                                                                                                                         
   RBB_12/A6                                 RBB_6L       12  [TILE 0 0, RBB 10 14]          -     r            6307                                                                                                                                         
   RBB_12/DMUX                               RBB_6L       12  [TILE 0 0, RBB 10 14]       1328     r            7635     {inst86: rx_LUT5_I0_3_I2_CARRY4_O_O_2_CARRY4_O (CARRY4)}                                                                            
   rx_LUT5_I0_3_I2_CARRY4_O_O_2[3]           Net         155            (fanout=13)        831                     -                                                                                                                                         
   RBB_16/B3                                 RBB_6L       16  [TILE 0 0, RBB 13 14]          -     r            8466     {inst105: rx_LUT5_I0_3_I2_CARRY4_O_O_LUT2_I1_O_LUT5_O_1 (LUT,site=blut)} {inst32: U_uart_rx.r_Clock_Count_FDRE_Q_13 (FDE,site=bff)} 
   ------------------------------------------------------------------------------------------------------------------------------------------------------------------------------------------------------------------------------------------------------------
   RBB_16/CLK                                RBB_6L       16  [TILE 0 0, RBB 13 14]        832     r            9298                                                                                                                                         
   clk                                       Clock net     5           (fanout=489)      -2321                     -                                                                                                                                         
   clk                                       CLOCK-PORT    -                      -    capture     r            6977                                                                                                                                         
   ------------------------------------------------------------------------------------------------------------------------------------------------------------------------------------------------------------------------------------------------------------


Path 357:
   Slack (not met):                         -5116ps
     Path type:                               SETUP
     Group:                              <UDEF_clk>
     Launching clock:                           clk (rising edge)
     Capturing clock:                           clk (rising edge)

     Requested period:                       2000ps
   + Delay of the capturing clock:           2321ps
   - Clock uncertainty:                       150ps
   = Required time:                          4171ps
   - Propagation time:                       6966ps (53.4% logic, 46.6% route, logic stage 3)
   - Delay of the launching clock:           2321ps
   = Slack:                                 -5116ps

   Instance/Pin or Net Name                  Type         ID     Location or Fanout   Delay(ps)  Edge  Arrival Time(ps)    Instance detail                                                                                                                   
   ------------------------------------------------------------------------------------------------------------------------------------------------------------------------------------------------------------------------------------------------------------
   clk                                       CLOCK-PORT    -                      -     launch     r               0                                                                                                                                         
   clk                                       Clock net     5           (fanout=489)       2321                     -                                                                                                                                         
   RBB_16/CLK                                RBB_6L       16  [TILE 0 0, RBB 13 14]          -     r            2321                                                                                                                                         
   ------------------------------------------------------------------------------------------------------------------------------------------------------------------------------------------------------------------------------------------------------------
   RBB_16/AQ                                 RBB_6L       16  [TILE 0 0, RBB 13 14]        800     r            3121     {inst33: U_uart_rx.r_Clock_Count_FDRE_Q_14 (FDE,site=aff)}                                                                          
   U_uart_rx.r_Clock_Count[3]                Net          22             (fanout=4)       1482                     -                                                                                                                                         
   RBB_18/A3                                 RBB_6L       18  [TILE 0 0, RBB 13 16]          -     r            4603                                                                                                                                         
   RBB_18/A                                  RBB_6L       18  [TILE 0 0, RBB 13 16]        763     r            5366     {inst87: rx_LUT5_I0_3_I2_CARRY4_O_O_2_CARRY4_O_DI_LUT5_O (LUT,site=alut)}                                                           
   rx_LUT5_I0_3_I2_CARRY4_O_O_2_CARRY4_O_DI  Net          55             (fanout=1)        941                     -                                                                                                                                         
   RBB_12/A6                                 RBB_6L       12  [TILE 0 0, RBB 10 14]          -     r            6307                                                                                                                                         
   RBB_12/DMUX                               RBB_6L       12  [TILE 0 0, RBB 10 14]       1328     r            7635     {inst86: rx_LUT5_I0_3_I2_CARRY4_O_O_2_CARRY4_O (CARRY4)}                                                                            
   rx_LUT5_I0_3_I2_CARRY4_O_O_2[3]           Net         155            (fanout=13)        820                     -                                                                                                                                         
   RBB_16/C3                                 RBB_6L       16  [TILE 0 0, RBB 13 14]          -     r            8455     {inst101: rx_LUT5_I0_3_I2_CARRY4_O_O_LUT2_I1_O_LUT4_O_1 (LUT,site=clut)} {inst31: U_uart_rx.r_Clock_Count_FDRE_Q_12 (FDE,site=cff)} 
   ------------------------------------------------------------------------------------------------------------------------------------------------------------------------------------------------------------------------------------------------------------
   RBB_16/CLK                                RBB_6L       16  [TILE 0 0, RBB 13 14]        832     r            9287                                                                                                                                         
   clk                                       Clock net     5           (fanout=489)      -2321                     -                                                                                                                                         
   clk                                       CLOCK-PORT    -                      -    capture     r            6966                                                                                                                                         
   ------------------------------------------------------------------------------------------------------------------------------------------------------------------------------------------------------------------------------------------------------------


Path 358:
   Slack (not met):                         -5035ps
     Path type:                               SETUP
     Group:                              <UDEF_clk>
     Launching clock:                           clk (rising edge)
     Capturing clock:                           clk (rising edge)

     Requested period:                       2000ps
   + Delay of the capturing clock:           2323ps
   - Clock uncertainty:                       150ps
   = Required time:                          4173ps
   - Propagation time:                       6884ps (59.1% logic, 40.9% route, logic stage 4)
   - Delay of the launching clock:           2324ps
   = Slack:                                 -5035ps

   Instance/Pin or Net Name                  Type         ID     Location or Fanout   Delay(ps)  Edge  Arrival Time(ps)    Instance detail                                                                                                          
   ---------------------------------------------------------------------------------------------------------------------------------------------------------------------------------------------------------------------------------------------------
   clk                                       CLOCK-PORT    -                      -     launch     r               0                                                                                                                                
   clk                                       Clock net     5           (fanout=489)       2324                     -                                                                                                                                
   RBB_18/CLK                                RBB_6L       18  [TILE 0 0, RBB 13 16]          -     r            2324                                                                                                                                
   ---------------------------------------------------------------------------------------------------------------------------------------------------------------------------------------------------------------------------------------------------
   RBB_18/CQ                                 RBB_6L       18  [TILE 0 0, RBB 13 16]        800     r            3124     {inst36: U_uart_rx.r_Clock_Count_FDRE_Q_17 (FDE,site=cff)}                                                                 
   U_uart_rx.r_Clock_Count[0]                Net          23             (fanout=4)       1339                     -                                                                                                                                
   RBB_7/A1                                  RBB_6L        7  [TILE 0 0, RBB 13 12]          -     r            4463                                                                                                                                
   RBB_7/COUT                                RBB_6L        7  [TILE 0 0, RBB 13 12]       1287     r            5750     {inst81: rx_LUT5_I0_3_I2_CARRY4_O_CI_CARRY4_CO_CI_CARRY4_CO (CARRY4)}                                                      
   rx_LUT5_I0_3_I2_CARRY4_O_CI_CARRY4_CO_CI  Net          42             (fanout=1)          0                     -                                                                                                                                
   RBB_8/CIN                                 RBB_6L        8  [TILE 0 0, RBB 16 12]          -     r            5750                                                                                                                                
   RBB_8/COUT                                RBB_6L        8  [TILE 0 0, RBB 16 12]        292     r            6042     {inst80: rx_LUT5_I0_3_I2_CARRY4_O_CI_CARRY4_CO (CARRY4)}                                                                   
   rx_LUT5_I0_3_I2_CARRY4_O_CI               Net          53             (fanout=1)          0                     -                                                                                                                                
   RBB_9/CIN                                 RBB_6L        9  [TILE 0 0, RBB 19 12]          -     r            6042                                                                                                                                
   RBB_9/BMUX                                RBB_6L        9  [TILE 0 0, RBB 19 12]        573     r            6615     {inst79: rx_LUT5_I0_3_I2_CARRY4_O (CARRY4)}                                                                                
   rx_LUT5_I0_3_I2_CARRY4_O_O_1[1]           Net         162             (fanout=1)       1476                     -                                                                                                                                
   RBB_17/A2                                 RBB_6L       17  [TILE 0 0, RBB 13 10]          -     r            8091     {inst85: rx_LUT5_I0_3_I2_CARRY4_O_O_1_LUT2_I1 (LUT,site=aluto)} {inst43: U_uart_rx.r_Clock_Count_FDRE_Q_8 (FDE,site=affo)} 
   ---------------------------------------------------------------------------------------------------------------------------------------------------------------------------------------------------------------------------------------------------
   RBB_17/CLK                                RBB_6L       17  [TILE 0 0, RBB 13 10]       1117     r            9208                                                                                                                                
   clk                                       Clock net     5           (fanout=489)      -2323                     -                                                                                                                                
   clk                                       CLOCK-PORT    -                      -    capture     r            6885                                                                                                                                
   ---------------------------------------------------------------------------------------------------------------------------------------------------------------------------------------------------------------------------------------------------


Path 45:
   Slack (not met):                         -5023ps
     Path type:                               SETUP
     Group:                              <UDEF_clk>
     Launching clock:                           clk (rising edge)
     Capturing clock:                           clk (rising edge)

     Requested period:                       2000ps
   + Delay of the capturing clock:           2321ps
   - Clock uncertainty:                       150ps
   = Required time:                          4171ps
   - Propagation time:                       6873ps (53.1% logic, 46.9% route, logic stage 3)
   - Delay of the launching clock:           2321ps
   = Slack:                                 -5023ps

   Instance/Pin or Net Name      Type         ID     Location or Fanout   Delay(ps)  Edge  Arrival Time(ps)    Instance detail                                                                                                                   
   ------------------------------------------------------------------------------------------------------------------------------------------------------------------------------------------------------------------------------------------------
   clk                           CLOCK-PORT    -                      -     launch     r               0                                                                                                                                         
   clk                           Clock net     5           (fanout=489)       2321                     -                                                                                                                                         
   RBB_16/CLK                    RBB_6L       16  [TILE 0 0, RBB 13 14]          -     r            2321                                                                                                                                         
   ------------------------------------------------------------------------------------------------------------------------------------------------------------------------------------------------------------------------------------------------
   RBB_16/CMUX                   RBB_6L       16  [TILE 0 0, RBB 13 14]       1380     r            3701     {inst34: U_uart_rx.r_Clock_Count_FDRE_Q_15 (FDE,site=cffo)}                                                                         
   U_uart_rx.r_Clock_Count[2]    Net          21             (fanout=4)        949                     -                                                                                                                                         
   RBB_18/B5                     RBB_6L       18  [TILE 0 0, RBB 13 16]          -     r            4650                                                                                                                                         
   RBB_18/B                      RBB_6L       18  [TILE 0 0, RBB 13 16]        717     r            5367     {inst111: rx_LUT5_I0_3_I3_LUT5_O_I0_LUT3_O (LUT,site=blut)}                                                                         
   rx_LUT5_I0_3_I3_LUT5_O_I0[3]  Net         137             (fanout=1)       1375                     -                                                                                                                                         
   RBB_13/D4                     RBB_6L       13  [TILE 0 0, RBB 10 10]          -     r            6742                                                                                                                                         
   RBB_13/D                      RBB_6L       13  [TILE 0 0, RBB 10 10]        608     r            7350     {inst110: rx_LUT5_I0_3_I3_LUT5_O (LUT,site=dlut)}                                                                                   
   rx_LUT5_I0_3_I3[2]            Net          59             (fanout=8)        900                     -                                                                                                                                         
   RBB_16/A2                     RBB_6L       16  [TILE 0 0, RBB 13 14]          -     r            8250     {inst108: rx_LUT5_I0_3_I2_CARRY4_O_O_LUT2_I1_O_LUT5_O_4 (LUT,site=alut)} {inst33: U_uart_rx.r_Clock_Count_FDRE_Q_14 (FDE,site=aff)} 
   ------------------------------------------------------------------------------------------------------------------------------------------------------------------------------------------------------------------------------------------------
   RBB_16/CLK                    RBB_6L       16  [TILE 0 0, RBB 13 14]        944     r            9194                                                                                                                                         
   clk                           Clock net     5           (fanout=489)      -2321                     -                                                                                                                                         
   clk                           CLOCK-PORT    -                      -    capture     r            6873                                                                                                                                         
   ------------------------------------------------------------------------------------------------------------------------------------------------------------------------------------------------------------------------------------------------


Path 359:
   Slack (not met):                         -4928ps
     Path type:                               SETUP
     Group:                              <UDEF_clk>
     Launching clock:                           clk (rising edge)
     Capturing clock:                           clk (rising edge)

     Requested period:                       2000ps
   + Delay of the capturing clock:           2347ps
   - Clock uncertainty:                       150ps
   = Required time:                          4197ps
   - Propagation time:                       6804ps (55.1% logic, 44.9% route, logic stage 3)
   - Delay of the launching clock:           2321ps
   = Slack:                                 -4928ps

   Instance/Pin or Net Name                  Type         ID     Location or Fanout   Delay(ps)  Edge  Arrival Time(ps)    Instance detail                                                                                                                   
   ------------------------------------------------------------------------------------------------------------------------------------------------------------------------------------------------------------------------------------------------------------
   clk                                       CLOCK-PORT    -                      -     launch     r               0                                                                                                                                         
   clk                                       Clock net     5           (fanout=489)       2321                     -                                                                                                                                         
   RBB_16/CLK                                RBB_6L       16  [TILE 0 0, RBB 13 14]          -     r            2321                                                                                                                                         
   ------------------------------------------------------------------------------------------------------------------------------------------------------------------------------------------------------------------------------------------------------------
   RBB_16/AQ                                 RBB_6L       16  [TILE 0 0, RBB 13 14]        800     r            3121     {inst33: U_uart_rx.r_Clock_Count_FDRE_Q_14 (FDE,site=aff)}                                                                          
   U_uart_rx.r_Clock_Count[3]                Net          22             (fanout=4)       1482                     -                                                                                                                                         
   RBB_18/A3                                 RBB_6L       18  [TILE 0 0, RBB 13 16]          -     r            4603                                                                                                                                         
   RBB_18/A                                  RBB_6L       18  [TILE 0 0, RBB 13 16]        763     r            5366     {inst87: rx_LUT5_I0_3_I2_CARRY4_O_O_2_CARRY4_O_DI_LUT5_O (LUT,site=alut)}                                                           
   rx_LUT5_I0_3_I2_CARRY4_O_O_2_CARRY4_O_DI  Net          55             (fanout=1)        941                     -                                                                                                                                         
   RBB_12/A6                                 RBB_6L       12  [TILE 0 0, RBB 10 14]          -     r            6307                                                                                                                                         
   RBB_12/DMUX                               RBB_6L       12  [TILE 0 0, RBB 10 14]       1328     r            7635     {inst86: rx_LUT5_I0_3_I2_CARRY4_O_O_2_CARRY4_O (CARRY4)}                                                                            
   rx_LUT5_I0_3_I2_CARRY4_O_O_2[3]           Net         155            (fanout=13)        629                     -                                                                                                                                         
   RBB_19/D4                                 RBB_6L       19  [TILE 0 0, RBB 10 12]          -     r            8264     {inst107: rx_LUT5_I0_3_I2_CARRY4_O_O_LUT2_I1_O_LUT5_O_3 (LUT,site=dlut)} {inst30: U_uart_rx.r_Clock_Count_FDRE_Q_11 (FDE,site=dff)} 
   ------------------------------------------------------------------------------------------------------------------------------------------------------------------------------------------------------------------------------------------------------------
   RBB_19/CLK                                RBB_6L       19  [TILE 0 0, RBB 10 12]        861     r            9125                                                                                                                                         
   clk                                       Clock net     5           (fanout=489)      -2347                     -                                                                                                                                         
   clk                                       CLOCK-PORT    -                      -    capture     r            6778                                                                                                                                         
   ------------------------------------------------------------------------------------------------------------------------------------------------------------------------------------------------------------------------------------------------------------


Path 360:
   Slack (not met):                         -4901ps
     Path type:                               SETUP
     Group:                              <UDEF_clk>
     Launching clock:                           clk (rising edge)
     Capturing clock:                           clk (rising edge)

     Requested period:                       2000ps
   + Delay of the capturing clock:           2323ps
   - Clock uncertainty:                       150ps
   = Required time:                          4173ps
   - Propagation time:                       6750ps (58.2% logic, 41.8% route, logic stage 4)
   - Delay of the launching clock:           2324ps
   = Slack:                                 -4901ps

   Instance/Pin or Net Name                  Type         ID     Location or Fanout   Delay(ps)  Edge  Arrival Time(ps)    Instance detail                                                                                                        
   -------------------------------------------------------------------------------------------------------------------------------------------------------------------------------------------------------------------------------------------------
   clk                                       CLOCK-PORT    -                      -     launch     r               0                                                                                                                              
   clk                                       Clock net     5           (fanout=489)       2324                     -                                                                                                                              
   RBB_18/CLK                                RBB_6L       18  [TILE 0 0, RBB 13 16]          -     r            2324                                                                                                                              
   -------------------------------------------------------------------------------------------------------------------------------------------------------------------------------------------------------------------------------------------------
   RBB_18/CQ                                 RBB_6L       18  [TILE 0 0, RBB 13 16]        800     r            3124     {inst36: U_uart_rx.r_Clock_Count_FDRE_Q_17 (FDE,site=cff)}                                                               
   U_uart_rx.r_Clock_Count[0]                Net          23             (fanout=4)       1339                     -                                                                                                                              
   RBB_7/A1                                  RBB_6L        7  [TILE 0 0, RBB 13 12]          -     r            4463                                                                                                                              
   RBB_7/COUT                                RBB_6L        7  [TILE 0 0, RBB 13 12]       1287     r            5750     {inst81: rx_LUT5_I0_3_I2_CARRY4_O_CI_CARRY4_CO_CI_CARRY4_CO (CARRY4)}                                                    
   rx_LUT5_I0_3_I2_CARRY4_O_CI_CARRY4_CO_CI  Net          42             (fanout=1)          0                     -                                                                                                                              
   RBB_8/CIN                                 RBB_6L        8  [TILE 0 0, RBB 16 12]          -     r            5750                                                                                                                              
   RBB_8/COUT                                RBB_6L        8  [TILE 0 0, RBB 16 12]        292     r            6042     {inst80: rx_LUT5_I0_3_I2_CARRY4_O_CI_CARRY4_CO (CARRY4)}                                                                 
   rx_LUT5_I0_3_I2_CARRY4_O_CI               Net          53             (fanout=1)          0                     -                                                                                                                              
   RBB_9/CIN                                 RBB_6L        9  [TILE 0 0, RBB 19 12]          -     r            6042                                                                                                                              
   RBB_9/DMUX                                RBB_6L        9  [TILE 0 0, RBB 19 12]        666     r            6708     {inst79: rx_LUT5_I0_3_I2_CARRY4_O (CARRY4)}                                                                              
   rx_LUT5_I0_3_I2_CARRY4_O_O[1]             Net         132             (fanout=1)       1481                     -                                                                                                                              
   RBB_17/C2                                 RBB_6L       17  [TILE 0 0, RBB 13 10]          -     r            8189     {inst92: rx_LUT5_I0_3_I2_CARRY4_O_O_LUT2_I1 (LUT,site=cluto)} {inst41: U_uart_rx.r_Clock_Count_FDRE_Q_6 (FDE,site=cffo)} 
   -------------------------------------------------------------------------------------------------------------------------------------------------------------------------------------------------------------------------------------------------
   RBB_17/CLK                                RBB_6L       17  [TILE 0 0, RBB 13 10]        885     r            9074                                                                                                                              
   clk                                       Clock net     5           (fanout=489)      -2323                     -                                                                                                                              
   clk                                       CLOCK-PORT    -                      -    capture     r            6751                                                                                                                              
   -------------------------------------------------------------------------------------------------------------------------------------------------------------------------------------------------------------------------------------------------


Path 86:
   Slack (not met):                         -4862ps
     Path type:                               SETUP
     Group:                              <UDEF_clk>
     Launching clock:                           clk (rising edge)
     Capturing clock:                           clk (rising edge)

     Requested period:                       2000ps
   + Delay of the capturing clock:           2208ps
   - Clock uncertainty:                       150ps
   = Required time:                          4058ps
   - Propagation time:                       6603ps (51.3% logic, 48.7% route, logic stage 2)
   - Delay of the launching clock:           2317ps
   = Slack:                                 -4862ps

   Instance/Pin or Net Name             Type         ID    Location or Fanout   Delay(ps)  Edge  Arrival Time(ps)    Instance detail                                                                          
   -------------------------------------------------------------------------------------------------------------------------------------------------------------------------------------------------------------
   clk                                  CLOCK-PORT    -                     -     launch     r               0                                                                                                
   clk                                  Clock net     5          (fanout=489)       2317                     -                                                                                                
   RBB_5/CLK                            RBB_6L        5  [TILE 0 0, RBB 7 10]          -     r            2317                                                                                                
   -------------------------------------------------------------------------------------------------------------------------------------------------------------------------------------------------------------
   RBB_5/AQ                             RBB_6L        5  [TILE 0 0, RBB 7 10]        800     r            3117     {inst24: U_uart_rx.r_Bit_Index_FDRE_Q_2 (FDRE,site=aff)}                                   
   U_uart_rx.r_Bit_Index[0]             Net          37            (fanout=7)       1779                     -                                                                                                
   RBB_6/A1                             RBB_6L        6  [TILE 0 0, RBB 7 12]          -     r            4896                                                                                                
   RBB_6/BQ                             RBB_6L        6  [TILE 0 0, RBB 7 12]       1276     r            6172     {inst74: rx_LUT3_I2_O_CARRY4_O (CARRY4)}                                                   
   U_uart_rx.r_Bit_Index_FDRE_Q_1_D[1]  Net          52            (fanout=5)       1438                     -                                                                                                
   RBB_20/C3                            RBB_6L       20  [TILE 0 0, RBB 13 8]          -     r            7610     {inst75: rx_LUT5_I0 (LUT,site=clut)} {inst50: U_uart_rx.r_RX_Byte_FDRE_Q_5 (FDE,site=cff)} 
   -------------------------------------------------------------------------------------------------------------------------------------------------------------------------------------------------------------
   RBB_20/CLK                           RBB_6L       20  [TILE 0 0, RBB 13 8]       1310     r            8920                                                                                                
   clk                                  Clock net     5          (fanout=489)      -2208                     -                                                                                                
   clk                                  CLOCK-PORT    -                     -    capture     r            6712                                                                                                
   -------------------------------------------------------------------------------------------------------------------------------------------------------------------------------------------------------------


Path 50:
   Slack (not met):                         -4854ps
     Path type:                               SETUP
     Group:                              <UDEF_clk>
     Launching clock:                           clk (rising edge)
     Capturing clock:                           clk (rising edge)

     Requested period:                       2000ps
   + Delay of the capturing clock:           2321ps
   - Clock uncertainty:                       150ps
   = Required time:                          4171ps
   - Propagation time:                       6704ps (52.3% logic, 47.7% route, logic stage 3)
   - Delay of the launching clock:           2321ps
   = Slack:                                 -4854ps

   Instance/Pin or Net Name      Type         ID     Location or Fanout   Delay(ps)  Edge  Arrival Time(ps)    Instance detail                                                                                                                   
   ------------------------------------------------------------------------------------------------------------------------------------------------------------------------------------------------------------------------------------------------
   clk                           CLOCK-PORT    -                      -     launch     r               0                                                                                                                                         
   clk                           Clock net     5           (fanout=489)       2321                     -                                                                                                                                         
   RBB_16/CLK                    RBB_6L       16  [TILE 0 0, RBB 13 14]          -     r            2321                                                                                                                                         
   ------------------------------------------------------------------------------------------------------------------------------------------------------------------------------------------------------------------------------------------------
   RBB_16/CMUX                   RBB_6L       16  [TILE 0 0, RBB 13 14]       1380     r            3701     {inst34: U_uart_rx.r_Clock_Count_FDRE_Q_15 (FDE,site=cffo)}                                                                         
   U_uart_rx.r_Clock_Count[2]    Net          21             (fanout=4)        949                     -                                                                                                                                         
   RBB_18/B5                     RBB_6L       18  [TILE 0 0, RBB 13 16]          -     r            4650                                                                                                                                         
   RBB_18/B                      RBB_6L       18  [TILE 0 0, RBB 13 16]        717     r            5367     {inst111: rx_LUT5_I0_3_I3_LUT5_O_I0_LUT3_O (LUT,site=blut)}                                                                         
   rx_LUT5_I0_3_I3_LUT5_O_I0[3]  Net         137             (fanout=1)       1375                     -                                                                                                                                         
   RBB_13/D4                     RBB_6L       13  [TILE 0 0, RBB 10 10]          -     r            6742                                                                                                                                         
   RBB_13/D                      RBB_6L       13  [TILE 0 0, RBB 10 10]        608     r            7350     {inst110: rx_LUT5_I0_3_I3_LUT5_O (LUT,site=dlut)}                                                                                   
   rx_LUT5_I0_3_I3[2]            Net          59             (fanout=8)        877                     -                                                                                                                                         
   RBB_16/B2                     RBB_6L       16  [TILE 0 0, RBB 13 14]          -     r            8227     {inst105: rx_LUT5_I0_3_I2_CARRY4_O_O_LUT2_I1_O_LUT5_O_1 (LUT,site=blut)} {inst32: U_uart_rx.r_Clock_Count_FDRE_Q_13 (FDE,site=bff)} 
   ------------------------------------------------------------------------------------------------------------------------------------------------------------------------------------------------------------------------------------------------
   RBB_16/CLK                    RBB_6L       16  [TILE 0 0, RBB 13 14]        798     r            9025                                                                                                                                         
   clk                           Clock net     5           (fanout=489)      -2321                     -                                                                                                                                         
   clk                           CLOCK-PORT    -                      -    capture     r            6704                                                                                                                                         
   ------------------------------------------------------------------------------------------------------------------------------------------------------------------------------------------------------------------------------------------------


Path 361:
   Slack (not met):                         -4843ps
     Path type:                               SETUP
     Group:                              <UDEF_clk>
     Launching clock:                           clk (rising edge)
     Capturing clock:                           clk (rising edge)

     Requested period:                       2000ps
   + Delay of the capturing clock:           2323ps
   - Clock uncertainty:                       150ps
   = Required time:                          4173ps
   - Propagation time:                       6692ps (57.6% logic, 42.4% route, logic stage 4)
   - Delay of the launching clock:           2324ps
   = Slack:                                 -4843ps

   Instance/Pin or Net Name                  Type         ID     Location or Fanout   Delay(ps)  Edge  Arrival Time(ps)    Instance detail                                                                                                                 
   ----------------------------------------------------------------------------------------------------------------------------------------------------------------------------------------------------------------------------------------------------------
   clk                                       CLOCK-PORT    -                      -     launch     r               0                                                                                                                                       
   clk                                       Clock net     5           (fanout=489)       2324                     -                                                                                                                                       
   RBB_18/CLK                                RBB_6L       18  [TILE 0 0, RBB 13 16]          -     r            2324                                                                                                                                       
   ----------------------------------------------------------------------------------------------------------------------------------------------------------------------------------------------------------------------------------------------------------
   RBB_18/CQ                                 RBB_6L       18  [TILE 0 0, RBB 13 16]        800     r            3124     {inst36: U_uart_rx.r_Clock_Count_FDRE_Q_17 (FDE,site=cff)}                                                                        
   U_uart_rx.r_Clock_Count[0]                Net          23             (fanout=4)       1339                     -                                                                                                                                       
   RBB_7/A1                                  RBB_6L        7  [TILE 0 0, RBB 13 12]          -     r            4463                                                                                                                                       
   RBB_7/COUT                                RBB_6L        7  [TILE 0 0, RBB 13 12]       1287     r            5750     {inst81: rx_LUT5_I0_3_I2_CARRY4_O_CI_CARRY4_CO_CI_CARRY4_CO (CARRY4)}                                                             
   rx_LUT5_I0_3_I2_CARRY4_O_CI_CARRY4_CO_CI  Net          42             (fanout=1)          0                     -                                                                                                                                       
   RBB_8/CIN                                 RBB_6L        8  [TILE 0 0, RBB 16 12]          -     r            5750                                                                                                                                       
   RBB_8/COUT                                RBB_6L        8  [TILE 0 0, RBB 16 12]        292     r            6042     {inst80: rx_LUT5_I0_3_I2_CARRY4_O_CI_CARRY4_CO (CARRY4)}                                                                          
   rx_LUT5_I0_3_I2_CARRY4_O_CI               Net          53             (fanout=1)          0                     -                                                                                                                                       
   RBB_9/CIN                                 RBB_6L        9  [TILE 0 0, RBB 19 12]          -     r            6042                                                                                                                                       
   RBB_9/CMUX                                RBB_6L        9  [TILE 0 0, RBB 19 12]        633     r            6675     {inst79: rx_LUT5_I0_3_I2_CARRY4_O (CARRY4)}                                                                                       
   rx_LUT5_I0_3_I2[1]                        Net         166             (fanout=1)       1498                     -                                                                                                                                       
   RBB_17/A1                                 RBB_6L       17  [TILE 0 0, RBB 13 10]          -     r            8173     {inst99: rx_LUT5_I0_3_I2_CARRY4_O_O_LUT2_I1_O_LUT2_O_6 (LUT,site=alut)} {inst42: U_uart_rx.r_Clock_Count_FDRE_Q_7 (FDE,site=aff)} 
   ----------------------------------------------------------------------------------------------------------------------------------------------------------------------------------------------------------------------------------------------------------
   RBB_17/CLK                                RBB_6L       17  [TILE 0 0, RBB 13 10]        843     r            9016                                                                                                                                       
   clk                                       Clock net     5           (fanout=489)      -2323                     -                                                                                                                                       
   clk                                       CLOCK-PORT    -                      -    capture     r            6693                                                                                                                                       
   ----------------------------------------------------------------------------------------------------------------------------------------------------------------------------------------------------------------------------------------------------------


Path 88:
   Slack (not met):                         -4762ps
     Path type:                               SETUP
     Group:                              <UDEF_clk>
     Launching clock:                           clk (rising edge)
     Capturing clock:                           clk (rising edge)

     Requested period:                       2000ps
   + Delay of the capturing clock:           2208ps
   - Clock uncertainty:                       150ps
   = Required time:                          4058ps
   - Propagation time:                       6503ps (50.5% logic, 49.5% route, logic stage 2)
   - Delay of the launching clock:           2317ps
   = Slack:                                 -4762ps

   Instance/Pin or Net Name             Type         ID    Location or Fanout   Delay(ps)  Edge  Arrival Time(ps)    Instance detail                                                                             
   ----------------------------------------------------------------------------------------------------------------------------------------------------------------------------------------------------------------
   clk                                  CLOCK-PORT    -                     -     launch     r               0                                                                                                   
   clk                                  Clock net     5          (fanout=489)       2317                     -                                                                                                   
   RBB_5/CLK                            RBB_6L        5  [TILE 0 0, RBB 7 10]          -     r            2317                                                                                                   
   ----------------------------------------------------------------------------------------------------------------------------------------------------------------------------------------------------------------
   RBB_5/AQ                             RBB_6L        5  [TILE 0 0, RBB 7 10]        800     r            3117     {inst24: U_uart_rx.r_Bit_Index_FDRE_Q_2 (FDRE,site=aff)}                                      
   U_uart_rx.r_Bit_Index[0]             Net          37            (fanout=7)       1779                     -                                                                                                   
   RBB_6/A1                             RBB_6L        6  [TILE 0 0, RBB 7 12]          -     r            4896                                                                                                   
   RBB_6/BQ                             RBB_6L        6  [TILE 0 0, RBB 7 12]       1276     r            6172     {inst74: rx_LUT3_I2_O_CARRY4_O (CARRY4)}                                                      
   U_uart_rx.r_Bit_Index_FDRE_Q_1_D[1]  Net          52            (fanout=5)       1437                     -                                                                                                   
   RBB_20/B3                            RBB_6L       20  [TILE 0 0, RBB 13 8]          -     r            7609     {inst116: rx_LUT5_I4_1 (LUT,site=blut)} {inst51: U_uart_rx.r_RX_Byte_FDRE_Q_6 (FDE,site=bff)} 
   ----------------------------------------------------------------------------------------------------------------------------------------------------------------------------------------------------------------
   RBB_20/CLK                           RBB_6L       20  [TILE 0 0, RBB 13 8]       1211     r            8820                                                                                                   
   clk                                  Clock net     5          (fanout=489)      -2208                     -                                                                                                   
   clk                                  CLOCK-PORT    -                     -    capture     r            6612                                                                                                   
   ----------------------------------------------------------------------------------------------------------------------------------------------------------------------------------------------------------------


Path 362:
   Slack (not met):                         -4757ps
     Path type:                               SETUP
     Group:                              <UDEF_clk>
     Launching clock:                           clk (rising edge)
     Capturing clock:                           clk (rising edge)

     Requested period:                       2000ps
   + Delay of the capturing clock:           2323ps
   - Clock uncertainty:                       150ps
   = Required time:                          4173ps
   - Propagation time:                       6606ps (56.9% logic, 43.1% route, logic stage 4)
   - Delay of the launching clock:           2324ps
   = Slack:                                 -4757ps

   Instance/Pin or Net Name                  Type         ID     Location or Fanout   Delay(ps)  Edge  Arrival Time(ps)    Instance detail                                                                                                                
   ---------------------------------------------------------------------------------------------------------------------------------------------------------------------------------------------------------------------------------------------------------
   clk                                       CLOCK-PORT    -                      -     launch     r               0                                                                                                                                      
   clk                                       Clock net     5           (fanout=489)       2324                     -                                                                                                                                      
   RBB_18/CLK                                RBB_6L       18  [TILE 0 0, RBB 13 16]          -     r            2324                                                                                                                                      
   ---------------------------------------------------------------------------------------------------------------------------------------------------------------------------------------------------------------------------------------------------------
   RBB_18/CQ                                 RBB_6L       18  [TILE 0 0, RBB 13 16]        800     r            3124     {inst36: U_uart_rx.r_Clock_Count_FDRE_Q_17 (FDE,site=cff)}                                                                       
   U_uart_rx.r_Clock_Count[0]                Net          23             (fanout=4)       1339                     -                                                                                                                                      
   RBB_7/A1                                  RBB_6L        7  [TILE 0 0, RBB 13 12]          -     r            4463                                                                                                                                      
   RBB_7/COUT                                RBB_6L        7  [TILE 0 0, RBB 13 12]       1287     r            5750     {inst81: rx_LUT5_I0_3_I2_CARRY4_O_CI_CARRY4_CO_CI_CARRY4_CO (CARRY4)}                                                            
   rx_LUT5_I0_3_I2_CARRY4_O_CI_CARRY4_CO_CI  Net          42             (fanout=1)          0                     -                                                                                                                                      
   RBB_8/CIN                                 RBB_6L        8  [TILE 0 0, RBB 16 12]          -     r            5750                                                                                                                                      
   RBB_8/COUT                                RBB_6L        8  [TILE 0 0, RBB 16 12]        292     r            6042     {inst80: rx_LUT5_I0_3_I2_CARRY4_O_CI_CARRY4_CO (CARRY4)}                                                                         
   rx_LUT5_I0_3_I2_CARRY4_O_CI               Net          53             (fanout=1)          0                     -                                                                                                                                      
   RBB_9/CIN                                 RBB_6L        9  [TILE 0 0, RBB 19 12]          -     r            6042                                                                                                                                      
   RBB_9/AMUX                                RBB_6L        9  [TILE 0 0, RBB 19 12]        497     r            6539     {inst79: rx_LUT5_I0_3_I2_CARRY4_O (CARRY4)}                                                                                      
   rx_LUT5_I0_3_I2_CARRY4_O_O_2[2]           Net         156             (fanout=1)       1510                     -                                                                                                                                      
   RBB_17/C1                                 RBB_6L       17  [TILE 0 0, RBB 13 10]          -     r            8049     {inst100: rx_LUT5_I0_3_I2_CARRY4_O_O_LUT2_I1_O_LUT4_O (LUT,site=clut)} {inst44: U_uart_rx.r_Clock_Count_FDRE_Q_9 (FDE,site=cff)} 
   ---------------------------------------------------------------------------------------------------------------------------------------------------------------------------------------------------------------------------------------------------------
   RBB_17/CLK                                RBB_6L       17  [TILE 0 0, RBB 13 10]        881     r            8930                                                                                                                                      
   clk                                       Clock net     5           (fanout=489)      -2323                     -                                                                                                                                      
   clk                                       CLOCK-PORT    -                      -    capture     r            6607                                                                                                                                      
   ---------------------------------------------------------------------------------------------------------------------------------------------------------------------------------------------------------------------------------------------------------


Path 49:
   Slack (not met):                         -4599ps
     Path type:                               SETUP
     Group:                              <UDEF_clk>
     Launching clock:                           clk (rising edge)
     Capturing clock:                           clk (rising edge)

     Requested period:                       2000ps
   + Delay of the capturing clock:           2323ps
   - Clock uncertainty:                       150ps
   = Required time:                          4173ps
   - Propagation time:                       6451ps (54.3% logic, 45.7% route, logic stage 3)
   - Delay of the launching clock:           2321ps
   = Slack:                                 -4599ps

   Instance/Pin or Net Name      Type         ID     Location or Fanout   Delay(ps)  Edge  Arrival Time(ps)    Instance detail                                                                                                                   
   ------------------------------------------------------------------------------------------------------------------------------------------------------------------------------------------------------------------------------------------------
   clk                           CLOCK-PORT    -                      -     launch     r               0                                                                                                                                         
   clk                           Clock net     5           (fanout=489)       2321                     -                                                                                                                                         
   RBB_16/CLK                    RBB_6L       16  [TILE 0 0, RBB 13 14]          -     r            2321                                                                                                                                         
   ------------------------------------------------------------------------------------------------------------------------------------------------------------------------------------------------------------------------------------------------
   RBB_16/CMUX                   RBB_6L       16  [TILE 0 0, RBB 13 14]       1380     r            3701     {inst34: U_uart_rx.r_Clock_Count_FDRE_Q_15 (FDE,site=cffo)}                                                                         
   U_uart_rx.r_Clock_Count[2]    Net          21             (fanout=4)        949                     -                                                                                                                                         
   RBB_18/B5                     RBB_6L       18  [TILE 0 0, RBB 13 16]          -     r            4650                                                                                                                                         
   RBB_18/B                      RBB_6L       18  [TILE 0 0, RBB 13 16]        717     r            5367     {inst111: rx_LUT5_I0_3_I3_LUT5_O_I0_LUT3_O (LUT,site=blut)}                                                                         
   rx_LUT5_I0_3_I3_LUT5_O_I0[3]  Net         137             (fanout=1)       1375                     -                                                                                                                                         
   RBB_13/D4                     RBB_6L       13  [TILE 0 0, RBB 10 10]          -     r            6742                                                                                                                                         
   RBB_13/D                      RBB_6L       13  [TILE 0 0, RBB 10 10]        608     r            7350     {inst110: rx_LUT5_I0_3_I3_LUT5_O (LUT,site=dlut)}                                                                                   
   rx_LUT5_I0_3_I3[2]            Net          59             (fanout=8)        624                     -                                                                                                                                         
   RBB_17/B2                     RBB_6L       17  [TILE 0 0, RBB 13 10]          -     r            7974     {inst106: rx_LUT5_I0_3_I2_CARRY4_O_O_LUT2_I1_O_LUT5_O_2 (LUT,site=blut)} {inst29: U_uart_rx.r_Clock_Count_FDRE_Q_10 (FDE,site=bff)} 
   ------------------------------------------------------------------------------------------------------------------------------------------------------------------------------------------------------------------------------------------------
   RBB_17/CLK                    RBB_6L       17  [TILE 0 0, RBB 13 10]        798     r            8772                                                                                                                                         
   clk                           Clock net     5           (fanout=489)      -2323                     -                                                                                                                                         
   clk                           CLOCK-PORT    -                      -    capture     r            6449                                                                                                                                         
   ------------------------------------------------------------------------------------------------------------------------------------------------------------------------------------------------------------------------------------------------


Path 89:
   Slack (not met):                         -4508ps
     Path type:                               SETUP
     Group:                              <UDEF_clk>
     Launching clock:                           clk (rising edge)
     Capturing clock:                           clk (rising edge)

     Requested period:                       2000ps
   + Delay of the capturing clock:           2272ps
   - Clock uncertainty:                       150ps
   = Required time:                          4122ps
   - Propagation time:                       6313ps (40.9% logic, 59.1% route, logic stage 2)
   - Delay of the launching clock:           2317ps
   = Slack:                                 -4508ps

   Instance/Pin or Net Name             Type         ID     Location or Fanout   Delay(ps)  Edge  Arrival Time(ps)    Instance detail                                                                            
   ----------------------------------------------------------------------------------------------------------------------------------------------------------------------------------------------------------------
   clk                                  CLOCK-PORT    -                      -     launch     r               0                                                                                                  
   clk                                  Clock net     5           (fanout=489)       2317                     -                                                                                                  
   RBB_5/CLK                            RBB_6L        5   [TILE 0 0, RBB 7 10]          -     r            2317                                                                                                  
   ----------------------------------------------------------------------------------------------------------------------------------------------------------------------------------------------------------------
   RBB_5/AQ                             RBB_6L        5   [TILE 0 0, RBB 7 10]        800     r            3117     {inst24: U_uart_rx.r_Bit_Index_FDRE_Q_2 (FDRE,site=aff)}                                     
   U_uart_rx.r_Bit_Index[0]             Net          37             (fanout=7)       1779                     -                                                                                                  
   RBB_6/A1                             RBB_6L        6   [TILE 0 0, RBB 7 12]          -     r            4896                                                                                                  
   RBB_6/BQ                             RBB_6L        6   [TILE 0 0, RBB 7 12]       1276     r            6172     {inst74: rx_LUT3_I2_O_CARRY4_O (CARRY4)}                                                     
   U_uart_rx.r_Bit_Index_FDRE_Q_1_D[1]  Net          52             (fanout=5)       1953                     -                                                                                                  
   RBB_11/C2                            RBB_6L       11  [TILE 0 0, RBB 25 12]          -     r            8125     {inst115: rx_LUT5_I4 (LUT,site=cluto)} {inst47: U_uart_rx.r_RX_Byte_FDRE_Q_2 (FDE,site=cff)} 
   ----------------------------------------------------------------------------------------------------------------------------------------------------------------------------------------------------------------
   RBB_11/CLK                           RBB_6L       11  [TILE 0 0, RBB 25 12]        505     r            8630                                                                                                  
   clk                                  Clock net     5           (fanout=489)      -2272                     -                                                                                                  
   clk                                  CLOCK-PORT    -                      -    capture     r            6358                                                                                                  
   ----------------------------------------------------------------------------------------------------------------------------------------------------------------------------------------------------------------


Path 80:
   Slack (not met):                         -4501ps
     Path type:                               SETUP
     Group:                              <UDEF_clk>
     Launching clock:                           clk (rising edge)
     Capturing clock:                           clk (rising edge)

     Requested period:                       2000ps
   + Delay of the capturing clock:           2323ps
   - Clock uncertainty:                       150ps
   = Required time:                          4173ps
   - Propagation time:                       6359ps (45.8% logic, 54.2% route, logic stage 3)
   - Delay of the launching clock:           2315ps
   = Slack:                                 -4501ps

   Instance/Pin or Net Name                 Type         ID     Location or Fanout   Delay(ps)  Edge  Arrival Time(ps)    Instance detail                                                                                                                
   --------------------------------------------------------------------------------------------------------------------------------------------------------------------------------------------------------------------------------------------------------
   clk                                      CLOCK-PORT    -                      -     launch     r               0                                                                                                                                      
   clk                                      Clock net     5           (fanout=489)       2315                     -                                                                                                                                      
   RBB_15/CLK                               RBB_6L       15   [TILE 0 0, RBB 7 14]          -     r            2315                                                                                                                                      
   --------------------------------------------------------------------------------------------------------------------------------------------------------------------------------------------------------------------------------------------------------
   RBB_15/AQ                                RBB_6L       15   [TILE 0 0, RBB 7 14]        800     r            3115     {inst10: U_uart_rx.FSM_STATE_FDRE_Q (FD,site=aff)}                                                                               
   U_uart_rx.FSM_STATE[2]                   Net          38             (fanout=9)       1430                     -                                                                                                                                      
   RBB_15/B3                                RBB_6L       15   [TILE 0 0, RBB 7 14]          -     r            4545                                                                                                                                      
   RBB_15/B                                 RBB_6L       15   [TILE 0 0, RBB 7 14]        604     r            5149     {inst91: rx_LUT5_I0_3_I2_CARRY4_O_O_2_MUXF7_O_I1_INV_O (LUT,site=blut)}                                                          
   rx_LUT5_I0_3_I2_CARRY4_O_O_2_MUXF7_O_I1  Net          73             (fanout=1)        893                     -                                                                                                                                      
   RBB_15/B1                                RBB_6L       15   [TILE 0 0, RBB 7 14]          -     r            6042                                                                                                                                      
   RBB_15/BMUX                              RBB_6L       15   [TILE 0 0, RBB 7 14]        626     r            6668     {inst90: rx_LUT5_I0_3_I2_CARRY4_O_O_2_MUXF7_O (LUT,site=bluto)}                                                                  
   rx_LUT5_I0_3_I2_CARRY4_O_O_2[0]          Net         157             (fanout=9)       1125                     -                                                                                                                                      
   RBB_17/C4                                RBB_6L       17  [TILE 0 0, RBB 13 10]          -     r            7793     {inst100: rx_LUT5_I0_3_I2_CARRY4_O_O_LUT2_I1_O_LUT4_O (LUT,site=clut)} {inst44: U_uart_rx.r_Clock_Count_FDRE_Q_9 (FDE,site=cff)} 
   --------------------------------------------------------------------------------------------------------------------------------------------------------------------------------------------------------------------------------------------------------
   RBB_17/CLK                               RBB_6L       17  [TILE 0 0, RBB 13 10]        881     r            8674                                                                                                                                      
   clk                                      Clock net     5           (fanout=489)      -2323                     -                                                                                                                                      
   clk                                      CLOCK-PORT    -                      -    capture     r            6351                                                                                                                                      
   --------------------------------------------------------------------------------------------------------------------------------------------------------------------------------------------------------------------------------------------------------


Path 76:
   Slack (not met):                         -4501ps
     Path type:                               SETUP
     Group:                              <UDEF_clk>
     Launching clock:                           clk (rising edge)
     Capturing clock:                           clk (rising edge)

     Requested period:                       2000ps
   + Delay of the capturing clock:           2324ps
   - Clock uncertainty:                       150ps
   = Required time:                          4174ps
   - Propagation time:                       6360ps (46.0% logic, 54.0% route, logic stage 3)
   - Delay of the launching clock:           2315ps
   = Slack:                                 -4501ps

   Instance/Pin or Net Name                 Type         ID     Location or Fanout   Delay(ps)  Edge  Arrival Time(ps)    Instance detail                                                                                                                 
   ---------------------------------------------------------------------------------------------------------------------------------------------------------------------------------------------------------------------------------------------------------
   clk                                      CLOCK-PORT    -                      -     launch     r               0                                                                                                                                       
   clk                                      Clock net     5           (fanout=489)       2315                     -                                                                                                                                       
   RBB_15/CLK                               RBB_6L       15   [TILE 0 0, RBB 7 14]          -     r            2315                                                                                                                                       
   ---------------------------------------------------------------------------------------------------------------------------------------------------------------------------------------------------------------------------------------------------------
   RBB_15/AQ                                RBB_6L       15   [TILE 0 0, RBB 7 14]        800     r            3115     {inst10: U_uart_rx.FSM_STATE_FDRE_Q (FD,site=aff)}                                                                                
   U_uart_rx.FSM_STATE[2]                   Net          38             (fanout=9)       1430                     -                                                                                                                                       
   RBB_15/B3                                RBB_6L       15   [TILE 0 0, RBB 7 14]          -     r            4545                                                                                                                                       
   RBB_15/B                                 RBB_6L       15   [TILE 0 0, RBB 7 14]        604     r            5149     {inst91: rx_LUT5_I0_3_I2_CARRY4_O_O_2_MUXF7_O_I1_INV_O (LUT,site=blut)}                                                           
   rx_LUT5_I0_3_I2_CARRY4_O_O_2_MUXF7_O_I1  Net          73             (fanout=1)        893                     -                                                                                                                                       
   RBB_15/B1                                RBB_6L       15   [TILE 0 0, RBB 7 14]          -     r            6042                                                                                                                                       
   RBB_15/BMUX                              RBB_6L       15   [TILE 0 0, RBB 7 14]        626     r            6668     {inst90: rx_LUT5_I0_3_I2_CARRY4_O_O_2_MUXF7_O (LUT,site=bluto)}                                                                   
   rx_LUT5_I0_3_I2_CARRY4_O_O_2[0]          Net         157             (fanout=9)       1114                     -                                                                                                                                       
   RBB_18/D5                                RBB_6L       18  [TILE 0 0, RBB 13 16]          -     r            7782     {inst104: rx_LUT5_I0_3_I2_CARRY4_O_O_LUT2_I1_O_LUT5_O (LUT,site=dlut)} {inst35: U_uart_rx.r_Clock_Count_FDRE_Q_16 (FDE,site=dff)} 
   ---------------------------------------------------------------------------------------------------------------------------------------------------------------------------------------------------------------------------------------------------------
   RBB_18/CLK                               RBB_6L       18  [TILE 0 0, RBB 13 16]        893     r            8675                                                                                                                                       
   clk                                      Clock net     5           (fanout=489)      -2324                     -                                                                                                                                       
   clk                                      CLOCK-PORT    -                      -    capture     r            6351                                                                                                                                       
   ---------------------------------------------------------------------------------------------------------------------------------------------------------------------------------------------------------------------------------------------------------


Path 79:
   Slack (not met):                         -4501ps
     Path type:                               SETUP
     Group:                              <UDEF_clk>
     Launching clock:                           clk (rising edge)
     Capturing clock:                           clk (rising edge)

     Requested period:                       2000ps
   + Delay of the capturing clock:           2324ps
   - Clock uncertainty:                       150ps
   = Required time:                          4174ps
   - Propagation time:                       6360ps (46.0% logic, 54.0% route, logic stage 3)
   - Delay of the launching clock:           2315ps
   = Slack:                                 -4501ps

   Instance/Pin or Net Name                 Type         ID     Location or Fanout   Delay(ps)  Edge  Arrival Time(ps)    Instance detail                                                                                                                   
   -----------------------------------------------------------------------------------------------------------------------------------------------------------------------------------------------------------------------------------------------------------
   clk                                      CLOCK-PORT    -                      -     launch     r               0                                                                                                                                         
   clk                                      Clock net     5           (fanout=489)       2315                     -                                                                                                                                         
   RBB_15/CLK                               RBB_6L       15   [TILE 0 0, RBB 7 14]          -     r            2315                                                                                                                                         
   -----------------------------------------------------------------------------------------------------------------------------------------------------------------------------------------------------------------------------------------------------------
   RBB_15/AQ                                RBB_6L       15   [TILE 0 0, RBB 7 14]        800     r            3115     {inst10: U_uart_rx.FSM_STATE_FDRE_Q (FD,site=aff)}                                                                                  
   U_uart_rx.FSM_STATE[2]                   Net          38             (fanout=9)       1430                     -                                                                                                                                         
   RBB_15/B3                                RBB_6L       15   [TILE 0 0, RBB 7 14]          -     r            4545                                                                                                                                         
   RBB_15/B                                 RBB_6L       15   [TILE 0 0, RBB 7 14]        604     r            5149     {inst91: rx_LUT5_I0_3_I2_CARRY4_O_O_2_MUXF7_O_I1_INV_O (LUT,site=blut)}                                                             
   rx_LUT5_I0_3_I2_CARRY4_O_O_2_MUXF7_O_I1  Net          73             (fanout=1)        893                     -                                                                                                                                         
   RBB_15/B1                                RBB_6L       15   [TILE 0 0, RBB 7 14]          -     r            6042                                                                                                                                         
   RBB_15/BMUX                              RBB_6L       15   [TILE 0 0, RBB 7 14]        626     r            6668     {inst90: rx_LUT5_I0_3_I2_CARRY4_O_O_2_MUXF7_O (LUT,site=bluto)}                                                                     
   rx_LUT5_I0_3_I2_CARRY4_O_O_2[0]          Net         157             (fanout=9)       1114                     -                                                                                                                                         
   RBB_18/C5                                RBB_6L       18  [TILE 0 0, RBB 13 16]          -     r            7782     {inst103: rx_LUT5_I0_3_I2_CARRY4_O_O_LUT2_I1_O_LUT4_O_3 (LUT,site=clut)} {inst36: U_uart_rx.r_Clock_Count_FDRE_Q_17 (FDE,site=cff)} 
   -----------------------------------------------------------------------------------------------------------------------------------------------------------------------------------------------------------------------------------------------------------
   RBB_18/CLK                               RBB_6L       18  [TILE 0 0, RBB 13 16]        893     r            8675                                                                                                                                         
   clk                                      Clock net     5           (fanout=489)      -2324                     -                                                                                                                                         
   clk                                      CLOCK-PORT    -                      -    capture     r            6351                                                                                                                                         
   -----------------------------------------------------------------------------------------------------------------------------------------------------------------------------------------------------------------------------------------------------------


Path 84:
   Slack (not met):                         -4440ps
     Path type:                               SETUP
     Group:                              <UDEF_clk>
     Launching clock:                           clk (rising edge)
     Capturing clock:                           clk (rising edge)

     Requested period:                       2000ps
   + Delay of the capturing clock:           2323ps
   - Clock uncertainty:                       150ps
   = Required time:                          4173ps
   - Propagation time:                       6298ps (44.9% logic, 55.1% route, logic stage 3)
   - Delay of the launching clock:           2315ps
   = Slack:                                 -4440ps

   Instance/Pin or Net Name                 Type         ID     Location or Fanout   Delay(ps)  Edge  Arrival Time(ps)    Instance detail                                                                                                                   
   -----------------------------------------------------------------------------------------------------------------------------------------------------------------------------------------------------------------------------------------------------------
   clk                                      CLOCK-PORT    -                      -     launch     r               0                                                                                                                                         
   clk                                      Clock net     5           (fanout=489)       2315                     -                                                                                                                                         
   RBB_15/CLK                               RBB_6L       15   [TILE 0 0, RBB 7 14]          -     r            2315                                                                                                                                         
   -----------------------------------------------------------------------------------------------------------------------------------------------------------------------------------------------------------------------------------------------------------
   RBB_15/AQ                                RBB_6L       15   [TILE 0 0, RBB 7 14]        800     r            3115     {inst10: U_uart_rx.FSM_STATE_FDRE_Q (FD,site=aff)}                                                                                  
   U_uart_rx.FSM_STATE[2]                   Net          38             (fanout=9)       1430                     -                                                                                                                                         
   RBB_15/B3                                RBB_6L       15   [TILE 0 0, RBB 7 14]          -     r            4545                                                                                                                                         
   RBB_15/B                                 RBB_6L       15   [TILE 0 0, RBB 7 14]        604     r            5149     {inst91: rx_LUT5_I0_3_I2_CARRY4_O_O_2_MUXF7_O_I1_INV_O (LUT,site=blut)}                                                             
   rx_LUT5_I0_3_I2_CARRY4_O_O_2_MUXF7_O_I1  Net          73             (fanout=1)        893                     -                                                                                                                                         
   RBB_15/B1                                RBB_6L       15   [TILE 0 0, RBB 7 14]          -     r            6042                                                                                                                                         
   RBB_15/BMUX                              RBB_6L       15   [TILE 0 0, RBB 7 14]        626     r            6668     {inst90: rx_LUT5_I0_3_I2_CARRY4_O_O_2_MUXF7_O (LUT,site=bluto)}                                                                     
   rx_LUT5_I0_3_I2_CARRY4_O_O_2[0]          Net         157             (fanout=9)       1147                     -                                                                                                                                         
   RBB_17/B4                                RBB_6L       17  [TILE 0 0, RBB 13 10]          -     r            7815     {inst106: rx_LUT5_I0_3_I2_CARRY4_O_O_LUT2_I1_O_LUT5_O_2 (LUT,site=blut)} {inst29: U_uart_rx.r_Clock_Count_FDRE_Q_10 (FDE,site=bff)} 
   -----------------------------------------------------------------------------------------------------------------------------------------------------------------------------------------------------------------------------------------------------------
   RBB_17/CLK                               RBB_6L       17  [TILE 0 0, RBB 13 10]        798     r            8613                                                                                                                                         
   clk                                      Clock net     5           (fanout=489)      -2323                     -                                                                                                                                         
   clk                                      CLOCK-PORT    -                      -    capture     r            6290                                                                                                                                         
   -----------------------------------------------------------------------------------------------------------------------------------------------------------------------------------------------------------------------------------------------------------


Path 85:
   Slack (not met):                         -4425ps
     Path type:                               SETUP
     Group:                              <UDEF_clk>
     Launching clock:                           clk (rising edge)
     Capturing clock:                           clk (rising edge)

     Requested period:                       2000ps
   + Delay of the capturing clock:           2305ps
   - Clock uncertainty:                       150ps
   = Required time:                          4155ps
   - Propagation time:                       6263ps (55.8% logic, 44.2% route, logic stage 2)
   - Delay of the launching clock:           2317ps
   = Slack:                                 -4425ps

   Instance/Pin or Net Name   Type         ID    Location or Fanout   Delay(ps)  Edge  Arrival Time(ps)    Instance detail                                                                                                       
   --------------------------------------------------------------------------------------------------------------------------------------------------------------------------------------------------------------------------------
   clk                        CLOCK-PORT    -                     -     launch     r               0                                                                                                                             
   clk                        Clock net     5          (fanout=489)       2317                     -                                                                                                                             
   RBB_5/CLK                  RBB_6L        5  [TILE 0 0, RBB 7 10]          -     r            2317                                                                                                                             
   --------------------------------------------------------------------------------------------------------------------------------------------------------------------------------------------------------------------------------
   RBB_5/AQ                   RBB_6L        5  [TILE 0 0, RBB 7 10]        800     r            3117     {inst24: U_uart_rx.r_Bit_Index_FDRE_Q_2 (FDRE,site=aff)}                                                                
   U_uart_rx.r_Bit_Index[0]   Net          37            (fanout=7)       1779                     -                                                                                                                             
   RBB_6/A1                   RBB_6L        6  [TILE 0 0, RBB 7 12]          -     r            4896                                                                                                                             
   RBB_6/DQ                   RBB_6L        6  [TILE 0 0, RBB 7 12]       1325     r            6221     {inst74: rx_LUT3_I2_O_CARRY4_O (CARRY4)}                                                                                
   rx_LUT3_I2_O[1]            Net         131            (fanout=2)        987                     -                                                                                                                             
   RBB_14/B1                  RBB_6L       14   [TILE 0 0, RBB 7 8]          -     r            7208     {inst16: U_uart_rx.FSM_STATE_FDRE_Q_D_MUXF8_O_2 (MUXF,site=muxf8)} {inst12: U_uart_rx.FSM_STATE_FDRE_Q_2 (FD,site=bff)} 
   --------------------------------------------------------------------------------------------------------------------------------------------------------------------------------------------------------------------------------
   RBB_14/CLK                 RBB_6L       14   [TILE 0 0, RBB 7 8]       1372     r            8580                                                                                                                             
   clk                        Clock net     5          (fanout=489)      -2305                     -                                                                                                                             
   clk                        CLOCK-PORT    -                     -    capture     r            6275                                                                                                                             
   --------------------------------------------------------------------------------------------------------------------------------------------------------------------------------------------------------------------------------


Path 75:
   Slack (not met):                         -4401ps
     Path type:                               SETUP
     Group:                              <UDEF_clk>
     Launching clock:                           clk (rising edge)
     Capturing clock:                           clk (rising edge)

     Requested period:                       2000ps
   + Delay of the capturing clock:           2321ps
   - Clock uncertainty:                       150ps
   = Required time:                          4171ps
   - Propagation time:                       6257ps (49.9% logic, 50.1% route, logic stage 3)
   - Delay of the launching clock:           2315ps
   = Slack:                                 -4401ps

   Instance/Pin or Net Name                 Type         ID     Location or Fanout   Delay(ps)  Edge  Arrival Time(ps)    Instance detail                                                                                                                     
   -------------------------------------------------------------------------------------------------------------------------------------------------------------------------------------------------------------------------------------------------------------
   clk                                      CLOCK-PORT    -                      -     launch     r               0                                                                                                                                           
   clk                                      Clock net     5           (fanout=489)       2315                     -                                                                                                                                           
   RBB_15/CLK                               RBB_6L       15   [TILE 0 0, RBB 7 14]          -     r            2315                                                                                                                                           
   -------------------------------------------------------------------------------------------------------------------------------------------------------------------------------------------------------------------------------------------------------------
   RBB_15/AQ                                RBB_6L       15   [TILE 0 0, RBB 7 14]        800     r            3115     {inst10: U_uart_rx.FSM_STATE_FDRE_Q (FD,site=aff)}                                                                                    
   U_uart_rx.FSM_STATE[2]                   Net          38             (fanout=9)       1430                     -                                                                                                                                           
   RBB_15/B3                                RBB_6L       15   [TILE 0 0, RBB 7 14]          -     r            4545                                                                                                                                           
   RBB_15/B                                 RBB_6L       15   [TILE 0 0, RBB 7 14]        604     r            5149     {inst91: rx_LUT5_I0_3_I2_CARRY4_O_O_2_MUXF7_O_I1_INV_O (LUT,site=blut)}                                                               
   rx_LUT5_I0_3_I2_CARRY4_O_O_2_MUXF7_O_I1  Net          73             (fanout=1)        893                     -                                                                                                                                           
   RBB_15/B1                                RBB_6L       15   [TILE 0 0, RBB 7 14]          -     r            6042                                                                                                                                           
   RBB_15/BMUX                              RBB_6L       15   [TILE 0 0, RBB 7 14]        626     r            6668     {inst90: rx_LUT5_I0_3_I2_CARRY4_O_O_2_MUXF7_O (LUT,site=bluto)}                                                                       
   rx_LUT5_I0_3_I2_CARRY4_O_O_2[0]          Net         157             (fanout=9)        812                     -                                                                                                                                           
   RBB_16/C5                                RBB_6L       16  [TILE 0 0, RBB 13 14]          -     r            7480     {inst102: rx_LUT5_I0_3_I2_CARRY4_O_O_LUT2_I1_O_LUT4_O_2 (LUT,site=cluto)} {inst34: U_uart_rx.r_Clock_Count_FDRE_Q_15 (FDE,site=cffo)} 
   -------------------------------------------------------------------------------------------------------------------------------------------------------------------------------------------------------------------------------------------------------------
   RBB_16/CLK                               RBB_6L       16  [TILE 0 0, RBB 13 14]       1092     r            8572                                                                                                                                           
   clk                                      Clock net     5           (fanout=489)      -2321                     -                                                                                                                                           
   clk                                      CLOCK-PORT    -                      -    capture     r            6251                                                                                                                                           
   -------------------------------------------------------------------------------------------------------------------------------------------------------------------------------------------------------------------------------------------------------------


Path 118:
   Slack (not met):                         -4368ps
     Path type:                               SETUP
     Group:                              <UDEF_clk>
     Launching clock:                           clk (rising edge)
     Capturing clock:                           clk (rising edge)

     Requested period:                       2000ps
   + Delay of the capturing clock:           2272ps
   - Clock uncertainty:                       150ps
   = Required time:                          4122ps
   - Propagation time:                       6173ps (45.7% logic, 54.3% route, logic stage 2)
   - Delay of the launching clock:           2317ps
   = Slack:                                 -4368ps

   Instance/Pin or Net Name     Type         ID     Location or Fanout   Delay(ps)  Edge  Arrival Time(ps)    Instance detail                                                                            
   --------------------------------------------------------------------------------------------------------------------------------------------------------------------------------------------------------
   clk                          CLOCK-PORT    -                      -     launch     r               0                                                                                                  
   clk                          Clock net     5           (fanout=489)       2317                     -                                                                                                  
   RBB_5/CLK                    RBB_6L        5   [TILE 0 0, RBB 7 10]          -     r            2317                                                                                                  
   --------------------------------------------------------------------------------------------------------------------------------------------------------------------------------------------------------
   RBB_5/AQ                     RBB_6L        5   [TILE 0 0, RBB 7 10]        800     r            3117     {inst24: U_uart_rx.r_Bit_Index_FDRE_Q_2 (FDRE,site=aff)}                                     
   U_uart_rx.r_Bit_Index[0]     Net          37             (fanout=7)       1484                     -                                                                                                  
   RBB_5/A1                     RBB_6L        5   [TILE 0 0, RBB 7 10]          -     r            4601                                                                                                  
   RBB_5/CMUX                   RBB_6L        5   [TILE 0 0, RBB 7 10]       1391     r            5992     {inst68: rx_LUT3_I0_I2_CARRY4_O (CARRY4)}                                                    
   rx_LUT3_I0_I2_CARRY4_O_O[3]  Net           7             (fanout=4)       1867                     -                                                                                                  
   RBB_11/C3                    RBB_6L       11  [TILE 0 0, RBB 25 12]          -     r            7859     {inst115: rx_LUT5_I4 (LUT,site=cluto)} {inst47: U_uart_rx.r_RX_Byte_FDRE_Q_2 (FDE,site=cff)} 
   --------------------------------------------------------------------------------------------------------------------------------------------------------------------------------------------------------
   RBB_11/CLK                   RBB_6L       11  [TILE 0 0, RBB 25 12]        631     r            8490                                                                                                  
   clk                          Clock net     5           (fanout=489)      -2272                     -                                                                                                  
   clk                          CLOCK-PORT    -                      -    capture     r            6218                                                                                                  
   --------------------------------------------------------------------------------------------------------------------------------------------------------------------------------------------------------


Path 363:
   Slack (not met):                         -4329ps
     Path type:                               SETUP
     Group:                              <UDEF_clk>
     Launching clock:                           clk (rising edge)
     Capturing clock:                           clk (rising edge)

     Requested period:                       2000ps
   + Delay of the capturing clock:           2323ps
   - Clock uncertainty:                       150ps
   = Required time:                          4173ps
   - Propagation time:                       6178ps (60.0% logic, 40.0% route, logic stage 3)
   - Delay of the launching clock:           2324ps
   = Slack:                                 -4329ps

   Instance/Pin or Net Name                    Type         ID     Location or Fanout   Delay(ps)  Edge  Arrival Time(ps)    Instance detail                                                                                                                   
   --------------------------------------------------------------------------------------------------------------------------------------------------------------------------------------------------------------------------------------------------------------
   clk                                         CLOCK-PORT    -                      -     launch     r               0                                                                                                                                         
   clk                                         Clock net     5           (fanout=489)       2324                     -                                                                                                                                         
   RBB_18/CLK                                  RBB_6L       18  [TILE 0 0, RBB 13 16]          -     r            2324                                                                                                                                         
   --------------------------------------------------------------------------------------------------------------------------------------------------------------------------------------------------------------------------------------------------------------
   RBB_18/CQ                                   RBB_6L       18  [TILE 0 0, RBB 13 16]        800     r            3124     {inst36: U_uart_rx.r_Clock_Count_FDRE_Q_17 (FDE,site=cff)}                                                                          
   U_uart_rx.r_Clock_Count[0]                  Net          23             (fanout=4)       1339                     -                                                                                                                                         
   RBB_7/A1                                    RBB_6L        7  [TILE 0 0, RBB 13 12]          -     r            4463                                                                                                                                         
   RBB_7/COUT                                  RBB_6L        7  [TILE 0 0, RBB 13 12]       1287     r            5750     {inst81: rx_LUT5_I0_3_I2_CARRY4_O_CI_CARRY4_CO_CI_CARRY4_CO (CARRY4)}                                                               
   rx_LUT5_I0_3_I2_CARRY4_O_CI_CARRY4_CO_CI    Net          42             (fanout=1)          0                     -                                                                                                                                         
   RBB_8/CIN                                   RBB_6L        8  [TILE 0 0, RBB 16 12]          -     r            5750                                                                                                                                         
   RBB_8/DMUX                                  RBB_6L        8  [TILE 0 0, RBB 16 12]        790     r            6540     {inst80: rx_LUT5_I0_3_I2_CARRY4_O_CI_CARRY4_CO (CARRY4)}                                                                            
   rx_LUT5_I0_3_I2_CARRY4_O_CI_CARRY4_CO_O[2]  Net         164             (fanout=1)       1130                     -                                                                                                                                         
   RBB_17/B1                                   RBB_6L       17  [TILE 0 0, RBB 13 10]          -     r            7670     {inst106: rx_LUT5_I0_3_I2_CARRY4_O_O_LUT2_I1_O_LUT5_O_2 (LUT,site=blut)} {inst29: U_uart_rx.r_Clock_Count_FDRE_Q_10 (FDE,site=bff)} 
   --------------------------------------------------------------------------------------------------------------------------------------------------------------------------------------------------------------------------------------------------------------
   RBB_17/CLK                                  RBB_6L       17  [TILE 0 0, RBB 13 10]        832     r            8502                                                                                                                                         
   clk                                         Clock net     5           (fanout=489)      -2323                     -                                                                                                                                         
   clk                                         CLOCK-PORT    -                      -    capture     r            6179                                                                                                                                         
   --------------------------------------------------------------------------------------------------------------------------------------------------------------------------------------------------------------------------------------------------------------


Path 364:
   Slack (not met):                         -4325ps
     Path type:                               SETUP
     Group:                              <UDEF_clk>
     Launching clock:                           clk (rising edge)
     Capturing clock:                           clk (rising edge)

     Requested period:                       2000ps
   + Delay of the capturing clock:           2347ps
   - Clock uncertainty:                       150ps
   = Required time:                          4197ps
   - Propagation time:                       6198ps (59.3% logic, 40.7% route, logic stage 3)
   - Delay of the launching clock:           2324ps
   = Slack:                                 -4325ps

   Instance/Pin or Net Name                      Type         ID     Location or Fanout   Delay(ps)  Edge  Arrival Time(ps)    Instance detail                                                                                                                   
   ----------------------------------------------------------------------------------------------------------------------------------------------------------------------------------------------------------------------------------------------------------------
   clk                                           CLOCK-PORT    -                      -     launch     r               0                                                                                                                                         
   clk                                           Clock net     5           (fanout=489)       2324                     -                                                                                                                                         
   RBB_18/CLK                                    RBB_6L       18  [TILE 0 0, RBB 13 16]          -     r            2324                                                                                                                                         
   ----------------------------------------------------------------------------------------------------------------------------------------------------------------------------------------------------------------------------------------------------------------
   RBB_18/CQ                                     RBB_6L       18  [TILE 0 0, RBB 13 16]        800     r            3124     {inst36: U_uart_rx.r_Clock_Count_FDRE_Q_17 (FDE,site=cff)}                                                                          
   U_uart_rx.r_Clock_Count[0]                    Net          23             (fanout=4)       1339                     -                                                                                                                                         
   RBB_7/A1                                      RBB_6L        7  [TILE 0 0, RBB 13 12]          -     r            4463                                                                                                                                         
   RBB_7/COUT                                    RBB_6L        7  [TILE 0 0, RBB 13 12]       1287     r            5750     {inst81: rx_LUT5_I0_3_I2_CARRY4_O_CI_CARRY4_CO_CI_CARRY4_CO (CARRY4)}                                                               
   rx_LUT5_I0_3_I2_CARRY4_O_CI_CARRY4_CO_CI      Net          42             (fanout=1)          0                     -                                                                                                                                         
   RBB_8/CIN                                     RBB_6L        8  [TILE 0 0, RBB 16 12]          -     r            5750                                                                                                                                         
   RBB_8/CMUX                                    RBB_6L        8  [TILE 0 0, RBB 16 12]        752     r            6502     {inst80: rx_LUT5_I0_3_I2_CARRY4_O_CI_CARRY4_CO (CARRY4)}                                                                            
   rx_LUT5_I0_3_I2_CARRY4_O_CI_CARRY4_CO_O_1[2]  Net         152             (fanout=1)       1186                     -                                                                                                                                         
   RBB_19/D2                                     RBB_6L       19  [TILE 0 0, RBB 10 12]          -     r            7688     {inst107: rx_LUT5_I0_3_I2_CARRY4_O_O_LUT2_I1_O_LUT5_O_3 (LUT,site=dlut)} {inst30: U_uart_rx.r_Clock_Count_FDRE_Q_11 (FDE,site=dff)} 
   ----------------------------------------------------------------------------------------------------------------------------------------------------------------------------------------------------------------------------------------------------------------
   RBB_19/CLK                                    RBB_6L       19  [TILE 0 0, RBB 10 12]        834     r            8522                                                                                                                                         
   clk                                           Clock net     5           (fanout=489)      -2347                     -                                                                                                                                         
   clk                                           CLOCK-PORT    -                      -    capture     r            6175                                                                                                                                         
   ----------------------------------------------------------------------------------------------------------------------------------------------------------------------------------------------------------------------------------------------------------------


Path 78:
   Slack (not met):                         -4202ps
     Path type:                               SETUP
     Group:                              <UDEF_clk>
     Launching clock:                           clk (rising edge)
     Capturing clock:                           clk (rising edge)

     Requested period:                       2000ps
   + Delay of the capturing clock:           2321ps
   - Clock uncertainty:                       150ps
   = Required time:                          4171ps
   - Propagation time:                       6058ps (48.3% logic, 51.7% route, logic stage 3)
   - Delay of the launching clock:           2315ps
   = Slack:                                 -4202ps

   Instance/Pin or Net Name                 Type         ID     Location or Fanout   Delay(ps)  Edge  Arrival Time(ps)    Instance detail                                                                                                                   
   -----------------------------------------------------------------------------------------------------------------------------------------------------------------------------------------------------------------------------------------------------------
   clk                                      CLOCK-PORT    -                      -     launch     r               0                                                                                                                                         
   clk                                      Clock net     5           (fanout=489)       2315                     -                                                                                                                                         
   RBB_15/CLK                               RBB_6L       15   [TILE 0 0, RBB 7 14]          -     r            2315                                                                                                                                         
   -----------------------------------------------------------------------------------------------------------------------------------------------------------------------------------------------------------------------------------------------------------
   RBB_15/AQ                                RBB_6L       15   [TILE 0 0, RBB 7 14]        800     r            3115     {inst10: U_uart_rx.FSM_STATE_FDRE_Q (FD,site=aff)}                                                                                  
   U_uart_rx.FSM_STATE[2]                   Net          38             (fanout=9)       1430                     -                                                                                                                                         
   RBB_15/B3                                RBB_6L       15   [TILE 0 0, RBB 7 14]          -     r            4545                                                                                                                                         
   RBB_15/B                                 RBB_6L       15   [TILE 0 0, RBB 7 14]        604     r            5149     {inst91: rx_LUT5_I0_3_I2_CARRY4_O_O_2_MUXF7_O_I1_INV_O (LUT,site=blut)}                                                             
   rx_LUT5_I0_3_I2_CARRY4_O_O_2_MUXF7_O_I1  Net          73             (fanout=1)        893                     -                                                                                                                                         
   RBB_15/B1                                RBB_6L       15   [TILE 0 0, RBB 7 14]          -     r            6042                                                                                                                                         
   RBB_15/BMUX                              RBB_6L       15   [TILE 0 0, RBB 7 14]        626     r            6668     {inst90: rx_LUT5_I0_3_I2_CARRY4_O_O_2_MUXF7_O (LUT,site=bluto)}                                                                     
   rx_LUT5_I0_3_I2_CARRY4_O_O_2[0]          Net         157             (fanout=9)        812                     -                                                                                                                                         
   RBB_16/C5                                RBB_6L       16  [TILE 0 0, RBB 13 14]          -     r            7480     {inst101: rx_LUT5_I0_3_I2_CARRY4_O_O_LUT2_I1_O_LUT4_O_1 (LUT,site=clut)} {inst31: U_uart_rx.r_Clock_Count_FDRE_Q_12 (FDE,site=cff)} 
   -----------------------------------------------------------------------------------------------------------------------------------------------------------------------------------------------------------------------------------------------------------
   RBB_16/CLK                               RBB_6L       16  [TILE 0 0, RBB 13 14]        893     r            8373                                                                                                                                         
   clk                                      Clock net     5           (fanout=489)      -2321                     -                                                                                                                                         
   clk                                      CLOCK-PORT    -                      -    capture     r            6052                                                                                                                                         
   -----------------------------------------------------------------------------------------------------------------------------------------------------------------------------------------------------------------------------------------------------------


Path 114:
   Slack (not met):                         -4199ps
     Path type:                               SETUP
     Group:                              <UDEF_clk>
     Launching clock:                           clk (rising edge)
     Capturing clock:                           clk (rising edge)

     Requested period:                       2000ps
   + Delay of the capturing clock:           2208ps
   - Clock uncertainty:                       150ps
   = Required time:                          4058ps
   - Propagation time:                       5940ps (59.6% logic, 40.4% route, logic stage 2)
   - Delay of the launching clock:           2317ps
   = Slack:                                 -4199ps

   Instance/Pin or Net Name   Type         ID    Location or Fanout   Delay(ps)  Edge  Arrival Time(ps)    Instance detail                                                                          
   ---------------------------------------------------------------------------------------------------------------------------------------------------------------------------------------------------
   clk                        CLOCK-PORT    -                     -     launch     r               0                                                                                                
   clk                        Clock net     5          (fanout=489)       2317                     -                                                                                                
   RBB_5/CLK                  RBB_6L        5  [TILE 0 0, RBB 7 10]          -     r            2317                                                                                                
   ---------------------------------------------------------------------------------------------------------------------------------------------------------------------------------------------------
   RBB_5/AQ                   RBB_6L        5  [TILE 0 0, RBB 7 10]        800     r            3117     {inst24: U_uart_rx.r_Bit_Index_FDRE_Q_2 (FDRE,site=aff)}                                   
   U_uart_rx.r_Bit_Index[0]   Net          37            (fanout=7)       1484                     -                                                                                                
   RBB_5/A1                   RBB_6L        5  [TILE 0 0, RBB 7 10]          -     r            4601                                                                                                
   RBB_5/DMUX                 RBB_6L        5  [TILE 0 0, RBB 7 10]       1431     r            6032     {inst68: rx_LUT3_I0_I2_CARRY4_O (CARRY4)}                                                  
   rx_LUT3_I0_I2[4]           Net         121            (fanout=2)        917                     -                                                                                                
   RBB_20/A2                  RBB_6L       20  [TILE 0 0, RBB 13 8]          -     r            6949     {inst67: rx_LUT3_I0 (LUT,site=alut)} {inst52: U_uart_rx.r_RX_Byte_FDRE_Q_7 (FDE,site=aff)} 
   ---------------------------------------------------------------------------------------------------------------------------------------------------------------------------------------------------
   RBB_20/CLK                 RBB_6L       20  [TILE 0 0, RBB 13 8]       1308     r            8257                                                                                                
   clk                        Clock net     5          (fanout=489)      -2208                     -                                                                                                
   clk                        CLOCK-PORT    -                     -    capture     r            6049                                                                                                
   ---------------------------------------------------------------------------------------------------------------------------------------------------------------------------------------------------


Path 81:
   Slack (not met):                         -4198ps
     Path type:                               SETUP
     Group:                              <UDEF_clk>
     Launching clock:                           clk (rising edge)
     Capturing clock:                           clk (rising edge)

     Requested period:                       2000ps
   + Delay of the capturing clock:           2321ps
   - Clock uncertainty:                       150ps
   = Required time:                          4171ps
   - Propagation time:                       6054ps (48.2% logic, 51.8% route, logic stage 3)
   - Delay of the launching clock:           2315ps
   = Slack:                                 -4198ps

   Instance/Pin or Net Name                 Type         ID     Location or Fanout   Delay(ps)  Edge  Arrival Time(ps)    Instance detail                                                                                                                   
   -----------------------------------------------------------------------------------------------------------------------------------------------------------------------------------------------------------------------------------------------------------
   clk                                      CLOCK-PORT    -                      -     launch     r               0                                                                                                                                         
   clk                                      Clock net     5           (fanout=489)       2315                     -                                                                                                                                         
   RBB_15/CLK                               RBB_6L       15   [TILE 0 0, RBB 7 14]          -     r            2315                                                                                                                                         
   -----------------------------------------------------------------------------------------------------------------------------------------------------------------------------------------------------------------------------------------------------------
   RBB_15/AQ                                RBB_6L       15   [TILE 0 0, RBB 7 14]        800     r            3115     {inst10: U_uart_rx.FSM_STATE_FDRE_Q (FD,site=aff)}                                                                                  
   U_uart_rx.FSM_STATE[2]                   Net          38             (fanout=9)       1430                     -                                                                                                                                         
   RBB_15/B3                                RBB_6L       15   [TILE 0 0, RBB 7 14]          -     r            4545                                                                                                                                         
   RBB_15/B                                 RBB_6L       15   [TILE 0 0, RBB 7 14]        604     r            5149     {inst91: rx_LUT5_I0_3_I2_CARRY4_O_O_2_MUXF7_O_I1_INV_O (LUT,site=blut)}                                                             
   rx_LUT5_I0_3_I2_CARRY4_O_O_2_MUXF7_O_I1  Net          73             (fanout=1)        893                     -                                                                                                                                         
   RBB_15/B1                                RBB_6L       15   [TILE 0 0, RBB 7 14]          -     r            6042                                                                                                                                         
   RBB_15/BMUX                              RBB_6L       15   [TILE 0 0, RBB 7 14]        626     r            6668     {inst90: rx_LUT5_I0_3_I2_CARRY4_O_O_2_MUXF7_O (LUT,site=bluto)}                                                                     
   rx_LUT5_I0_3_I2_CARRY4_O_O_2[0]          Net         157             (fanout=9)        812                     -                                                                                                                                         
   RBB_16/A5                                RBB_6L       16  [TILE 0 0, RBB 13 14]          -     r            7480     {inst108: rx_LUT5_I0_3_I2_CARRY4_O_O_LUT2_I1_O_LUT5_O_4 (LUT,site=alut)} {inst33: U_uart_rx.r_Clock_Count_FDRE_Q_14 (FDE,site=aff)} 
   -----------------------------------------------------------------------------------------------------------------------------------------------------------------------------------------------------------------------------------------------------------
   RBB_16/CLK                               RBB_6L       16  [TILE 0 0, RBB 13 14]        889     r            8369                                                                                                                                         
   clk                                      Clock net     5           (fanout=489)      -2321                     -                                                                                                                                         
   clk                                      CLOCK-PORT    -                      -    capture     r            6048                                                                                                                                         
   -----------------------------------------------------------------------------------------------------------------------------------------------------------------------------------------------------------------------------------------------------------


Path 83:
   Slack (not met):                         -4150ps
     Path type:                               SETUP
     Group:                              <UDEF_clk>
     Launching clock:                           clk (rising edge)
     Capturing clock:                           clk (rising edge)

     Requested period:                       2000ps
   + Delay of the capturing clock:           2321ps
   - Clock uncertainty:                       150ps
   = Required time:                          4171ps
   - Propagation time:                       6006ps (47.8% logic, 52.2% route, logic stage 3)
   - Delay of the launching clock:           2315ps
   = Slack:                                 -4150ps

   Instance/Pin or Net Name                 Type         ID     Location or Fanout   Delay(ps)  Edge  Arrival Time(ps)    Instance detail                                                                                                                   
   -----------------------------------------------------------------------------------------------------------------------------------------------------------------------------------------------------------------------------------------------------------
   clk                                      CLOCK-PORT    -                      -     launch     r               0                                                                                                                                         
   clk                                      Clock net     5           (fanout=489)       2315                     -                                                                                                                                         
   RBB_15/CLK                               RBB_6L       15   [TILE 0 0, RBB 7 14]          -     r            2315                                                                                                                                         
   -----------------------------------------------------------------------------------------------------------------------------------------------------------------------------------------------------------------------------------------------------------
   RBB_15/AQ                                RBB_6L       15   [TILE 0 0, RBB 7 14]        800     r            3115     {inst10: U_uart_rx.FSM_STATE_FDRE_Q (FD,site=aff)}                                                                                  
   U_uart_rx.FSM_STATE[2]                   Net          38             (fanout=9)       1430                     -                                                                                                                                         
   RBB_15/B3                                RBB_6L       15   [TILE 0 0, RBB 7 14]          -     r            4545                                                                                                                                         
   RBB_15/B                                 RBB_6L       15   [TILE 0 0, RBB 7 14]        604     r            5149     {inst91: rx_LUT5_I0_3_I2_CARRY4_O_O_2_MUXF7_O_I1_INV_O (LUT,site=blut)}                                                             
   rx_LUT5_I0_3_I2_CARRY4_O_O_2_MUXF7_O_I1  Net          73             (fanout=1)        893                     -                                                                                                                                         
   RBB_15/B1                                RBB_6L       15   [TILE 0 0, RBB 7 14]          -     r            6042                                                                                                                                         
   RBB_15/BMUX                              RBB_6L       15   [TILE 0 0, RBB 7 14]        626     r            6668     {inst90: rx_LUT5_I0_3_I2_CARRY4_O_O_2_MUXF7_O (LUT,site=bluto)}                                                                     
   rx_LUT5_I0_3_I2_CARRY4_O_O_2[0]          Net         157             (fanout=9)        812                     -                                                                                                                                         
   RBB_16/B5                                RBB_6L       16  [TILE 0 0, RBB 13 14]          -     r            7480     {inst105: rx_LUT5_I0_3_I2_CARRY4_O_O_LUT2_I1_O_LUT5_O_1 (LUT,site=blut)} {inst32: U_uart_rx.r_Clock_Count_FDRE_Q_13 (FDE,site=bff)} 
   -----------------------------------------------------------------------------------------------------------------------------------------------------------------------------------------------------------------------------------------------------------
   RBB_16/CLK                               RBB_6L       16  [TILE 0 0, RBB 13 14]        841     r            8321                                                                                                                                         
   clk                                      Clock net     5           (fanout=489)      -2321                     -                                                                                                                                         
   clk                                      CLOCK-PORT    -                      -    capture     r            6000                                                                                                                                         
   -----------------------------------------------------------------------------------------------------------------------------------------------------------------------------------------------------------------------------------------------------------


Path 117:
   Slack (not met):                         -4068ps
     Path type:                               SETUP
     Group:                              <UDEF_clk>
     Launching clock:                           clk (rising edge)
     Capturing clock:                           clk (rising edge)

     Requested period:                       2000ps
   + Delay of the capturing clock:           2208ps
   - Clock uncertainty:                       150ps
   = Required time:                          4058ps
   - Propagation time:                       5809ps (58.6% logic, 41.4% route, logic stage 2)
   - Delay of the launching clock:           2317ps
   = Slack:                                 -4068ps

   Instance/Pin or Net Name     Type         ID    Location or Fanout   Delay(ps)  Edge  Arrival Time(ps)    Instance detail                                                                             
   --------------------------------------------------------------------------------------------------------------------------------------------------------------------------------------------------------
   clk                          CLOCK-PORT    -                     -     launch     r               0                                                                                                   
   clk                          Clock net     5          (fanout=489)       2317                     -                                                                                                   
   RBB_5/CLK                    RBB_6L        5  [TILE 0 0, RBB 7 10]          -     r            2317                                                                                                   
   --------------------------------------------------------------------------------------------------------------------------------------------------------------------------------------------------------
   RBB_5/AQ                     RBB_6L        5  [TILE 0 0, RBB 7 10]        800     r            3117     {inst24: U_uart_rx.r_Bit_Index_FDRE_Q_2 (FDRE,site=aff)}                                      
   U_uart_rx.r_Bit_Index[0]     Net          37            (fanout=7)       1484                     -                                                                                                   
   RBB_5/A1                     RBB_6L        5  [TILE 0 0, RBB 7 10]          -     r            4601                                                                                                   
   RBB_5/CMUX                   RBB_6L        5  [TILE 0 0, RBB 7 10]       1391     r            5992     {inst68: rx_LUT3_I0_I2_CARRY4_O (CARRY4)}                                                     
   rx_LUT3_I0_I2_CARRY4_O_O[3]  Net           7            (fanout=4)        923                     -                                                                                                   
   RBB_20/B2                    RBB_6L       20  [TILE 0 0, RBB 13 8]          -     r            6915     {inst116: rx_LUT5_I4_1 (LUT,site=blut)} {inst51: U_uart_rx.r_RX_Byte_FDRE_Q_6 (FDE,site=bff)} 
   --------------------------------------------------------------------------------------------------------------------------------------------------------------------------------------------------------
   RBB_20/CLK                   RBB_6L       20  [TILE 0 0, RBB 13 8]       1211     r            8126                                                                                                   
   clk                          Clock net     5          (fanout=489)      -2208                     -                                                                                                   
   clk                          CLOCK-PORT    -                     -    capture     r            5918                                                                                                   
   --------------------------------------------------------------------------------------------------------------------------------------------------------------------------------------------------------


Path 115:
   Slack (not met):                         -4055ps
     Path type:                               SETUP
     Group:                              <UDEF_clk>
     Launching clock:                           clk (rising edge)
     Capturing clock:                           clk (rising edge)

     Requested period:                       2000ps
   + Delay of the capturing clock:           2208ps
   - Clock uncertainty:                       150ps
   = Required time:                          4058ps
   - Propagation time:                       5796ps (58.0% logic, 42.0% route, logic stage 2)
   - Delay of the launching clock:           2317ps
   = Slack:                                 -4055ps

   Instance/Pin or Net Name     Type         ID    Location or Fanout   Delay(ps)  Edge  Arrival Time(ps)    Instance detail                                                                          
   -----------------------------------------------------------------------------------------------------------------------------------------------------------------------------------------------------
   clk                          CLOCK-PORT    -                     -     launch     r               0                                                                                                
   clk                          Clock net     5          (fanout=489)       2317                     -                                                                                                
   RBB_5/CLK                    RBB_6L        5  [TILE 0 0, RBB 7 10]          -     r            2317                                                                                                
   -----------------------------------------------------------------------------------------------------------------------------------------------------------------------------------------------------
   RBB_5/AQ                     RBB_6L        5  [TILE 0 0, RBB 7 10]        800     r            3117     {inst24: U_uart_rx.r_Bit_Index_FDRE_Q_2 (FDRE,site=aff)}                                   
   U_uart_rx.r_Bit_Index[0]     Net          37            (fanout=7)       1484                     -                                                                                                
   RBB_5/A1                     RBB_6L        5  [TILE 0 0, RBB 7 10]          -     r            4601                                                                                                
   RBB_5/CMUX                   RBB_6L        5  [TILE 0 0, RBB 7 10]       1391     r            5992     {inst68: rx_LUT3_I0_I2_CARRY4_O (CARRY4)}                                                  
   rx_LUT3_I0_I2_CARRY4_O_O[3]  Net           7            (fanout=4)        948                     -                                                                                                
   RBB_20/C2                    RBB_6L       20  [TILE 0 0, RBB 13 8]          -     r            6940     {inst75: rx_LUT5_I0 (LUT,site=clut)} {inst50: U_uart_rx.r_RX_Byte_FDRE_Q_5 (FDE,site=cff)} 
   -----------------------------------------------------------------------------------------------------------------------------------------------------------------------------------------------------
   RBB_20/CLK                   RBB_6L       20  [TILE 0 0, RBB 13 8]       1173     r            8113                                                                                                
   clk                          Clock net     5          (fanout=489)      -2208                     -                                                                                                
   clk                          CLOCK-PORT    -                     -    capture     r            5905                                                                                                
   -----------------------------------------------------------------------------------------------------------------------------------------------------------------------------------------------------


Path 77:
   Slack (not met):                         -3993ps
     Path type:                               SETUP
     Group:                              <UDEF_clk>
     Launching clock:                           clk (rising edge)
     Capturing clock:                           clk (rising edge)

     Requested period:                       2000ps
   + Delay of the capturing clock:           2347ps
   - Clock uncertainty:                       150ps
   = Required time:                          4197ps
   - Propagation time:                       5875ps (49.2% logic, 50.8% route, logic stage 3)
   - Delay of the launching clock:           2315ps
   = Slack:                                 -3993ps

   Instance/Pin or Net Name                 Type         ID     Location or Fanout   Delay(ps)  Edge  Arrival Time(ps)    Instance detail                                                                                                                   
   -----------------------------------------------------------------------------------------------------------------------------------------------------------------------------------------------------------------------------------------------------------
   clk                                      CLOCK-PORT    -                      -     launch     r               0                                                                                                                                         
   clk                                      Clock net     5           (fanout=489)       2315                     -                                                                                                                                         
   RBB_15/CLK                               RBB_6L       15   [TILE 0 0, RBB 7 14]          -     r            2315                                                                                                                                         
   -----------------------------------------------------------------------------------------------------------------------------------------------------------------------------------------------------------------------------------------------------------
   RBB_15/AQ                                RBB_6L       15   [TILE 0 0, RBB 7 14]        800     r            3115     {inst10: U_uart_rx.FSM_STATE_FDRE_Q (FD,site=aff)}                                                                                  
   U_uart_rx.FSM_STATE[2]                   Net          38             (fanout=9)       1430                     -                                                                                                                                         
   RBB_15/B3                                RBB_6L       15   [TILE 0 0, RBB 7 14]          -     r            4545                                                                                                                                         
   RBB_15/B                                 RBB_6L       15   [TILE 0 0, RBB 7 14]        604     r            5149     {inst91: rx_LUT5_I0_3_I2_CARRY4_O_O_2_MUXF7_O_I1_INV_O (LUT,site=blut)}                                                             
   rx_LUT5_I0_3_I2_CARRY4_O_O_2_MUXF7_O_I1  Net          73             (fanout=1)        893                     -                                                                                                                                         
   RBB_15/B1                                RBB_6L       15   [TILE 0 0, RBB 7 14]          -     r            6042                                                                                                                                         
   RBB_15/BMUX                              RBB_6L       15   [TILE 0 0, RBB 7 14]        626     r            6668     {inst90: rx_LUT5_I0_3_I2_CARRY4_O_O_2_MUXF7_O (LUT,site=bluto)}                                                                     
   rx_LUT5_I0_3_I2_CARRY4_O_O_2[0]          Net         157             (fanout=9)        661                     -                                                                                                                                         
   RBB_19/D1                                RBB_6L       19  [TILE 0 0, RBB 10 12]          -     r            7329     {inst107: rx_LUT5_I0_3_I2_CARRY4_O_O_LUT2_I1_O_LUT5_O_3 (LUT,site=dlut)} {inst30: U_uart_rx.r_Clock_Count_FDRE_Q_11 (FDE,site=dff)} 
   -----------------------------------------------------------------------------------------------------------------------------------------------------------------------------------------------------------------------------------------------------------
   RBB_19/CLK                               RBB_6L       19  [TILE 0 0, RBB 10 12]        861     r            8190                                                                                                                                         
   clk                                      Clock net     5           (fanout=489)      -2347                     -                                                                                                                                         
   clk                                      CLOCK-PORT    -                      -    capture     r            5843                                                                                                                                         
   -----------------------------------------------------------------------------------------------------------------------------------------------------------------------------------------------------------------------------------------------------------


Path 365:
   Slack (not met):                         -3983ps
     Path type:                               SETUP
     Group:                              <UDEF_clk>
     Launching clock:                           clk (rising edge)
     Capturing clock:                           clk (rising edge)

     Requested period:                       2000ps
   + Delay of the capturing clock:           2321ps
   - Clock uncertainty:                       150ps
   = Required time:                          4171ps
   - Propagation time:                       5830ps (61.3% logic, 38.7% route, logic stage 3)
   - Delay of the launching clock:           2324ps
   = Slack:                                 -3983ps

   Instance/Pin or Net Name                      Type         ID     Location or Fanout   Delay(ps)  Edge  Arrival Time(ps)    Instance detail                                                                                                                   
   ----------------------------------------------------------------------------------------------------------------------------------------------------------------------------------------------------------------------------------------------------------------
   clk                                           CLOCK-PORT    -                      -     launch     r               0                                                                                                                                         
   clk                                           Clock net     5           (fanout=489)       2324                     -                                                                                                                                         
   RBB_18/CLK                                    RBB_6L       18  [TILE 0 0, RBB 13 16]          -     r            2324                                                                                                                                         
   ----------------------------------------------------------------------------------------------------------------------------------------------------------------------------------------------------------------------------------------------------------------
   RBB_18/CQ                                     RBB_6L       18  [TILE 0 0, RBB 13 16]        800     r            3124     {inst36: U_uart_rx.r_Clock_Count_FDRE_Q_17 (FDE,site=cff)}                                                                          
   U_uart_rx.r_Clock_Count[0]                    Net          23             (fanout=4)       1339                     -                                                                                                                                         
   RBB_7/A1                                      RBB_6L        7  [TILE 0 0, RBB 13 12]          -     r            4463                                                                                                                                         
   RBB_7/COUT                                    RBB_6L        7  [TILE 0 0, RBB 13 12]       1287     r            5750     {inst81: rx_LUT5_I0_3_I2_CARRY4_O_CI_CARRY4_CO_CI_CARRY4_CO (CARRY4)}                                                               
   rx_LUT5_I0_3_I2_CARRY4_O_CI_CARRY4_CO_CI      Net          42             (fanout=1)          0                     -                                                                                                                                         
   RBB_8/CIN                                     RBB_6L        8  [TILE 0 0, RBB 16 12]          -     r            5750                                                                                                                                         
   RBB_8/BMUX                                    RBB_6L        8  [TILE 0 0, RBB 16 12]        653     r            6403     {inst80: rx_LUT5_I0_3_I2_CARRY4_O_CI_CARRY4_CO (CARRY4)}                                                                            
   rx_LUT5_I0_3_I2_CARRY4_O_CI_CARRY4_CO_O_2[2]  Net         140             (fanout=1)        919                     -                                                                                                                                         
   RBB_16/C1                                     RBB_6L       16  [TILE 0 0, RBB 13 14]          -     r            7322     {inst101: rx_LUT5_I0_3_I2_CARRY4_O_O_LUT2_I1_O_LUT4_O_1 (LUT,site=clut)} {inst31: U_uart_rx.r_Clock_Count_FDRE_Q_12 (FDE,site=cff)} 
   ----------------------------------------------------------------------------------------------------------------------------------------------------------------------------------------------------------------------------------------------------------------
   RBB_16/CLK                                    RBB_6L       16  [TILE 0 0, RBB 13 14]        832     r            8154                                                                                                                                         
   clk                                           Clock net     5           (fanout=489)      -2321                     -                                                                                                                                         
   clk                                           CLOCK-PORT    -                      -    capture     r            5833                                                                                                                                         
   ----------------------------------------------------------------------------------------------------------------------------------------------------------------------------------------------------------------------------------------------------------------


Path 366:
   Slack (not met):                         -3929ps
     Path type:                               SETUP
     Group:                              <UDEF_clk>
     Launching clock:                           clk (rising edge)
     Capturing clock:                           clk (rising edge)

     Requested period:                       2000ps
   + Delay of the capturing clock:           2321ps
   - Clock uncertainty:                       150ps
   = Required time:                          4171ps
   - Propagation time:                       5776ps (60.3% logic, 39.7% route, logic stage 3)
   - Delay of the launching clock:           2324ps
   = Slack:                                 -3929ps

   Instance/Pin or Net Name                      Type         ID     Location or Fanout   Delay(ps)  Edge  Arrival Time(ps)    Instance detail                                                                                                                   
   ----------------------------------------------------------------------------------------------------------------------------------------------------------------------------------------------------------------------------------------------------------------
   clk                                           CLOCK-PORT    -                      -     launch     r               0                                                                                                                                         
   clk                                           Clock net     5           (fanout=489)       2324                     -                                                                                                                                         
   RBB_18/CLK                                    RBB_6L       18  [TILE 0 0, RBB 13 16]          -     r            2324                                                                                                                                         
   ----------------------------------------------------------------------------------------------------------------------------------------------------------------------------------------------------------------------------------------------------------------
   RBB_18/CQ                                     RBB_6L       18  [TILE 0 0, RBB 13 16]        800     r            3124     {inst36: U_uart_rx.r_Clock_Count_FDRE_Q_17 (FDE,site=cff)}                                                                          
   U_uart_rx.r_Clock_Count[0]                    Net          23             (fanout=4)       1339                     -                                                                                                                                         
   RBB_7/A1                                      RBB_6L        7  [TILE 0 0, RBB 13 12]          -     r            4463                                                                                                                                         
   RBB_7/COUT                                    RBB_6L        7  [TILE 0 0, RBB 13 12]       1287     r            5750     {inst81: rx_LUT5_I0_3_I2_CARRY4_O_CI_CARRY4_CO_CI_CARRY4_CO (CARRY4)}                                                               
   rx_LUT5_I0_3_I2_CARRY4_O_CI_CARRY4_CO_CI      Net          42             (fanout=1)          0                     -                                                                                                                                         
   RBB_8/CIN                                     RBB_6L        8  [TILE 0 0, RBB 16 12]          -     r            5750                                                                                                                                         
   RBB_8/AMUX                                    RBB_6L        8  [TILE 0 0, RBB 16 12]        595     r            6345     {inst80: rx_LUT5_I0_3_I2_CARRY4_O_CI_CARRY4_CO (CARRY4)}                                                                            
   rx_LUT5_I0_3_I2_CARRY4_O_CI_CARRY4_CO_O_3[2]  Net         133             (fanout=1)        953                     -                                                                                                                                         
   RBB_16/B1                                     RBB_6L       16  [TILE 0 0, RBB 13 14]          -     r            7298     {inst105: rx_LUT5_I0_3_I2_CARRY4_O_O_LUT2_I1_O_LUT5_O_1 (LUT,site=blut)} {inst32: U_uart_rx.r_Clock_Count_FDRE_Q_13 (FDE,site=bff)} 
   ----------------------------------------------------------------------------------------------------------------------------------------------------------------------------------------------------------------------------------------------------------------
   RBB_16/CLK                                    RBB_6L       16  [TILE 0 0, RBB 13 14]        802     r            8100                                                                                                                                         
   clk                                           Clock net     5           (fanout=489)      -2321                     -                                                                                                                                         
   clk                                           CLOCK-PORT    -                      -    capture     r            5779                                                                                                                                         
   ----------------------------------------------------------------------------------------------------------------------------------------------------------------------------------------------------------------------------------------------------------------


Path 90:
   Slack (not met):                         -3923ps
     Path type:                               SETUP
     Group:                              <UDEF_clk>
     Launching clock:                           clk (rising edge)
     Capturing clock:                           clk (rising edge)

     Requested period:                       2000ps
   + Delay of the capturing clock:           2348ps
   - Clock uncertainty:                       150ps
   = Required time:                          4198ps
   - Propagation time:                       5806ps (44.9% logic, 55.1% route, logic stage 3)
   - Delay of the launching clock:           2315ps
   = Slack:                                 -3923ps

   Instance/Pin or Net Name                 Type         ID     Location or Fanout   Delay(ps)  Edge  Arrival Time(ps)    Instance detail                                                                                                      
   ----------------------------------------------------------------------------------------------------------------------------------------------------------------------------------------------------------------------------------------------
   clk                                      CLOCK-PORT    -                      -     launch     r               0                                                                                                                            
   clk                                      Clock net     5           (fanout=489)       2315                     -                                                                                                                            
   RBB_15/CLK                               RBB_6L       15   [TILE 0 0, RBB 7 14]          -     r            2315                                                                                                                            
   ----------------------------------------------------------------------------------------------------------------------------------------------------------------------------------------------------------------------------------------------
   RBB_15/AQ                                RBB_6L       15   [TILE 0 0, RBB 7 14]        800     r            3115     {inst10: U_uart_rx.FSM_STATE_FDRE_Q (FD,site=aff)}                                                                     
   U_uart_rx.FSM_STATE[2]                   Net          38             (fanout=9)       1430                     -                                                                                                                            
   RBB_15/B3                                RBB_6L       15   [TILE 0 0, RBB 7 14]          -     r            4545                                                                                                                            
   RBB_15/B                                 RBB_6L       15   [TILE 0 0, RBB 7 14]        604     r            5149     {inst91: rx_LUT5_I0_3_I2_CARRY4_O_O_2_MUXF7_O_I1_INV_O (LUT,site=blut)}                                                
   rx_LUT5_I0_3_I2_CARRY4_O_O_2_MUXF7_O_I1  Net          73             (fanout=1)        893                     -                                                                                                                            
   RBB_15/B1                                RBB_6L       15   [TILE 0 0, RBB 7 14]          -     r            6042                                                                                                                            
   RBB_15/BMUX                              RBB_6L       15   [TILE 0 0, RBB 7 14]        626     r            6668     {inst90: rx_LUT5_I0_3_I2_CARRY4_O_O_2_MUXF7_O (LUT,site=bluto)}                                                        
   rx_LUT5_I0_3_I2_CARRY4_O_O_2[0]          Net         157             (fanout=9)        876                     -                                                                                                                            
   RBB_13/B3                                RBB_6L       13  [TILE 0 0, RBB 10 10]          -     r            7544     {inst14: U_uart_rx.FSM_STATE_FDRE_Q_D_MUXF8_O_1 (LUT,site=bluto)} {inst11: U_uart_rx.FSM_STATE_FDRE_Q_1 (FD,site=bff)} 
   ----------------------------------------------------------------------------------------------------------------------------------------------------------------------------------------------------------------------------------------------
   RBB_13/CLK                               RBB_6L       13  [TILE 0 0, RBB 10 10]        577     r            8121                                                                                                                            
   clk                                      Clock net     5           (fanout=489)      -2348                     -                                                                                                                            
   clk                                      CLOCK-PORT    -                      -    capture     r            5773                                                                                                                            
   ----------------------------------------------------------------------------------------------------------------------------------------------------------------------------------------------------------------------------------------------


Path 91:
   Slack (not met):                         -3901ps
     Path type:                               SETUP
     Group:                              <UDEF_clk>
     Launching clock:                           clk (rising edge)
     Capturing clock:                           clk (rising edge)

     Requested period:                       2000ps
   + Delay of the capturing clock:           2317ps
   - Clock uncertainty:                       150ps
   = Required time:                          4167ps
   - Propagation time:                       5751ps (44.9% logic, 55.1% route, logic stage 2)
   - Delay of the launching clock:           2317ps
   = Slack:                                 -3901ps

   Instance/Pin or Net Name             Type         ID    Location or Fanout   Delay(ps)  Edge  Arrival Time(ps)    Instance detail                                                                                                            
   -----------------------------------------------------------------------------------------------------------------------------------------------------------------------------------------------------------------------------------------------
   clk                                  CLOCK-PORT    -                     -     launch     r               0                                                                                                                                  
   clk                                  Clock net     5          (fanout=489)       2317                     -                                                                                                                                  
   RBB_5/CLK                            RBB_6L        5  [TILE 0 0, RBB 7 10]          -     r            2317                                                                                                                                  
   -----------------------------------------------------------------------------------------------------------------------------------------------------------------------------------------------------------------------------------------------
   RBB_5/AQ                             RBB_6L        5  [TILE 0 0, RBB 7 10]        800     r            3117     {inst24: U_uart_rx.r_Bit_Index_FDRE_Q_2 (FDRE,site=aff)}                                                                     
   U_uart_rx.r_Bit_Index[0]             Net          37            (fanout=7)       1779                     -                                                                                                                                  
   RBB_6/A1                             RBB_6L        6  [TILE 0 0, RBB 7 12]          -     r            4896                                                                                                                                  
   RBB_6/BQ                             RBB_6L        6  [TILE 0 0, RBB 7 12]       1276     r            6172     {inst74: rx_LUT3_I2_O_CARRY4_O (CARRY4)}                                                                                     
   U_uart_rx.r_Bit_Index_FDRE_Q_1_D[1]  Net          52            (fanout=5)       1391                     -                                                                                                                                  
   RBB_5/C2                             RBB_6L        5  [TILE 0 0, RBB 7 10]          -     r            7563     {inst149: U_uart_rx.r_Bit_Index_FDRE_Q_1_buf149_i (LUT,site=cluto)} {inst23: U_uart_rx.r_Bit_Index_FDRE_Q_1 (FDRE,site=cff)} 
   -----------------------------------------------------------------------------------------------------------------------------------------------------------------------------------------------------------------------------------------------
   RBB_5/CLK                            RBB_6L        5  [TILE 0 0, RBB 7 10]        505     r            8068                                                                                                                                  
   clk                                  Clock net     5          (fanout=489)      -2317                     -                                                                                                                                  
   clk                                  CLOCK-PORT    -                     -    capture     r            5751                                                                                                                                  
   -----------------------------------------------------------------------------------------------------------------------------------------------------------------------------------------------------------------------------------------------


Path 101:
   Slack (not met):                         -3860ps
     Path type:                               SETUP
     Group:                              <UDEF_clk>
     Launching clock:                           clk (rising edge)
     Capturing clock:                           clk (rising edge)

     Requested period:                       2000ps
   + Delay of the capturing clock:           2347ps
   - Clock uncertainty:                       150ps
   = Required time:                          4197ps
   - Propagation time:                       5740ps (49.1% logic, 50.9% route, logic stage 2)
   - Delay of the launching clock:           2317ps
   = Slack:                                 -3860ps

   Instance/Pin or Net Name             Type         ID     Location or Fanout   Delay(ps)  Edge  Arrival Time(ps)    Instance detail                                                                             
   -----------------------------------------------------------------------------------------------------------------------------------------------------------------------------------------------------------------
   clk                                  CLOCK-PORT    -                      -     launch     r               0                                                                                                   
   clk                                  Clock net     5           (fanout=489)       2317                     -                                                                                                   
   RBB_5/CLK                            RBB_6L        5   [TILE 0 0, RBB 7 10]          -     r            2317                                                                                                   
   -----------------------------------------------------------------------------------------------------------------------------------------------------------------------------------------------------------------
   RBB_5/AQ                             RBB_6L        5   [TILE 0 0, RBB 7 10]        800     r            3117     {inst24: U_uart_rx.r_Bit_Index_FDRE_Q_2 (FDRE,site=aff)}                                      
   U_uart_rx.r_Bit_Index[0]             Net          37             (fanout=7)       1779                     -                                                                                                   
   RBB_6/A1                             RBB_6L        6   [TILE 0 0, RBB 7 12]          -     r            4896                                                                                                   
   RBB_6/BQ                             RBB_6L        6   [TILE 0 0, RBB 7 12]       1276     r            6172     {inst74: rx_LUT3_I2_O_CARRY4_O (CARRY4)}                                                      
   U_uart_rx.r_Bit_Index_FDRE_Q_1_D[1]  Net          52             (fanout=5)       1143                     -                                                                                                   
   RBB_12/D4                            RBB_6L       12  [TILE 0 0, RBB 10 14]          -     r            7315     {inst77: rx_LUT5_I0_2 (LUT,site=dluto)} {inst48: U_uart_rx.r_RX_Byte_FDRE_Q_3 (FDE,site=dff)} 
   -----------------------------------------------------------------------------------------------------------------------------------------------------------------------------------------------------------------
   RBB_12/CLK                           RBB_6L       12  [TILE 0 0, RBB 10 14]        742     r            8057                                                                                                   
   clk                                  Clock net     5           (fanout=489)      -2347                     -                                                                                                   
   clk                                  CLOCK-PORT    -                      -    capture     r            5710                                                                                                   
   -----------------------------------------------------------------------------------------------------------------------------------------------------------------------------------------------------------------


Path 188:
   Slack (not met):                         -3802ps
     Path type:                               SETUP
     Group:                              <UDEF_clk>
     Launching clock:                           clk (rising edge)
     Capturing clock:                           clk (rising edge)

     Requested period:                       2000ps
   + Delay of the capturing clock:           2305ps
   - Clock uncertainty:                       150ps
   = Required time:                          4155ps
   - Propagation time:                       5610ps (53.8% logic, 46.2% route, logic stage 2)
   - Delay of the launching clock:           2347ps
   = Slack:                                 -3802ps

   Instance/Pin or Net Name     Type         ID     Location or Fanout   Delay(ps)  Edge  Arrival Time(ps)    Instance detail                                                                                                       
   -----------------------------------------------------------------------------------------------------------------------------------------------------------------------------------------------------------------------------------
   clk                          CLOCK-PORT    -                      -     launch     r               0                                                                                                                             
   clk                          Clock net     5           (fanout=489)       2347                     -                                                                                                                             
   RBB_19/CLK                   RBB_6L       19  [TILE 0 0, RBB 10 12]          -     r            2347                                                                                                                             
   -----------------------------------------------------------------------------------------------------------------------------------------------------------------------------------------------------------------------------------
   RBB_19/AQ                    RBB_6L       19  [TILE 0 0, RBB 10 12]        800     r            3147     {inst39: U_uart_rx.r_Clock_Count_FDRE_Q_4 (FDE,site=aff)}                                                               
   U_uart_rx.r_Clock_Count[13]  Net          28             (fanout=2)       1437                     -                                                                                                                             
   RBB_12/C5                    RBB_6L       12  [TILE 0 0, RBB 10 14]          -     r            4584                                                                                                                             
   RBB_12/C                     RBB_6L       12  [TILE 0 0, RBB 10 14]        741     r            5325     {inst114: rx_LUT5_I0_3_I3_LUT6_O (LUT,site=clut,cluto)}                                                                 
   rx_LUT5_I0_3_I3[1]           Net          60             (fanout=3)       1154                     -                                                                                                                             
   RBB_14/C1                    RBB_6L       14    [TILE 0 0, RBB 7 8]          -     r            6479     {inst16: U_uart_rx.FSM_STATE_FDRE_Q_D_MUXF8_O_2 (MUXF,site=muxf8)} {inst12: U_uart_rx.FSM_STATE_FDRE_Q_2 (FD,site=bff)} 
   -----------------------------------------------------------------------------------------------------------------------------------------------------------------------------------------------------------------------------------
   RBB_14/CLK                   RBB_6L       14    [TILE 0 0, RBB 7 8]       1478     r            7957                                                                                                                             
   clk                          Clock net     5           (fanout=489)      -2305                     -                                                                                                                             
   clk                          CLOCK-PORT    -                      -    capture     r            5652                                                                                                                             
   -----------------------------------------------------------------------------------------------------------------------------------------------------------------------------------------------------------------------------------


Path 93:
   Slack (not met):                         -3673ps
     Path type:                               SETUP
     Group:                              <UDEF_clk>
     Launching clock:                           clk (rising edge)
     Capturing clock:                           clk (rising edge)

     Requested period:                       2000ps
   + Delay of the capturing clock:           2323ps
   - Clock uncertainty:                       150ps
   = Required time:                          4173ps
   - Propagation time:                       5498ps (50.4% logic, 49.6% route, logic stage 2)
   - Delay of the launching clock:           2348ps
   = Slack:                                 -3673ps

   Instance/Pin or Net Name   Type         ID     Location or Fanout   Delay(ps)  Edge  Arrival Time(ps)    Instance detail                                                                                                          
   ------------------------------------------------------------------------------------------------------------------------------------------------------------------------------------------------------------------------------------
   clk                        CLOCK-PORT    -                      -     launch     r               0                                                                                                                                
   clk                        Clock net     5           (fanout=489)       2348                     -                                                                                                                                
   RBB_13/CLK                 RBB_6L       13  [TILE 0 0, RBB 10 10]          -     r            2348                                                                                                                                
   ------------------------------------------------------------------------------------------------------------------------------------------------------------------------------------------------------------------------------------
   RBB_13/BQ                  RBB_6L       13  [TILE 0 0, RBB 10 10]        800     r            3148     {inst11: U_uart_rx.FSM_STATE_FDRE_Q_1 (FD,site=bff)}                                                                       
   U_uart_rx.FSM_STATE[1]     Net          40             (fanout=8)       1635                     -                                                                                                                                
   RBB_15/C5                  RBB_6L       15   [TILE 0 0, RBB 7 14]          -     r            4783                                                                                                                                
   RBB_15/CMUX                RBB_6L       15   [TILE 0 0, RBB 7 14]        862     r            5645     {inst109: rx_LUT5_I0_3_I2_LUT3_O (LUT,site=cluto)}                                                                         
   rx_LUT5_I0_3_I2[0]         Net         167            (fanout=13)       1090                     -                                                                                                                                
   RBB_17/A5                  RBB_6L       17  [TILE 0 0, RBB 13 10]          -     r            6735     {inst85: rx_LUT5_I0_3_I2_CARRY4_O_O_1_LUT2_I1 (LUT,site=aluto)} {inst43: U_uart_rx.r_Clock_Count_FDRE_Q_8 (FDE,site=affo)} 
   ------------------------------------------------------------------------------------------------------------------------------------------------------------------------------------------------------------------------------------
   RBB_17/CLK                 RBB_6L       17  [TILE 0 0, RBB 13 10]       1111     r            7846                                                                                                                                
   clk                        Clock net     5           (fanout=489)      -2323                     -                                                                                                                                
   clk                        CLOCK-PORT    -                      -    capture     r            5523                                                                                                                                
   ------------------------------------------------------------------------------------------------------------------------------------------------------------------------------------------------------------------------------------


Path 99:
   Slack (not met):                         -3659ps
     Path type:                               SETUP
     Group:                              <UDEF_clk>
     Launching clock:                           clk (rising edge)
     Capturing clock:                           clk (rising edge)

     Requested period:                       2000ps
   + Delay of the capturing clock:           2321ps
   - Clock uncertainty:                       150ps
   = Required time:                          4171ps
   - Propagation time:                       5513ps (47.9% logic, 52.1% route, logic stage 2)
   - Delay of the launching clock:           2317ps
   = Slack:                                 -3659ps

   Instance/Pin or Net Name   Type         ID     Location or Fanout   Delay(ps)  Edge  Arrival Time(ps)    Instance detail                                                                                  
   ------------------------------------------------------------------------------------------------------------------------------------------------------------------------------------------------------------
   clk                        CLOCK-PORT    -                      -     launch     r               0                                                                                                        
   clk                        Clock net     5           (fanout=489)       2317                     -                                                                                                        
   RBB_5/CLK                  RBB_6L        5   [TILE 0 0, RBB 7 10]          -     r            2317                                                                                                        
   ------------------------------------------------------------------------------------------------------------------------------------------------------------------------------------------------------------
   RBB_5/AQ                   RBB_6L        5   [TILE 0 0, RBB 7 10]        800     r            3117     {inst24: U_uart_rx.r_Bit_Index_FDRE_Q_2 (FDRE,site=aff)}                                           
   U_uart_rx.r_Bit_Index[0]   Net          37             (fanout=7)       1779                     -                                                                                                        
   RBB_6/A1                   RBB_6L        6   [TILE 0 0, RBB 7 12]          -     r            4896                                                                                                        
   RBB_6/DQ                   RBB_6L        6   [TILE 0 0, RBB 7 12]       1325     r            6221     {inst74: rx_LUT3_I2_O_CARRY4_O (CARRY4)}                                                           
   rx_LUT3_I2_O[1]            Net         131             (fanout=2)       1092                     -                                                                                                        
   RBB_7/D3                   RBB_6L        7  [TILE 0 0, RBB 13 12]          -     r            7313     {inst71: rx_LUT3_I0_O_LUT3_O (LUT,site=dluto)} {inst45: U_uart_rx.r_RX_Byte_FDRE_Q (FDE,site=dff)} 
   ------------------------------------------------------------------------------------------------------------------------------------------------------------------------------------------------------------
   RBB_7/CLK                  RBB_6L        7  [TILE 0 0, RBB 13 12]        517     r            7830                                                                                                        
   clk                        Clock net     5           (fanout=489)      -2321                     -                                                                                                        
   clk                        CLOCK-PORT    -                      -    capture     r            5509                                                                                                        
   ------------------------------------------------------------------------------------------------------------------------------------------------------------------------------------------------------------


Path 96:
   Slack (not met):                         -3656ps
     Path type:                               SETUP
     Group:                              <UDEF_clk>
     Launching clock:                           clk (rising edge)
     Capturing clock:                           clk (rising edge)

     Requested period:                       2000ps
   + Delay of the capturing clock:           2323ps
   - Clock uncertainty:                       150ps
   = Required time:                          4173ps
   - Propagation time:                       5481ps (50.3% logic, 49.7% route, logic stage 2)
   - Delay of the launching clock:           2348ps
   = Slack:                                 -3656ps

   Instance/Pin or Net Name   Type         ID     Location or Fanout   Delay(ps)  Edge  Arrival Time(ps)    Instance detail                                                                                                        
   ----------------------------------------------------------------------------------------------------------------------------------------------------------------------------------------------------------------------------------
   clk                        CLOCK-PORT    -                      -     launch     r               0                                                                                                                              
   clk                        Clock net     5           (fanout=489)       2348                     -                                                                                                                              
   RBB_13/CLK                 RBB_6L       13  [TILE 0 0, RBB 10 10]          -     r            2348                                                                                                                              
   ----------------------------------------------------------------------------------------------------------------------------------------------------------------------------------------------------------------------------------
   RBB_13/BQ                  RBB_6L       13  [TILE 0 0, RBB 10 10]        800     r            3148     {inst11: U_uart_rx.FSM_STATE_FDRE_Q_1 (FD,site=bff)}                                                                     
   U_uart_rx.FSM_STATE[1]     Net          40             (fanout=8)       1635                     -                                                                                                                              
   RBB_15/C5                  RBB_6L       15   [TILE 0 0, RBB 7 14]          -     r            4783                                                                                                                              
   RBB_15/CMUX                RBB_6L       15   [TILE 0 0, RBB 7 14]        862     r            5645     {inst109: rx_LUT5_I0_3_I2_LUT3_O (LUT,site=cluto)}                                                                       
   rx_LUT5_I0_3_I2[0]         Net         167            (fanout=13)       1090                     -                                                                                                                              
   RBB_17/C5                  RBB_6L       17  [TILE 0 0, RBB 13 10]          -     r            6735     {inst92: rx_LUT5_I0_3_I2_CARRY4_O_O_LUT2_I1 (LUT,site=cluto)} {inst41: U_uart_rx.r_Clock_Count_FDRE_Q_6 (FDE,site=cffo)} 
   ----------------------------------------------------------------------------------------------------------------------------------------------------------------------------------------------------------------------------------
   RBB_17/CLK                 RBB_6L       17  [TILE 0 0, RBB 13 10]       1094     r            7829                                                                                                                              
   clk                        Clock net     5           (fanout=489)      -2323                     -                                                                                                                              
   clk                        CLOCK-PORT    -                      -    capture     r            5506                                                                                                                              
   ----------------------------------------------------------------------------------------------------------------------------------------------------------------------------------------------------------------------------------


Path 116:
   Slack (not met):                         -3601ps
     Path type:                               SETUP
     Group:                              <UDEF_clk>
     Launching clock:                           clk (rising edge)
     Capturing clock:                           clk (rising edge)

     Requested period:                       2000ps
   + Delay of the capturing clock:           2347ps
   - Clock uncertainty:                       150ps
   = Required time:                          4197ps
   - Propagation time:                       5481ps (53.2% logic, 46.8% route, logic stage 2)
   - Delay of the launching clock:           2317ps
   = Slack:                                 -3601ps

   Instance/Pin or Net Name   Type         ID     Location or Fanout   Delay(ps)  Edge  Arrival Time(ps)    Instance detail                                                                             
   -------------------------------------------------------------------------------------------------------------------------------------------------------------------------------------------------------
   clk                        CLOCK-PORT    -                      -     launch     r               0                                                                                                   
   clk                        Clock net     5           (fanout=489)       2317                     -                                                                                                   
   RBB_5/CLK                  RBB_6L        5   [TILE 0 0, RBB 7 10]          -     r            2317                                                                                                   
   -------------------------------------------------------------------------------------------------------------------------------------------------------------------------------------------------------
   RBB_5/AQ                   RBB_6L        5   [TILE 0 0, RBB 7 10]        800     r            3117     {inst24: U_uart_rx.r_Bit_Index_FDRE_Q_2 (FDRE,site=aff)}                                      
   U_uart_rx.r_Bit_Index[0]   Net          37             (fanout=7)       1484                     -                                                                                                   
   RBB_5/A1                   RBB_6L        5   [TILE 0 0, RBB 7 10]          -     r            4601                                                                                                   
   RBB_5/DMUX                 RBB_6L        5   [TILE 0 0, RBB 7 10]       1431     r            6032     {inst68: rx_LUT3_I0_I2_CARRY4_O (CARRY4)}                                                     
   rx_LUT3_I0_I2[4]           Net         121             (fanout=2)       1083                     -                                                                                                   
   RBB_12/D5                  RBB_6L       12  [TILE 0 0, RBB 10 14]          -     r            7115     {inst77: rx_LUT5_I0_2 (LUT,site=dluto)} {inst48: U_uart_rx.r_RX_Byte_FDRE_Q_3 (FDE,site=dff)} 
   -------------------------------------------------------------------------------------------------------------------------------------------------------------------------------------------------------
   RBB_12/CLK                 RBB_6L       12  [TILE 0 0, RBB 10 14]        683     r            7798                                                                                                   
   clk                        Clock net     5           (fanout=489)      -2347                     -                                                                                                   
   clk                        CLOCK-PORT    -                      -    capture     r            5451                                                                                                   
   -------------------------------------------------------------------------------------------------------------------------------------------------------------------------------------------------------


Path 100:
   Slack (not met):                         -3596ps
     Path type:                               SETUP
     Group:                              <UDEF_clk>
     Launching clock:                           clk (rising edge)
     Capturing clock:                           clk (rising edge)

     Requested period:                       2000ps
   + Delay of the capturing clock:           2317ps
   - Clock uncertainty:                       150ps
   = Required time:                          4167ps
   - Propagation time:                       5446ps (47.5% logic, 52.5% route, logic stage 2)
   - Delay of the launching clock:           2317ps
   = Slack:                                 -3596ps

   Instance/Pin or Net Name           Type         ID    Location or Fanout   Delay(ps)  Edge  Arrival Time(ps)    Instance detail                                                                                                        
   -----------------------------------------------------------------------------------------------------------------------------------------------------------------------------------------------------------------------------------------
   clk                                CLOCK-PORT    -                     -     launch     r               0                                                                                                                              
   clk                                Clock net     5          (fanout=489)       2317                     -                                                                                                                              
   RBB_5/CLK                          RBB_6L        5  [TILE 0 0, RBB 7 10]          -     r            2317                                                                                                                              
   -----------------------------------------------------------------------------------------------------------------------------------------------------------------------------------------------------------------------------------------
   RBB_5/AQ                           RBB_6L        5  [TILE 0 0, RBB 7 10]        800     r            3117     {inst24: U_uart_rx.r_Bit_Index_FDRE_Q_2 (FDRE,site=aff)}                                                                 
   U_uart_rx.r_Bit_Index[0]           Net          37            (fanout=7)       1779                     -                                                                                                                              
   RBB_6/A1                           RBB_6L        6  [TILE 0 0, RBB 7 12]          -     r            4896                                                                                                                              
   RBB_6/CQ                           RBB_6L        6  [TILE 0 0, RBB 7 12]       1272     r            6168     {inst74: rx_LUT3_I2_O_CARRY4_O (CARRY4)}                                                                                 
   U_uart_rx.r_Bit_Index_FDRE_Q_D[2]  Net         144            (fanout=1)       1078                     -                                                                                                                              
   RBB_5/D1                           RBB_6L        5  [TILE 0 0, RBB 7 10]          -     r            7246     {inst148: U_uart_rx.r_Bit_Index_FDRE_Q_buf148_i (LUT,site=dluto)} {inst22: U_uart_rx.r_Bit_Index_FDRE_Q (FDRE,site=dff)} 
   -----------------------------------------------------------------------------------------------------------------------------------------------------------------------------------------------------------------------------------------
   RBB_5/CLK                          RBB_6L        5  [TILE 0 0, RBB 7 10]        517     r            7763                                                                                                                              
   clk                                Clock net     5          (fanout=489)      -2317                     -                                                                                                                              
   clk                                CLOCK-PORT    -                     -    capture     r            5446                                                                                                                              
   -----------------------------------------------------------------------------------------------------------------------------------------------------------------------------------------------------------------------------------------


Path 104:
   Slack (not met):                         -3562ps
     Path type:                               SETUP
     Group:                              <UDEF_clk>
     Launching clock:                           clk (rising edge)
     Capturing clock:                           clk (rising edge)

     Requested period:                       2000ps
   + Delay of the capturing clock:           2324ps
   - Clock uncertainty:                       150ps
   = Required time:                          4174ps
   - Propagation time:                       5388ps (47.5% logic, 52.5% route, logic stage 2)
   - Delay of the launching clock:           2348ps
   = Slack:                                 -3562ps

   Instance/Pin or Net Name   Type         ID     Location or Fanout   Delay(ps)  Edge  Arrival Time(ps)    Instance detail                                                                                                                 
   -------------------------------------------------------------------------------------------------------------------------------------------------------------------------------------------------------------------------------------------
   clk                        CLOCK-PORT    -                      -     launch     r               0                                                                                                                                       
   clk                        Clock net     5           (fanout=489)       2348                     -                                                                                                                                       
   RBB_13/CLK                 RBB_6L       13  [TILE 0 0, RBB 10 10]          -     r            2348                                                                                                                                       
   -------------------------------------------------------------------------------------------------------------------------------------------------------------------------------------------------------------------------------------------
   RBB_13/BQ                  RBB_6L       13  [TILE 0 0, RBB 10 10]        800     r            3148     {inst11: U_uart_rx.FSM_STATE_FDRE_Q_1 (FD,site=bff)}                                                                              
   U_uart_rx.FSM_STATE[1]     Net          40             (fanout=8)       1635                     -                                                                                                                                       
   RBB_15/C5                  RBB_6L       15   [TILE 0 0, RBB 7 14]          -     r            4783                                                                                                                                       
   RBB_15/CMUX                RBB_6L       15   [TILE 0 0, RBB 7 14]        862     r            5645     {inst109: rx_LUT5_I0_3_I2_LUT3_O (LUT,site=cluto)}                                                                                
   rx_LUT5_I0_3_I2[0]         Net         167            (fanout=13)       1192                     -                                                                                                                                       
   RBB_18/D4                  RBB_6L       18  [TILE 0 0, RBB 13 16]          -     r            6837     {inst104: rx_LUT5_I0_3_I2_CARRY4_O_O_LUT2_I1_O_LUT5_O (LUT,site=dlut)} {inst35: U_uart_rx.r_Clock_Count_FDRE_Q_16 (FDE,site=dff)} 
   -------------------------------------------------------------------------------------------------------------------------------------------------------------------------------------------------------------------------------------------
   RBB_18/CLK                 RBB_6L       18  [TILE 0 0, RBB 13 16]        899     r            7736                                                                                                                                       
   clk                        Clock net     5           (fanout=489)      -2324                     -                                                                                                                                       
   clk                        CLOCK-PORT    -                      -    capture     r            5412                                                                                                                                       
   -------------------------------------------------------------------------------------------------------------------------------------------------------------------------------------------------------------------------------------------


Path 119:
   Slack (not met):                         -3518ps
     Path type:                               SETUP
     Group:                              <UDEF_clk>
     Launching clock:                           clk (rising edge)
     Capturing clock:                           clk (rising edge)

     Requested period:                       2000ps
   + Delay of the capturing clock:           2321ps
   - Clock uncertainty:                       150ps
   = Required time:                          4171ps
   - Propagation time:                       5372ps (50.2% logic, 49.8% route, logic stage 2)
   - Delay of the launching clock:           2317ps
   = Slack:                                 -3518ps

   Instance/Pin or Net Name     Type         ID     Location or Fanout   Delay(ps)  Edge  Arrival Time(ps)    Instance detail                                                                                    
   ----------------------------------------------------------------------------------------------------------------------------------------------------------------------------------------------------------------
   clk                          CLOCK-PORT    -                      -     launch     r               0                                                                                                          
   clk                          Clock net     5           (fanout=489)       2317                     -                                                                                                          
   RBB_5/CLK                    RBB_6L        5   [TILE 0 0, RBB 7 10]          -     r            2317                                                                                                          
   ----------------------------------------------------------------------------------------------------------------------------------------------------------------------------------------------------------------
   RBB_5/AQ                     RBB_6L        5   [TILE 0 0, RBB 7 10]        800     r            3117     {inst24: U_uart_rx.r_Bit_Index_FDRE_Q_2 (FDRE,site=aff)}                                             
   U_uart_rx.r_Bit_Index[0]     Net          37             (fanout=7)       1484                     -                                                                                                          
   RBB_5/A1                     RBB_6L        5   [TILE 0 0, RBB 7 10]          -     r            4601                                                                                                          
   RBB_5/CMUX                   RBB_6L        5   [TILE 0 0, RBB 7 10]       1391     r            5992     {inst68: rx_LUT3_I0_I2_CARRY4_O (CARRY4)}                                                            
   rx_LUT3_I0_I2_CARRY4_O_O[3]  Net           7             (fanout=4)       1192                     -                                                                                                          
   RBB_7/C4                     RBB_6L        7  [TILE 0 0, RBB 13 12]          -     r            7184     {inst72: rx_LUT3_I0_O_LUT4_O (LUT,site=cluto)} {inst49: U_uart_rx.r_RX_Byte_FDRE_Q_4 (FDE,site=cff)} 
   ----------------------------------------------------------------------------------------------------------------------------------------------------------------------------------------------------------------
   RBB_7/CLK                    RBB_6L        7  [TILE 0 0, RBB 13 12]        505     r            7689                                                                                                          
   clk                          Clock net     5           (fanout=489)      -2321                     -                                                                                                          
   clk                          CLOCK-PORT    -                      -    capture     r            5368                                                                                                          
   ----------------------------------------------------------------------------------------------------------------------------------------------------------------------------------------------------------------


Path 95:
   Slack (not met):                         -3507ps
     Path type:                               SETUP
     Group:                              <UDEF_clk>
     Launching clock:                           clk (rising edge)
     Capturing clock:                           clk (rising edge)

     Requested period:                       2000ps
   + Delay of the capturing clock:           2347ps
   - Clock uncertainty:                       150ps
   = Required time:                          4197ps
   - Propagation time:                       5356ps (53.1% logic, 46.9% route, logic stage 2)
   - Delay of the launching clock:           2348ps
   = Slack:                                 -3507ps

   Instance/Pin or Net Name   Type         ID     Location or Fanout   Delay(ps)  Edge  Arrival Time(ps)    Instance detail                                                                                                                   
   ---------------------------------------------------------------------------------------------------------------------------------------------------------------------------------------------------------------------------------------------
   clk                        CLOCK-PORT    -                      -     launch     r               0                                                                                                                                         
   clk                        Clock net     5           (fanout=489)       2348                     -                                                                                                                                         
   RBB_13/CLK                 RBB_6L       13  [TILE 0 0, RBB 10 10]          -     r            2348                                                                                                                                         
   ---------------------------------------------------------------------------------------------------------------------------------------------------------------------------------------------------------------------------------------------
   RBB_13/BQ                  RBB_6L       13  [TILE 0 0, RBB 10 10]        800     r            3148     {inst11: U_uart_rx.FSM_STATE_FDRE_Q_1 (FD,site=bff)}                                                                                
   U_uart_rx.FSM_STATE[1]     Net          40             (fanout=8)       1635                     -                                                                                                                                         
   RBB_15/C5                  RBB_6L       15   [TILE 0 0, RBB 7 14]          -     r            4783                                                                                                                                         
   RBB_15/CMUX                RBB_6L       15   [TILE 0 0, RBB 7 14]        862     r            5645     {inst109: rx_LUT5_I0_3_I2_LUT3_O (LUT,site=cluto)}                                                                                  
   rx_LUT5_I0_3_I2[0]         Net         167            (fanout=13)        875                     -                                                                                                                                         
   RBB_19/A5                  RBB_6L       19  [TILE 0 0, RBB 10 12]          -     r            6520     {inst98: rx_LUT5_I0_3_I2_CARRY4_O_O_LUT2_I1_O_LUT2_O_5 (LUT,site=aluto)} {inst40: U_uart_rx.r_Clock_Count_FDRE_Q_5 (FDE,site=affo)} 
   ---------------------------------------------------------------------------------------------------------------------------------------------------------------------------------------------------------------------------------------------
   RBB_19/CLK                 RBB_6L       19  [TILE 0 0, RBB 10 12]       1184     r            7704                                                                                                                                         
   clk                        Clock net     5           (fanout=489)      -2347                     -                                                                                                                                         
   clk                        CLOCK-PORT    -                      -    capture     r            5357                                                                                                                                         
   ---------------------------------------------------------------------------------------------------------------------------------------------------------------------------------------------------------------------------------------------


Path 97:
   Slack (not met):                         -3486ps
     Path type:                               SETUP
     Group:                              <UDEF_clk>
     Launching clock:                           clk (rising edge)
     Capturing clock:                           clk (rising edge)

     Requested period:                       2000ps
   + Delay of the capturing clock:           2347ps
   - Clock uncertainty:                       150ps
   = Required time:                          4197ps
   - Propagation time:                       5335ps (53.0% logic, 47.0% route, logic stage 2)
   - Delay of the launching clock:           2348ps
   = Slack:                                 -3486ps

   Instance/Pin or Net Name   Type         ID     Location or Fanout   Delay(ps)  Edge  Arrival Time(ps)    Instance detail                                                                                                                   
   ---------------------------------------------------------------------------------------------------------------------------------------------------------------------------------------------------------------------------------------------
   clk                        CLOCK-PORT    -                      -     launch     r               0                                                                                                                                         
   clk                        Clock net     5           (fanout=489)       2348                     -                                                                                                                                         
   RBB_13/CLK                 RBB_6L       13  [TILE 0 0, RBB 10 10]          -     r            2348                                                                                                                                         
   ---------------------------------------------------------------------------------------------------------------------------------------------------------------------------------------------------------------------------------------------
   RBB_13/BQ                  RBB_6L       13  [TILE 0 0, RBB 10 10]        800     r            3148     {inst11: U_uart_rx.FSM_STATE_FDRE_Q_1 (FD,site=bff)}                                                                                
   U_uart_rx.FSM_STATE[1]     Net          40             (fanout=8)       1635                     -                                                                                                                                         
   RBB_15/C5                  RBB_6L       15   [TILE 0 0, RBB 7 14]          -     r            4783                                                                                                                                         
   RBB_15/CMUX                RBB_6L       15   [TILE 0 0, RBB 7 14]        862     r            5645     {inst109: rx_LUT5_I0_3_I2_LUT3_O (LUT,site=cluto)}                                                                                  
   rx_LUT5_I0_3_I2[0]         Net         167            (fanout=13)        875                     -                                                                                                                                         
   RBB_19/C5                  RBB_6L       19  [TILE 0 0, RBB 10 12]          -     r            6520     {inst94: rx_LUT5_I0_3_I2_CARRY4_O_O_LUT2_I1_O_LUT2_O_1 (LUT,site=cluto)} {inst28: U_uart_rx.r_Clock_Count_FDRE_Q_1 (FDE,site=cffo)} 
   ---------------------------------------------------------------------------------------------------------------------------------------------------------------------------------------------------------------------------------------------
   RBB_19/CLK                 RBB_6L       19  [TILE 0 0, RBB 10 12]       1163     r            7683                                                                                                                                         
   clk                        Clock net     5           (fanout=489)      -2347                     -                                                                                                                                         
   clk                        CLOCK-PORT    -                      -    capture     r            5336                                                                                                                                         
   ---------------------------------------------------------------------------------------------------------------------------------------------------------------------------------------------------------------------------------------------


Path 106:
   Slack (not met):                         -3457ps
     Path type:                               SETUP
     Group:                              <UDEF_clk>
     Launching clock:                           clk (rising edge)
     Capturing clock:                           clk (rising edge)

     Requested period:                       2000ps
   + Delay of the capturing clock:           2323ps
   - Clock uncertainty:                       150ps
   = Required time:                          4173ps
   - Propagation time:                       5282ps (48.4% logic, 51.6% route, logic stage 2)
   - Delay of the launching clock:           2348ps
   = Slack:                                 -3457ps

   Instance/Pin or Net Name   Type         ID     Location or Fanout   Delay(ps)  Edge  Arrival Time(ps)    Instance detail                                                                                                                
   ------------------------------------------------------------------------------------------------------------------------------------------------------------------------------------------------------------------------------------------
   clk                        CLOCK-PORT    -                      -     launch     r               0                                                                                                                                      
   clk                        Clock net     5           (fanout=489)       2348                     -                                                                                                                                      
   RBB_13/CLK                 RBB_6L       13  [TILE 0 0, RBB 10 10]          -     r            2348                                                                                                                                      
   ------------------------------------------------------------------------------------------------------------------------------------------------------------------------------------------------------------------------------------------
   RBB_13/BQ                  RBB_6L       13  [TILE 0 0, RBB 10 10]        800     r            3148     {inst11: U_uart_rx.FSM_STATE_FDRE_Q_1 (FD,site=bff)}                                                                             
   U_uart_rx.FSM_STATE[1]     Net          40             (fanout=8)       1635                     -                                                                                                                                      
   RBB_15/C5                  RBB_6L       15   [TILE 0 0, RBB 7 14]          -     r            4783                                                                                                                                      
   RBB_15/CMUX                RBB_6L       15   [TILE 0 0, RBB 7 14]        862     r            5645     {inst109: rx_LUT5_I0_3_I2_LUT3_O (LUT,site=cluto)}                                                                               
   rx_LUT5_I0_3_I2[0]         Net         167            (fanout=13)       1090                     -                                                                                                                                      
   RBB_17/C5                  RBB_6L       17  [TILE 0 0, RBB 13 10]          -     r            6735     {inst100: rx_LUT5_I0_3_I2_CARRY4_O_O_LUT2_I1_O_LUT4_O (LUT,site=clut)} {inst44: U_uart_rx.r_Clock_Count_FDRE_Q_9 (FDE,site=cff)} 
   ------------------------------------------------------------------------------------------------------------------------------------------------------------------------------------------------------------------------------------------
   RBB_17/CLK                 RBB_6L       17  [TILE 0 0, RBB 13 10]        895     r            7630                                                                                                                                      
   clk                        Clock net     5           (fanout=489)      -2323                     -                                                                                                                                      
   clk                        CLOCK-PORT    -                      -    capture     r            5307                                                                                                                                      
   ------------------------------------------------------------------------------------------------------------------------------------------------------------------------------------------------------------------------------------------


Path 110:
   Slack (not met):                         -3452ps
     Path type:                               SETUP
     Group:                              <UDEF_clk>
     Launching clock:                           clk (rising edge)
     Capturing clock:                           clk (rising edge)

     Requested period:                       2000ps
   + Delay of the capturing clock:           2323ps
   - Clock uncertainty:                       150ps
   = Required time:                          4173ps
   - Propagation time:                       5277ps (48.4% logic, 51.6% route, logic stage 2)
   - Delay of the launching clock:           2348ps
   = Slack:                                 -3452ps

   Instance/Pin or Net Name   Type         ID     Location or Fanout   Delay(ps)  Edge  Arrival Time(ps)    Instance detail                                                                                                                 
   -------------------------------------------------------------------------------------------------------------------------------------------------------------------------------------------------------------------------------------------
   clk                        CLOCK-PORT    -                      -     launch     r               0                                                                                                                                       
   clk                        Clock net     5           (fanout=489)       2348                     -                                                                                                                                       
   RBB_13/CLK                 RBB_6L       13  [TILE 0 0, RBB 10 10]          -     r            2348                                                                                                                                       
   -------------------------------------------------------------------------------------------------------------------------------------------------------------------------------------------------------------------------------------------
   RBB_13/BQ                  RBB_6L       13  [TILE 0 0, RBB 10 10]        800     r            3148     {inst11: U_uart_rx.FSM_STATE_FDRE_Q_1 (FD,site=bff)}                                                                              
   U_uart_rx.FSM_STATE[1]     Net          40             (fanout=8)       1635                     -                                                                                                                                       
   RBB_15/C5                  RBB_6L       15   [TILE 0 0, RBB 7 14]          -     r            4783                                                                                                                                       
   RBB_15/CMUX                RBB_6L       15   [TILE 0 0, RBB 7 14]        862     r            5645     {inst109: rx_LUT5_I0_3_I2_LUT3_O (LUT,site=cluto)}                                                                                
   rx_LUT5_I0_3_I2[0]         Net         167            (fanout=13)       1090                     -                                                                                                                                       
   RBB_17/A5                  RBB_6L       17  [TILE 0 0, RBB 13 10]          -     r            6735     {inst99: rx_LUT5_I0_3_I2_CARRY4_O_O_LUT2_I1_O_LUT2_O_6 (LUT,site=alut)} {inst42: U_uart_rx.r_Clock_Count_FDRE_Q_7 (FDE,site=aff)} 
   -------------------------------------------------------------------------------------------------------------------------------------------------------------------------------------------------------------------------------------------
   RBB_17/CLK                 RBB_6L       17  [TILE 0 0, RBB 13 10]        890     r            7625                                                                                                                                       
   clk                        Clock net     5           (fanout=489)      -2323                     -                                                                                                                                       
   clk                        CLOCK-PORT    -                      -    capture     r            5302                                                                                                                                       
   -------------------------------------------------------------------------------------------------------------------------------------------------------------------------------------------------------------------------------------------


Path 94:
   Slack (not met):                         -3449ps
     Path type:                               SETUP
     Group:                              <UDEF_clk>
     Launching clock:                           clk (rising edge)
     Capturing clock:                           clk (rising edge)

     Requested period:                       2000ps
   + Delay of the capturing clock:           2347ps
   - Clock uncertainty:                       150ps
   = Required time:                          4197ps
   - Propagation time:                       5298ps (52.6% logic, 47.4% route, logic stage 2)
   - Delay of the launching clock:           2348ps
   = Slack:                                 -3449ps

   Instance/Pin or Net Name   Type         ID     Location or Fanout   Delay(ps)  Edge  Arrival Time(ps)    Instance detail                                                                                                                   
   ---------------------------------------------------------------------------------------------------------------------------------------------------------------------------------------------------------------------------------------------
   clk                        CLOCK-PORT    -                      -     launch     r               0                                                                                                                                         
   clk                        Clock net     5           (fanout=489)       2348                     -                                                                                                                                         
   RBB_13/CLK                 RBB_6L       13  [TILE 0 0, RBB 10 10]          -     r            2348                                                                                                                                         
   ---------------------------------------------------------------------------------------------------------------------------------------------------------------------------------------------------------------------------------------------
   RBB_13/BQ                  RBB_6L       13  [TILE 0 0, RBB 10 10]        800     r            3148     {inst11: U_uart_rx.FSM_STATE_FDRE_Q_1 (FD,site=bff)}                                                                                
   U_uart_rx.FSM_STATE[1]     Net          40             (fanout=8)       1635                     -                                                                                                                                         
   RBB_15/C5                  RBB_6L       15   [TILE 0 0, RBB 7 14]          -     r            4783                                                                                                                                         
   RBB_15/CMUX                RBB_6L       15   [TILE 0 0, RBB 7 14]        862     r            5645     {inst109: rx_LUT5_I0_3_I2_LUT3_O (LUT,site=cluto)}                                                                                  
   rx_LUT5_I0_3_I2[0]         Net         167            (fanout=13)        875                     -                                                                                                                                         
   RBB_19/B5                  RBB_6L       19  [TILE 0 0, RBB 10 12]          -     r            6520     {inst96: rx_LUT5_I0_3_I2_CARRY4_O_O_LUT2_I1_O_LUT2_O_3 (LUT,site=bluto)} {inst38: U_uart_rx.r_Clock_Count_FDRE_Q_3 (FDE,site=bffo)} 
   ---------------------------------------------------------------------------------------------------------------------------------------------------------------------------------------------------------------------------------------------
   RBB_19/CLK                 RBB_6L       19  [TILE 0 0, RBB 10 12]       1126     r            7646                                                                                                                                         
   clk                        Clock net     5           (fanout=489)      -2347                     -                                                                                                                                         
   clk                        CLOCK-PORT    -                      -    capture     r            5299                                                                                                                                         
   ---------------------------------------------------------------------------------------------------------------------------------------------------------------------------------------------------------------------------------------------


Path 98:
   Slack (not met):                         -3412ps
     Path type:                               SETUP
     Group:                              <UDEF_clk>
     Launching clock:                           clk (rising edge)
     Capturing clock:                           clk (rising edge)

     Requested period:                       2000ps
   + Delay of the capturing clock:           2321ps
   - Clock uncertainty:                       150ps
   = Required time:                          4171ps
   - Propagation time:                       5235ps (52.1% logic, 47.9% route, logic stage 2)
   - Delay of the launching clock:           2348ps
   = Slack:                                 -3412ps

   Instance/Pin or Net Name   Type         ID     Location or Fanout   Delay(ps)  Edge  Arrival Time(ps)    Instance detail                                                                                                                     
   -----------------------------------------------------------------------------------------------------------------------------------------------------------------------------------------------------------------------------------------------
   clk                        CLOCK-PORT    -                      -     launch     r               0                                                                                                                                           
   clk                        Clock net     5           (fanout=489)       2348                     -                                                                                                                                           
   RBB_13/CLK                 RBB_6L       13  [TILE 0 0, RBB 10 10]          -     r            2348                                                                                                                                           
   -----------------------------------------------------------------------------------------------------------------------------------------------------------------------------------------------------------------------------------------------
   RBB_13/BQ                  RBB_6L       13  [TILE 0 0, RBB 10 10]        800     r            3148     {inst11: U_uart_rx.FSM_STATE_FDRE_Q_1 (FD,site=bff)}                                                                                  
   U_uart_rx.FSM_STATE[1]     Net          40             (fanout=8)       1635                     -                                                                                                                                           
   RBB_15/C5                  RBB_6L       15   [TILE 0 0, RBB 7 14]          -     r            4783                                                                                                                                           
   RBB_15/CMUX                RBB_6L       15   [TILE 0 0, RBB 7 14]        862     r            5645     {inst109: rx_LUT5_I0_3_I2_LUT3_O (LUT,site=cluto)}                                                                                    
   rx_LUT5_I0_3_I2[0]         Net         167            (fanout=13)        875                     -                                                                                                                                           
   RBB_16/C4                  RBB_6L       16  [TILE 0 0, RBB 13 14]          -     r            6520     {inst102: rx_LUT5_I0_3_I2_CARRY4_O_O_LUT2_I1_O_LUT4_O_2 (LUT,site=cluto)} {inst34: U_uart_rx.r_Clock_Count_FDRE_Q_15 (FDE,site=cffo)} 
   -----------------------------------------------------------------------------------------------------------------------------------------------------------------------------------------------------------------------------------------------
   RBB_16/CLK                 RBB_6L       16  [TILE 0 0, RBB 13 14]       1063     r            7583                                                                                                                                           
   clk                        Clock net     5           (fanout=489)      -2321                     -                                                                                                                                           
   clk                        CLOCK-PORT    -                      -    capture     r            5262                                                                                                                                           
   -----------------------------------------------------------------------------------------------------------------------------------------------------------------------------------------------------------------------------------------------


Path 112:
   Slack (not met):                         -3404ps
     Path type:                               SETUP
     Group:                              <UDEF_clk>
     Launching clock:                           clk (rising edge)
     Capturing clock:                           clk (rising edge)

     Requested period:                       2000ps
   + Delay of the capturing clock:           2323ps
   - Clock uncertainty:                       150ps
   = Required time:                          4173ps
   - Propagation time:                       5229ps (47.9% logic, 52.1% route, logic stage 2)
   - Delay of the launching clock:           2348ps
   = Slack:                                 -3404ps

   Instance/Pin or Net Name   Type         ID     Location or Fanout   Delay(ps)  Edge  Arrival Time(ps)    Instance detail                                                                                                                   
   ---------------------------------------------------------------------------------------------------------------------------------------------------------------------------------------------------------------------------------------------
   clk                        CLOCK-PORT    -                      -     launch     r               0                                                                                                                                         
   clk                        Clock net     5           (fanout=489)       2348                     -                                                                                                                                         
   RBB_13/CLK                 RBB_6L       13  [TILE 0 0, RBB 10 10]          -     r            2348                                                                                                                                         
   ---------------------------------------------------------------------------------------------------------------------------------------------------------------------------------------------------------------------------------------------
   RBB_13/BQ                  RBB_6L       13  [TILE 0 0, RBB 10 10]        800     r            3148     {inst11: U_uart_rx.FSM_STATE_FDRE_Q_1 (FD,site=bff)}                                                                                
   U_uart_rx.FSM_STATE[1]     Net          40             (fanout=8)       1635                     -                                                                                                                                         
   RBB_15/C5                  RBB_6L       15   [TILE 0 0, RBB 7 14]          -     r            4783                                                                                                                                         
   RBB_15/CMUX                RBB_6L       15   [TILE 0 0, RBB 7 14]        862     r            5645     {inst109: rx_LUT5_I0_3_I2_LUT3_O (LUT,site=cluto)}                                                                                  
   rx_LUT5_I0_3_I2[0]         Net         167            (fanout=13)       1090                     -                                                                                                                                         
   RBB_17/B5                  RBB_6L       17  [TILE 0 0, RBB 13 10]          -     r            6735     {inst106: rx_LUT5_I0_3_I2_CARRY4_O_O_LUT2_I1_O_LUT5_O_2 (LUT,site=blut)} {inst29: U_uart_rx.r_Clock_Count_FDRE_Q_10 (FDE,site=bff)} 
   ---------------------------------------------------------------------------------------------------------------------------------------------------------------------------------------------------------------------------------------------
   RBB_17/CLK                 RBB_6L       17  [TILE 0 0, RBB 13 10]        842     r            7577                                                                                                                                         
   clk                        Clock net     5           (fanout=489)      -2323                     -                                                                                                                                         
   clk                        CLOCK-PORT    -                      -    capture     r            5254                                                                                                                                         
   ---------------------------------------------------------------------------------------------------------------------------------------------------------------------------------------------------------------------------------------------


Path 107:
   Slack (not met):                         -3395ps
     Path type:                               SETUP
     Group:                              <UDEF_clk>
     Launching clock:                           clk (rising edge)
     Capturing clock:                           clk (rising edge)

     Requested period:                       2000ps
   + Delay of the capturing clock:           2324ps
   - Clock uncertainty:                       150ps
   = Required time:                          4174ps
   - Propagation time:                       5221ps (46.3% logic, 53.7% route, logic stage 2)
   - Delay of the launching clock:           2348ps
   = Slack:                                 -3395ps

   Instance/Pin or Net Name   Type         ID     Location or Fanout   Delay(ps)  Edge  Arrival Time(ps)    Instance detail                                                                                                                   
   ---------------------------------------------------------------------------------------------------------------------------------------------------------------------------------------------------------------------------------------------
   clk                        CLOCK-PORT    -                      -     launch     r               0                                                                                                                                         
   clk                        Clock net     5           (fanout=489)       2348                     -                                                                                                                                         
   RBB_13/CLK                 RBB_6L       13  [TILE 0 0, RBB 10 10]          -     r            2348                                                                                                                                         
   ---------------------------------------------------------------------------------------------------------------------------------------------------------------------------------------------------------------------------------------------
   RBB_13/BQ                  RBB_6L       13  [TILE 0 0, RBB 10 10]        800     r            3148     {inst11: U_uart_rx.FSM_STATE_FDRE_Q_1 (FD,site=bff)}                                                                                
   U_uart_rx.FSM_STATE[1]     Net          40             (fanout=8)       1635                     -                                                                                                                                         
   RBB_15/C5                  RBB_6L       15   [TILE 0 0, RBB 7 14]          -     r            4783                                                                                                                                         
   RBB_15/CMUX                RBB_6L       15   [TILE 0 0, RBB 7 14]        862     r            5645     {inst109: rx_LUT5_I0_3_I2_LUT3_O (LUT,site=cluto)}                                                                                  
   rx_LUT5_I0_3_I2[0]         Net         167            (fanout=13)       1170                     -                                                                                                                                         
   RBB_18/C4                  RBB_6L       18  [TILE 0 0, RBB 13 16]          -     r            6815     {inst103: rx_LUT5_I0_3_I2_CARRY4_O_O_LUT2_I1_O_LUT4_O_3 (LUT,site=clut)} {inst36: U_uart_rx.r_Clock_Count_FDRE_Q_17 (FDE,site=cff)} 
   ---------------------------------------------------------------------------------------------------------------------------------------------------------------------------------------------------------------------------------------------
   RBB_18/CLK                 RBB_6L       18  [TILE 0 0, RBB 13 16]        754     r            7569                                                                                                                                         
   clk                        Clock net     5           (fanout=489)      -2324                     -                                                                                                                                         
   clk                        CLOCK-PORT    -                      -    capture     r            5245                                                                                                                                         
   ---------------------------------------------------------------------------------------------------------------------------------------------------------------------------------------------------------------------------------------------


Path 92:
   Slack (not met):                         -3342ps
     Path type:                               SETUP
     Group:                              <UDEF_clk>
     Launching clock:                           clk (rising edge)
     Capturing clock:                           clk (rising edge)

     Requested period:                       2000ps
   + Delay of the capturing clock:           2321ps
   - Clock uncertainty:                       150ps
   = Required time:                          4171ps
   - Propagation time:                       5196ps (48.9% logic, 51.1% route, logic stage 2)
   - Delay of the launching clock:           2317ps
   = Slack:                                 -3342ps

   Instance/Pin or Net Name       Type         ID     Location or Fanout   Delay(ps)  Edge  Arrival Time(ps)    Instance detail                                                                                    
   ------------------------------------------------------------------------------------------------------------------------------------------------------------------------------------------------------------------
   clk                            CLOCK-PORT    -                      -     launch     r               0                                                                                                          
   clk                            Clock net     5           (fanout=489)       2317                     -                                                                                                          
   RBB_5/CLK                      RBB_6L        5   [TILE 0 0, RBB 7 10]          -     r            2317                                                                                                          
   ------------------------------------------------------------------------------------------------------------------------------------------------------------------------------------------------------------------
   RBB_5/AQ                       RBB_6L        5   [TILE 0 0, RBB 7 10]        800     r            3117     {inst24: U_uart_rx.r_Bit_Index_FDRE_Q_2 (FDRE,site=aff)}                                             
   U_uart_rx.r_Bit_Index[0]       Net          37             (fanout=7)       1779                     -                                                                                                          
   RBB_6/A1                       RBB_6L        6   [TILE 0 0, RBB 7 12]          -     r            4896                                                                                                          
   RBB_6/BMUX                     RBB_6L        6   [TILE 0 0, RBB 7 12]       1238     r            6134     {inst74: rx_LUT3_I2_O_CARRY4_O (CARRY4)}                                                             
   rx_LUT3_I2_O_CARRY4_O_CO_3[1]  Net         124             (fanout=1)        874                     -                                                                                                          
   RBB_7/C3                       RBB_6L        7  [TILE 0 0, RBB 13 12]          -     r            7008     {inst72: rx_LUT3_I0_O_LUT4_O (LUT,site=cluto)} {inst49: U_uart_rx.r_RX_Byte_FDRE_Q_4 (FDE,site=cff)} 
   ------------------------------------------------------------------------------------------------------------------------------------------------------------------------------------------------------------------
   RBB_7/CLK                      RBB_6L        7  [TILE 0 0, RBB 13 12]        505     r            7513                                                                                                          
   clk                            Clock net     5           (fanout=489)      -2321                     -                                                                                                          
   clk                            CLOCK-PORT    -                      -    capture     r            5192                                                                                                          
   ------------------------------------------------------------------------------------------------------------------------------------------------------------------------------------------------------------------


Path 102:
   Slack (not met):                         -3306ps
     Path type:                               SETUP
     Group:                              <UDEF_clk>
     Launching clock:                           clk (rising edge)
     Capturing clock:                           clk (rising edge)

     Requested period:                       2000ps
   + Delay of the capturing clock:           2321ps
   - Clock uncertainty:                       150ps
   = Required time:                          4171ps
   - Propagation time:                       5129ps (50.8% logic, 49.2% route, logic stage 2)
   - Delay of the launching clock:           2348ps
   = Slack:                                 -3306ps

   Instance/Pin or Net Name   Type         ID     Location or Fanout   Delay(ps)  Edge  Arrival Time(ps)    Instance detail                                                                                                                   
   ---------------------------------------------------------------------------------------------------------------------------------------------------------------------------------------------------------------------------------------------
   clk                        CLOCK-PORT    -                      -     launch     r               0                                                                                                                                         
   clk                        Clock net     5           (fanout=489)       2348                     -                                                                                                                                         
   RBB_13/CLK                 RBB_6L       13  [TILE 0 0, RBB 10 10]          -     r            2348                                                                                                                                         
   ---------------------------------------------------------------------------------------------------------------------------------------------------------------------------------------------------------------------------------------------
   RBB_13/BQ                  RBB_6L       13  [TILE 0 0, RBB 10 10]        800     r            3148     {inst11: U_uart_rx.FSM_STATE_FDRE_Q_1 (FD,site=bff)}                                                                                
   U_uart_rx.FSM_STATE[1]     Net          40             (fanout=8)       1635                     -                                                                                                                                         
   RBB_15/C5                  RBB_6L       15   [TILE 0 0, RBB 7 14]          -     r            4783                                                                                                                                         
   RBB_15/CMUX                RBB_6L       15   [TILE 0 0, RBB 7 14]        862     r            5645     {inst109: rx_LUT5_I0_3_I2_LUT3_O (LUT,site=cluto)}                                                                                  
   rx_LUT5_I0_3_I2[0]         Net         167            (fanout=13)        888                     -                                                                                                                                         
   RBB_16/A4                  RBB_6L       16  [TILE 0 0, RBB 13 14]          -     r            6533     {inst108: rx_LUT5_I0_3_I2_CARRY4_O_O_LUT2_I1_O_LUT5_O_4 (LUT,site=alut)} {inst33: U_uart_rx.r_Clock_Count_FDRE_Q_14 (FDE,site=aff)} 
   ---------------------------------------------------------------------------------------------------------------------------------------------------------------------------------------------------------------------------------------------
   RBB_16/CLK                 RBB_6L       16  [TILE 0 0, RBB 13 14]        944     r            7477                                                                                                                                         
   clk                        Clock net     5           (fanout=489)      -2321                     -                                                                                                                                         
   clk                        CLOCK-PORT    -                      -    capture     r            5156                                                                                                                                         
   ---------------------------------------------------------------------------------------------------------------------------------------------------------------------------------------------------------------------------------------------


Path 367:
   Slack (not met):                         -3278ps
     Path type:                               SETUP
     Group:                              <UDEF_clk>
     Launching clock:                           clk (rising edge)
     Capturing clock:                           clk (rising edge)

     Requested period:                       2000ps
   + Delay of the capturing clock:           2321ps
   - Clock uncertainty:                       150ps
   = Required time:                          4171ps
   - Propagation time:                       5125ps (61.6% logic, 38.4% route, logic stage 2)
   - Delay of the launching clock:           2324ps
   = Slack:                                 -3278ps

   Instance/Pin or Net Name                             Type         ID     Location or Fanout   Delay(ps)  Edge  Arrival Time(ps)    Instance detail                                                                                                                     
   -------------------------------------------------------------------------------------------------------------------------------------------------------------------------------------------------------------------------------------------------------------------------
   clk                                                  CLOCK-PORT    -                      -     launch     r               0                                                                                                                                           
   clk                                                  Clock net     5           (fanout=489)       2324                     -                                                                                                                                           
   RBB_18/CLK                                           RBB_6L       18  [TILE 0 0, RBB 13 16]          -     r            2324                                                                                                                                           
   -------------------------------------------------------------------------------------------------------------------------------------------------------------------------------------------------------------------------------------------------------------------------
   RBB_18/CQ                                            RBB_6L       18  [TILE 0 0, RBB 13 16]        800     r            3124     {inst36: U_uart_rx.r_Clock_Count_FDRE_Q_17 (FDE,site=cff)}                                                                            
   U_uart_rx.r_Clock_Count[0]                           Net          23             (fanout=4)       1339                     -                                                                                                                                           
   RBB_7/A1                                             RBB_6L        7  [TILE 0 0, RBB 13 12]          -     r            4463                                                                                                                                           
   RBB_7/CMUX                                           RBB_6L        7  [TILE 0 0, RBB 13 12]       1293     r            5756     {inst81: rx_LUT5_I0_3_I2_CARRY4_O_CI_CARRY4_CO_CI_CARRY4_CO (CARRY4)}                                                                 
   rx_LUT5_I0_3_I2_CARRY4_O_O_LUT2_I1_O_LUT4_O_2_I1[1]  Net         147             (fanout=1)        630                     -                                                                                                                                           
   RBB_16/C2                                            RBB_6L       16  [TILE 0 0, RBB 13 14]          -     r            6386     {inst102: rx_LUT5_I0_3_I2_CARRY4_O_O_LUT2_I1_O_LUT4_O_2 (LUT,site=cluto)} {inst34: U_uart_rx.r_Clock_Count_FDRE_Q_15 (FDE,site=cffo)} 
   -------------------------------------------------------------------------------------------------------------------------------------------------------------------------------------------------------------------------------------------------------------------------
   RBB_16/CLK                                           RBB_6L       16  [TILE 0 0, RBB 13 14]       1063     r            7449                                                                                                                                           
   clk                                                  Clock net     5           (fanout=489)      -2321                     -                                                                                                                                           
   clk                                                  CLOCK-PORT    -                      -    capture     r            5128                                                                                                                                           
   -------------------------------------------------------------------------------------------------------------------------------------------------------------------------------------------------------------------------------------------------------------------------


Path 105:
   Slack (not met):                         -3246ps
     Path type:                               SETUP
     Group:                              <UDEF_clk>
     Launching clock:                           clk (rising edge)
     Capturing clock:                           clk (rising edge)

     Requested period:                       2000ps
   + Delay of the capturing clock:           2347ps
   - Clock uncertainty:                       150ps
   = Required time:                          4197ps
   - Propagation time:                       5095ps (50.7% logic, 49.3% route, logic stage 2)
   - Delay of the launching clock:           2348ps
   = Slack:                                 -3246ps

   Instance/Pin or Net Name   Type         ID     Location or Fanout   Delay(ps)  Edge  Arrival Time(ps)    Instance detail                                                                                                             
   ---------------------------------------------------------------------------------------------------------------------------------------------------------------------------------------------------------------------------------------
   clk                        CLOCK-PORT    -                      -     launch     r               0                                                                                                                                   
   clk                        Clock net     5           (fanout=489)       2348                     -                                                                                                                                   
   RBB_13/CLK                 RBB_6L       13  [TILE 0 0, RBB 10 10]          -     r            2348                                                                                                                                   
   ---------------------------------------------------------------------------------------------------------------------------------------------------------------------------------------------------------------------------------------
   RBB_13/BQ                  RBB_6L       13  [TILE 0 0, RBB 10 10]        800     r            3148     {inst11: U_uart_rx.FSM_STATE_FDRE_Q_1 (FD,site=bff)}                                                                          
   U_uart_rx.FSM_STATE[1]     Net          40             (fanout=8)       1635                     -                                                                                                                                   
   RBB_15/C5                  RBB_6L       15   [TILE 0 0, RBB 7 14]          -     r            4783                                                                                                                                   
   RBB_15/CMUX                RBB_6L       15   [TILE 0 0, RBB 7 14]        862     r            5645     {inst109: rx_LUT5_I0_3_I2_LUT3_O (LUT,site=cluto)}                                                                            
   rx_LUT5_I0_3_I2[0]         Net         167            (fanout=13)        875                     -                                                                                                                                   
   RBB_19/C5                  RBB_6L       19  [TILE 0 0, RBB 10 12]          -     r            6520     {inst93: rx_LUT5_I0_3_I2_CARRY4_O_O_LUT2_I1_O_LUT2_O (LUT,site=clut)} {inst27: U_uart_rx.r_Clock_Count_FDRE_Q (FDE,site=cff)} 
   ---------------------------------------------------------------------------------------------------------------------------------------------------------------------------------------------------------------------------------------
   RBB_19/CLK                 RBB_6L       19  [TILE 0 0, RBB 10 12]        923     r            7443                                                                                                                                   
   clk                        Clock net     5           (fanout=489)      -2347                     -                                                                                                                                   
   clk                        CLOCK-PORT    -                      -    capture     r            5096                                                                                                                                   
   ---------------------------------------------------------------------------------------------------------------------------------------------------------------------------------------------------------------------------------------


Path 103:
   Slack (not met):                         -3246ps
     Path type:                               SETUP
     Group:                              <UDEF_clk>
     Launching clock:                           clk (rising edge)
     Capturing clock:                           clk (rising edge)

     Requested period:                       2000ps
   + Delay of the capturing clock:           2347ps
   - Clock uncertainty:                       150ps
   = Required time:                          4197ps
   - Propagation time:                       5095ps (50.7% logic, 49.3% route, logic stage 2)
   - Delay of the launching clock:           2348ps
   = Slack:                                 -3246ps

   Instance/Pin or Net Name   Type         ID     Location or Fanout   Delay(ps)  Edge  Arrival Time(ps)    Instance detail                                                                                                                   
   ---------------------------------------------------------------------------------------------------------------------------------------------------------------------------------------------------------------------------------------------
   clk                        CLOCK-PORT    -                      -     launch     r               0                                                                                                                                         
   clk                        Clock net     5           (fanout=489)       2348                     -                                                                                                                                         
   RBB_13/CLK                 RBB_6L       13  [TILE 0 0, RBB 10 10]          -     r            2348                                                                                                                                         
   ---------------------------------------------------------------------------------------------------------------------------------------------------------------------------------------------------------------------------------------------
   RBB_13/BQ                  RBB_6L       13  [TILE 0 0, RBB 10 10]        800     r            3148     {inst11: U_uart_rx.FSM_STATE_FDRE_Q_1 (FD,site=bff)}                                                                                
   U_uart_rx.FSM_STATE[1]     Net          40             (fanout=8)       1635                     -                                                                                                                                         
   RBB_15/C5                  RBB_6L       15   [TILE 0 0, RBB 7 14]          -     r            4783                                                                                                                                         
   RBB_15/CMUX                RBB_6L       15   [TILE 0 0, RBB 7 14]        862     r            5645     {inst109: rx_LUT5_I0_3_I2_LUT3_O (LUT,site=cluto)}                                                                                  
   rx_LUT5_I0_3_I2[0]         Net         167            (fanout=13)        875                     -                                                                                                                                         
   RBB_19/D5                  RBB_6L       19  [TILE 0 0, RBB 10 12]          -     r            6520     {inst107: rx_LUT5_I0_3_I2_CARRY4_O_O_LUT2_I1_O_LUT5_O_3 (LUT,site=dlut)} {inst30: U_uart_rx.r_Clock_Count_FDRE_Q_11 (FDE,site=dff)} 
   ---------------------------------------------------------------------------------------------------------------------------------------------------------------------------------------------------------------------------------------------
   RBB_19/CLK                 RBB_6L       19  [TILE 0 0, RBB 10 12]        923     r            7443                                                                                                                                         
   clk                        Clock net     5           (fanout=489)      -2347                     -                                                                                                                                         
   clk                        CLOCK-PORT    -                      -    capture     r            5096                                                                                                                                         
   ---------------------------------------------------------------------------------------------------------------------------------------------------------------------------------------------------------------------------------------------


Path 108:
   Slack (not met):                         -3230ps
     Path type:                               SETUP
     Group:                              <UDEF_clk>
     Launching clock:                           clk (rising edge)
     Capturing clock:                           clk (rising edge)

     Requested period:                       2000ps
   + Delay of the capturing clock:           2321ps
   - Clock uncertainty:                       150ps
   = Required time:                          4171ps
   - Propagation time:                       5053ps (50.3% logic, 49.7% route, logic stage 2)
   - Delay of the launching clock:           2348ps
   = Slack:                                 -3230ps

   Instance/Pin or Net Name   Type         ID     Location or Fanout   Delay(ps)  Edge  Arrival Time(ps)    Instance detail                                                                                                                   
   ---------------------------------------------------------------------------------------------------------------------------------------------------------------------------------------------------------------------------------------------
   clk                        CLOCK-PORT    -                      -     launch     r               0                                                                                                                                         
   clk                        Clock net     5           (fanout=489)       2348                     -                                                                                                                                         
   RBB_13/CLK                 RBB_6L       13  [TILE 0 0, RBB 10 10]          -     r            2348                                                                                                                                         
   ---------------------------------------------------------------------------------------------------------------------------------------------------------------------------------------------------------------------------------------------
   RBB_13/BQ                  RBB_6L       13  [TILE 0 0, RBB 10 10]        800     r            3148     {inst11: U_uart_rx.FSM_STATE_FDRE_Q_1 (FD,site=bff)}                                                                                
   U_uart_rx.FSM_STATE[1]     Net          40             (fanout=8)       1635                     -                                                                                                                                         
   RBB_15/C5                  RBB_6L       15   [TILE 0 0, RBB 7 14]          -     r            4783                                                                                                                                         
   RBB_15/CMUX                RBB_6L       15   [TILE 0 0, RBB 7 14]        862     r            5645     {inst109: rx_LUT5_I0_3_I2_LUT3_O (LUT,site=cluto)}                                                                                  
   rx_LUT5_I0_3_I2[0]         Net         167            (fanout=13)        875                     -                                                                                                                                         
   RBB_16/C4                  RBB_6L       16  [TILE 0 0, RBB 13 14]          -     r            6520     {inst101: rx_LUT5_I0_3_I2_CARRY4_O_O_LUT2_I1_O_LUT4_O_1 (LUT,site=clut)} {inst31: U_uart_rx.r_Clock_Count_FDRE_Q_12 (FDE,site=cff)} 
   ---------------------------------------------------------------------------------------------------------------------------------------------------------------------------------------------------------------------------------------------
   RBB_16/CLK                 RBB_6L       16  [TILE 0 0, RBB 13 14]        881     r            7401                                                                                                                                         
   clk                        Clock net     5           (fanout=489)      -2321                     -                                                                                                                                         
   clk                        CLOCK-PORT    -                      -    capture     r            5080                                                                                                                                         
   ---------------------------------------------------------------------------------------------------------------------------------------------------------------------------------------------------------------------------------------------


Path 368:
   Slack (not met):                         -3219ps
     Path type:                               SETUP
     Group:                              <UDEF_clk>
     Launching clock:                           clk (rising edge)
     Capturing clock:                           clk (rising edge)

     Requested period:                       2000ps
   + Delay of the capturing clock:           2321ps
   - Clock uncertainty:                       150ps
   = Required time:                          4171ps
   - Propagation time:                       5066ps (60.9% logic, 39.1% route, logic stage 2)
   - Delay of the launching clock:           2324ps
   = Slack:                                 -3219ps

   Instance/Pin or Net Name                             Type         ID     Location or Fanout   Delay(ps)  Edge  Arrival Time(ps)    Instance detail                                                                                                                   
   -----------------------------------------------------------------------------------------------------------------------------------------------------------------------------------------------------------------------------------------------------------------------
   clk                                                  CLOCK-PORT    -                      -     launch     r               0                                                                                                                                         
   clk                                                  Clock net     5           (fanout=489)       2324                     -                                                                                                                                         
   RBB_18/CLK                                           RBB_6L       18  [TILE 0 0, RBB 13 16]          -     r            2324                                                                                                                                         
   -----------------------------------------------------------------------------------------------------------------------------------------------------------------------------------------------------------------------------------------------------------------------
   RBB_18/CQ                                            RBB_6L       18  [TILE 0 0, RBB 13 16]        800     r            3124     {inst36: U_uart_rx.r_Clock_Count_FDRE_Q_17 (FDE,site=cff)}                                                                          
   U_uart_rx.r_Clock_Count[0]                           Net          23             (fanout=4)       1339                     -                                                                                                                                         
   RBB_7/A1                                             RBB_6L        7  [TILE 0 0, RBB 13 12]          -     r            4463                                                                                                                                         
   RBB_7/DMUX                                           RBB_6L        7  [TILE 0 0, RBB 13 12]       1342     r            5805     {inst81: rx_LUT5_I0_3_I2_CARRY4_O_CI_CARRY4_CO_CI_CARRY4_CO (CARRY4)}                                                               
   rx_LUT5_I0_3_I2_CARRY4_O_O_LUT2_I1_O_LUT5_O_4_I1[1]  Net         153             (fanout=1)        641                     -                                                                                                                                         
   RBB_16/A1                                            RBB_6L       16  [TILE 0 0, RBB 13 14]          -     r            6446     {inst108: rx_LUT5_I0_3_I2_CARRY4_O_O_LUT2_I1_O_LUT5_O_4 (LUT,site=alut)} {inst33: U_uart_rx.r_Clock_Count_FDRE_Q_14 (FDE,site=aff)} 
   -----------------------------------------------------------------------------------------------------------------------------------------------------------------------------------------------------------------------------------------------------------------------
   RBB_16/CLK                                           RBB_6L       16  [TILE 0 0, RBB 13 14]        944     r            7390                                                                                                                                         
   clk                                                  Clock net     5           (fanout=489)      -2321                     -                                                                                                                                         
   clk                                                  CLOCK-PORT    -                      -    capture     r            5069                                                                                                                                         
   -----------------------------------------------------------------------------------------------------------------------------------------------------------------------------------------------------------------------------------------------------------------------


Path 87:
   Slack (not met):                         -3213ps
     Path type:                               SETUP
     Group:                              <UDEF_clk>
     Launching clock:                           clk (rising edge)
     Capturing clock:                           clk (rising edge)

     Requested period:                       2000ps
   + Delay of the capturing clock:           2324ps
   - Clock uncertainty:                       150ps
   = Required time:                          4174ps
   - Propagation time:                       5063ps (57.8% logic, 42.2% route, logic stage 2)
   - Delay of the launching clock:           2324ps
   = Slack:                                 -3213ps

   Instance/Pin or Net Name                           Type         ID     Location or Fanout   Delay(ps)  Edge  Arrival Time(ps)    Instance detail                                                                                                                 
   -------------------------------------------------------------------------------------------------------------------------------------------------------------------------------------------------------------------------------------------------------------------
   clk                                                CLOCK-PORT    -                      -     launch     r               0                                                                                                                                       
   clk                                                Clock net     5           (fanout=489)       2324                     -                                                                                                                                       
   RBB_18/CLK                                         RBB_6L       18  [TILE 0 0, RBB 13 16]          -     r            2324                                                                                                                                       
   -------------------------------------------------------------------------------------------------------------------------------------------------------------------------------------------------------------------------------------------------------------------
   RBB_18/CQ                                          RBB_6L       18  [TILE 0 0, RBB 13 16]        800     r            3124     {inst36: U_uart_rx.r_Clock_Count_FDRE_Q_17 (FDE,site=cff)}                                                                        
   U_uart_rx.r_Clock_Count[0]                         Net          23             (fanout=4)       1339                     -                                                                                                                                       
   RBB_7/A1                                           RBB_6L        7  [TILE 0 0, RBB 13 12]          -     r            4463                                                                                                                                       
   RBB_7/BMUX                                         RBB_6L        7  [TILE 0 0, RBB 13 12]       1227     r            5690     {inst81: rx_LUT5_I0_3_I2_CARRY4_O_CI_CARRY4_CO_CI_CARRY4_CO (CARRY4)}                                                             
   rx_LUT5_I0_3_I2_CARRY4_O_O_LUT2_I1_O_LUT5_O_I1[1]  Net         118             (fanout=1)        798                     -                                                                                                                                       
   RBB_18/D1                                          RBB_6L       18  [TILE 0 0, RBB 13 16]          -     r            6488     {inst104: rx_LUT5_I0_3_I2_CARRY4_O_O_LUT2_I1_O_LUT5_O (LUT,site=dlut)} {inst35: U_uart_rx.r_Clock_Count_FDRE_Q_16 (FDE,site=dff)} 
   -------------------------------------------------------------------------------------------------------------------------------------------------------------------------------------------------------------------------------------------------------------------
   RBB_18/CLK                                         RBB_6L       18  [TILE 0 0, RBB 13 16]        899     r            7387                                                                                                                                       
   clk                                                Clock net     5           (fanout=489)      -2324                     -                                                                                                                                       
   clk                                                CLOCK-PORT    -                      -    capture     r            5063                                                                                                                                       
   -------------------------------------------------------------------------------------------------------------------------------------------------------------------------------------------------------------------------------------------------------------------


Path 109:
   Slack (not met):                         -3188ps
     Path type:                               SETUP
     Group:                              <UDEF_clk>
     Launching clock:                           clk (rising edge)
     Capturing clock:                           clk (rising edge)

     Requested period:                       2000ps
   + Delay of the capturing clock:           2347ps
   - Clock uncertainty:                       150ps
   = Required time:                          4197ps
   - Propagation time:                       5037ps (50.2% logic, 49.8% route, logic stage 2)
   - Delay of the launching clock:           2348ps
   = Slack:                                 -3188ps

   Instance/Pin or Net Name   Type         ID     Location or Fanout   Delay(ps)  Edge  Arrival Time(ps)    Instance detail                                                                                                                 
   -------------------------------------------------------------------------------------------------------------------------------------------------------------------------------------------------------------------------------------------
   clk                        CLOCK-PORT    -                      -     launch     r               0                                                                                                                                       
   clk                        Clock net     5           (fanout=489)       2348                     -                                                                                                                                       
   RBB_13/CLK                 RBB_6L       13  [TILE 0 0, RBB 10 10]          -     r            2348                                                                                                                                       
   -------------------------------------------------------------------------------------------------------------------------------------------------------------------------------------------------------------------------------------------
   RBB_13/BQ                  RBB_6L       13  [TILE 0 0, RBB 10 10]        800     r            3148     {inst11: U_uart_rx.FSM_STATE_FDRE_Q_1 (FD,site=bff)}                                                                              
   U_uart_rx.FSM_STATE[1]     Net          40             (fanout=8)       1635                     -                                                                                                                                       
   RBB_15/C5                  RBB_6L       15   [TILE 0 0, RBB 7 14]          -     r            4783                                                                                                                                       
   RBB_15/CMUX                RBB_6L       15   [TILE 0 0, RBB 7 14]        862     r            5645     {inst109: rx_LUT5_I0_3_I2_LUT3_O (LUT,site=cluto)}                                                                                
   rx_LUT5_I0_3_I2[0]         Net         167            (fanout=13)        875                     -                                                                                                                                       
   RBB_19/A5                  RBB_6L       19  [TILE 0 0, RBB 10 12]          -     r            6520     {inst97: rx_LUT5_I0_3_I2_CARRY4_O_O_LUT2_I1_O_LUT2_O_4 (LUT,site=alut)} {inst39: U_uart_rx.r_Clock_Count_FDRE_Q_4 (FDE,site=aff)} 
   -------------------------------------------------------------------------------------------------------------------------------------------------------------------------------------------------------------------------------------------
   RBB_19/CLK                 RBB_6L       19  [TILE 0 0, RBB 10 12]        865     r            7385                                                                                                                                       
   clk                        Clock net     5           (fanout=489)      -2347                     -                                                                                                                                       
   clk                        CLOCK-PORT    -                      -    capture     r            5038                                                                                                                                       
   -------------------------------------------------------------------------------------------------------------------------------------------------------------------------------------------------------------------------------------------


Path 111:
   Slack (not met):                         -3179ps
     Path type:                               SETUP
     Group:                              <UDEF_clk>
     Launching clock:                           clk (rising edge)
     Capturing clock:                           clk (rising edge)

     Requested period:                       2000ps
   + Delay of the capturing clock:           2347ps
   - Clock uncertainty:                       150ps
   = Required time:                          4197ps
   - Propagation time:                       5028ps (50.1% logic, 49.9% route, logic stage 2)
   - Delay of the launching clock:           2348ps
   = Slack:                                 -3179ps

   Instance/Pin or Net Name   Type         ID     Location or Fanout   Delay(ps)  Edge  Arrival Time(ps)    Instance detail                                                                                                                 
   -------------------------------------------------------------------------------------------------------------------------------------------------------------------------------------------------------------------------------------------
   clk                        CLOCK-PORT    -                      -     launch     r               0                                                                                                                                       
   clk                        Clock net     5           (fanout=489)       2348                     -                                                                                                                                       
   RBB_13/CLK                 RBB_6L       13  [TILE 0 0, RBB 10 10]          -     r            2348                                                                                                                                       
   -------------------------------------------------------------------------------------------------------------------------------------------------------------------------------------------------------------------------------------------
   RBB_13/BQ                  RBB_6L       13  [TILE 0 0, RBB 10 10]        800     r            3148     {inst11: U_uart_rx.FSM_STATE_FDRE_Q_1 (FD,site=bff)}                                                                              
   U_uart_rx.FSM_STATE[1]     Net          40             (fanout=8)       1635                     -                                                                                                                                       
   RBB_15/C5                  RBB_6L       15   [TILE 0 0, RBB 7 14]          -     r            4783                                                                                                                                       
   RBB_15/CMUX                RBB_6L       15   [TILE 0 0, RBB 7 14]        862     r            5645     {inst109: rx_LUT5_I0_3_I2_LUT3_O (LUT,site=cluto)}                                                                                
   rx_LUT5_I0_3_I2[0]         Net         167            (fanout=13)        875                     -                                                                                                                                       
   RBB_19/B5                  RBB_6L       19  [TILE 0 0, RBB 10 12]          -     r            6520     {inst95: rx_LUT5_I0_3_I2_CARRY4_O_O_LUT2_I1_O_LUT2_O_2 (LUT,site=blut)} {inst37: U_uart_rx.r_Clock_Count_FDRE_Q_2 (FDE,site=bff)} 
   -------------------------------------------------------------------------------------------------------------------------------------------------------------------------------------------------------------------------------------------
   RBB_19/CLK                 RBB_6L       19  [TILE 0 0, RBB 10 12]        856     r            7376                                                                                                                                       
   clk                        Clock net     5           (fanout=489)      -2347                     -                                                                                                                                       
   clk                        CLOCK-PORT    -                      -    capture     r            5029                                                                                                                                       
   -------------------------------------------------------------------------------------------------------------------------------------------------------------------------------------------------------------------------------------------


Path 113:
   Slack (not met):                         -3154ps
     Path type:                               SETUP
     Group:                              <UDEF_clk>
     Launching clock:                           clk (rising edge)
     Capturing clock:                           clk (rising edge)

     Requested period:                       2000ps
   + Delay of the capturing clock:           2321ps
   - Clock uncertainty:                       150ps
   = Required time:                          4171ps
   - Propagation time:                       4977ps (49.4% logic, 50.6% route, logic stage 2)
   - Delay of the launching clock:           2348ps
   = Slack:                                 -3154ps

   Instance/Pin or Net Name   Type         ID     Location or Fanout   Delay(ps)  Edge  Arrival Time(ps)    Instance detail                                                                                                                   
   ---------------------------------------------------------------------------------------------------------------------------------------------------------------------------------------------------------------------------------------------
   clk                        CLOCK-PORT    -                      -     launch     r               0                                                                                                                                         
   clk                        Clock net     5           (fanout=489)       2348                     -                                                                                                                                         
   RBB_13/CLK                 RBB_6L       13  [TILE 0 0, RBB 10 10]          -     r            2348                                                                                                                                         
   ---------------------------------------------------------------------------------------------------------------------------------------------------------------------------------------------------------------------------------------------
   RBB_13/BQ                  RBB_6L       13  [TILE 0 0, RBB 10 10]        800     r            3148     {inst11: U_uart_rx.FSM_STATE_FDRE_Q_1 (FD,site=bff)}                                                                                
   U_uart_rx.FSM_STATE[1]     Net          40             (fanout=8)       1635                     -                                                                                                                                         
   RBB_15/C5                  RBB_6L       15   [TILE 0 0, RBB 7 14]          -     r            4783                                                                                                                                         
   RBB_15/CMUX                RBB_6L       15   [TILE 0 0, RBB 7 14]        862     r            5645     {inst109: rx_LUT5_I0_3_I2_LUT3_O (LUT,site=cluto)}                                                                                  
   rx_LUT5_I0_3_I2[0]         Net         167            (fanout=13)        882                     -                                                                                                                                         
   RBB_16/B4                  RBB_6L       16  [TILE 0 0, RBB 13 14]          -     r            6527     {inst105: rx_LUT5_I0_3_I2_CARRY4_O_O_LUT2_I1_O_LUT5_O_1 (LUT,site=blut)} {inst32: U_uart_rx.r_Clock_Count_FDRE_Q_13 (FDE,site=bff)} 
   ---------------------------------------------------------------------------------------------------------------------------------------------------------------------------------------------------------------------------------------------
   RBB_16/CLK                 RBB_6L       16  [TILE 0 0, RBB 13 14]        798     r            7325                                                                                                                                         
   clk                        Clock net     5           (fanout=489)      -2321                     -                                                                                                                                         
   clk                        CLOCK-PORT    -                      -    capture     r            5004                                                                                                                                         
   ---------------------------------------------------------------------------------------------------------------------------------------------------------------------------------------------------------------------------------------------


Path 128:
   Slack (not met):                         -2412ps
     Path type:                               SETUP
     Group:                              <UDEF_clk>
     Launching clock:                           clk (rising edge)
     Capturing clock:                           clk (rising edge)

     Requested period:                       2000ps
   + Delay of the capturing clock:           2272ps
   - Clock uncertainty:                       150ps
   = Required time:                          4122ps
   - Propagation time:                       4217ps (37.6% logic, 62.4% route, logic stage 1)
   - Delay of the launching clock:           2317ps
   = Slack:                                 -2412ps

   Instance/Pin or Net Name   Type         ID     Location or Fanout   Delay(ps)  Edge  Arrival Time(ps)    Instance detail                                                                             
   -------------------------------------------------------------------------------------------------------------------------------------------------------------------------------------------------------
   clk                        CLOCK-PORT    -                      -     launch     r               0                                                                                                   
   clk                        Clock net     5           (fanout=489)       2317                     -                                                                                                   
   RBB_5/CLK                  RBB_6L        5   [TILE 0 0, RBB 7 10]          -     r            2317                                                                                                   
   -------------------------------------------------------------------------------------------------------------------------------------------------------------------------------------------------------
   RBB_5/AQ                   RBB_6L        5   [TILE 0 0, RBB 7 10]        800     r            3117     {inst24: U_uart_rx.r_Bit_Index_FDRE_Q_2 (FDRE,site=aff)}                                      
   U_uart_rx.r_Bit_Index[0]   Net          37             (fanout=7)       2632                     -                                                                                                   
   RBB_11/D5                  RBB_6L       11  [TILE 0 0, RBB 25 12]          -     r            5749     {inst76: rx_LUT5_I0_1 (LUT,site=dluto)} {inst46: U_uart_rx.r_RX_Byte_FDRE_Q_1 (FDE,site=dff)} 
   -------------------------------------------------------------------------------------------------------------------------------------------------------------------------------------------------------
   RBB_11/CLK                 RBB_6L       11  [TILE 0 0, RBB 25 12]        785     r            6534                                                                                                   
   clk                        Clock net     5           (fanout=489)      -2272                     -                                                                                                   
   clk                        CLOCK-PORT    -                      -    capture     r            4262                                                                                                   
   -------------------------------------------------------------------------------------------------------------------------------------------------------------------------------------------------------


Path 130:
   Slack (not met):                         -2337ps
     Path type:                               SETUP
     Group:                              <UDEF_clk>
     Launching clock:                           clk (rising edge)
     Capturing clock:                           clk (rising edge)

     Requested period:                       2000ps
   + Delay of the capturing clock:           2272ps
   - Clock uncertainty:                       150ps
   = Required time:                          4122ps
   - Propagation time:                       4142ps (36.5% logic, 63.5% route, logic stage 1)
   - Delay of the launching clock:           2317ps
   = Slack:                                 -2337ps

   Instance/Pin or Net Name   Type         ID     Location or Fanout   Delay(ps)  Edge  Arrival Time(ps)    Instance detail                                                                            
   ------------------------------------------------------------------------------------------------------------------------------------------------------------------------------------------------------
   clk                        CLOCK-PORT    -                      -     launch     r               0                                                                                                  
   clk                        Clock net     5           (fanout=489)       2317                     -                                                                                                  
   RBB_5/CLK                  RBB_6L        5   [TILE 0 0, RBB 7 10]          -     r            2317                                                                                                  
   ------------------------------------------------------------------------------------------------------------------------------------------------------------------------------------------------------
   RBB_5/AQ                   RBB_6L        5   [TILE 0 0, RBB 7 10]        800     r            3117     {inst24: U_uart_rx.r_Bit_Index_FDRE_Q_2 (FDRE,site=aff)}                                     
   U_uart_rx.r_Bit_Index[0]   Net          37             (fanout=7)       2632                     -                                                                                                  
   RBB_11/C5                  RBB_6L       11  [TILE 0 0, RBB 25 12]          -     r            5749     {inst115: rx_LUT5_I4 (LUT,site=cluto)} {inst47: U_uart_rx.r_RX_Byte_FDRE_Q_2 (FDE,site=cff)} 
   ------------------------------------------------------------------------------------------------------------------------------------------------------------------------------------------------------
   RBB_11/CLK                 RBB_6L       11  [TILE 0 0, RBB 25 12]        710     r            6459                                                                                                  
   clk                        Clock net     5           (fanout=489)      -2272                     -                                                                                                  
   clk                        CLOCK-PORT    -                      -    capture     r            4187                                                                                                  
   ------------------------------------------------------------------------------------------------------------------------------------------------------------------------------------------------------


Path 134:
   Slack (not met):                         -2198ps
     Path type:                               SETUP
     Group:                              <UDEF_clk>
     Launching clock:                           clk (rising edge)
     Capturing clock:                           clk (rising edge)

     Requested period:                       2000ps
   + Delay of the capturing clock:           2272ps
   - Clock uncertainty:                       150ps
   = Required time:                          4122ps
   - Propagation time:                       4003ps (39.0% logic, 61.0% route, logic stage 1)
   - Delay of the launching clock:           2317ps
   = Slack:                                 -2198ps

   Instance/Pin or Net Name   Type         ID     Location or Fanout   Delay(ps)  Edge  Arrival Time(ps)    Instance detail                                                                             
   -------------------------------------------------------------------------------------------------------------------------------------------------------------------------------------------------------
   clk                        CLOCK-PORT    -                      -     launch     r               0                                                                                                   
   clk                        Clock net     5           (fanout=489)       2317                     -                                                                                                   
   RBB_5/CLK                  RBB_6L        5   [TILE 0 0, RBB 7 10]          -     r            2317                                                                                                   
   -------------------------------------------------------------------------------------------------------------------------------------------------------------------------------------------------------
   RBB_5/DQ                   RBB_6L        5   [TILE 0 0, RBB 7 10]        800     r            3117     {inst22: U_uart_rx.r_Bit_Index_FDRE_Q (FDRE,site=dff)}                                        
   U_uart_rx.r_Bit_Index[2]   Net          35             (fanout=3)       2441                     -                                                                                                   
   RBB_11/D2                  RBB_6L       11  [TILE 0 0, RBB 25 12]          -     r            5558     {inst76: rx_LUT5_I0_1 (LUT,site=dluto)} {inst46: U_uart_rx.r_RX_Byte_FDRE_Q_1 (FDE,site=dff)} 
   -------------------------------------------------------------------------------------------------------------------------------------------------------------------------------------------------------
   RBB_11/CLK                 RBB_6L       11  [TILE 0 0, RBB 25 12]        762     r            6320                                                                                                   
   clk                        Clock net     5           (fanout=489)      -2272                     -                                                                                                   
   clk                        CLOCK-PORT    -                      -    capture     r            4048                                                                                                   
   -------------------------------------------------------------------------------------------------------------------------------------------------------------------------------------------------------


Path 133:
   Slack (not met):                         -2166ps
     Path type:                               SETUP
     Group:                              <UDEF_clk>
     Launching clock:                           clk (rising edge)
     Capturing clock:                           clk (rising edge)

     Requested period:                       2000ps
   + Delay of the capturing clock:           2272ps
   - Clock uncertainty:                       150ps
   = Required time:                          4122ps
   - Propagation time:                       3971ps (39.3% logic, 60.7% route, logic stage 1)
   - Delay of the launching clock:           2317ps
   = Slack:                                 -2166ps

   Instance/Pin or Net Name   Type         ID     Location or Fanout   Delay(ps)  Edge  Arrival Time(ps)    Instance detail                                                                             
   -------------------------------------------------------------------------------------------------------------------------------------------------------------------------------------------------------
   clk                        CLOCK-PORT    -                      -     launch     r               0                                                                                                   
   clk                        Clock net     5           (fanout=489)       2317                     -                                                                                                   
   RBB_5/CLK                  RBB_6L        5   [TILE 0 0, RBB 7 10]          -     r            2317                                                                                                   
   -------------------------------------------------------------------------------------------------------------------------------------------------------------------------------------------------------
   RBB_5/CQ                   RBB_6L        5   [TILE 0 0, RBB 7 10]        800     r            3117     {inst23: U_uart_rx.r_Bit_Index_FDRE_Q_1 (FDRE,site=cff)}                                      
   U_uart_rx.r_Bit_Index[1]   Net          36             (fanout=3)       2409                     -                                                                                                   
   RBB_11/D3                  RBB_6L       11  [TILE 0 0, RBB 25 12]          -     r            5526     {inst76: rx_LUT5_I0_1 (LUT,site=dluto)} {inst46: U_uart_rx.r_RX_Byte_FDRE_Q_1 (FDE,site=dff)} 
   -------------------------------------------------------------------------------------------------------------------------------------------------------------------------------------------------------
   RBB_11/CLK                 RBB_6L       11  [TILE 0 0, RBB 25 12]        762     r            6288                                                                                                   
   clk                        Clock net     5           (fanout=489)      -2272                     -                                                                                                   
   clk                        CLOCK-PORT    -                      -    capture     r            4016                                                                                                   
   -------------------------------------------------------------------------------------------------------------------------------------------------------------------------------------------------------


Path 126:
   Slack (not met):                         -1987ps
     Path type:                               SETUP
     Group:                              <UDEF_clk>
     Launching clock:                           clk (rising edge)
     Capturing clock:                           clk (rising edge)

     Requested period:                       2000ps
   + Delay of the capturing clock:           2208ps
   - Clock uncertainty:                       150ps
   = Required time:                          4058ps
   - Propagation time:                       3728ps (56.6% logic, 43.4% route, logic stage 1)
   - Delay of the launching clock:           2317ps
   = Slack:                                 -1987ps

   Instance/Pin or Net Name   Type         ID    Location or Fanout   Delay(ps)  Edge  Arrival Time(ps)    Instance detail                                                                          
   ---------------------------------------------------------------------------------------------------------------------------------------------------------------------------------------------------
   clk                        CLOCK-PORT    -                     -     launch     r               0                                                                                                
   clk                        Clock net     5          (fanout=489)       2317                     -                                                                                                
   RBB_5/CLK                  RBB_6L        5  [TILE 0 0, RBB 7 10]          -     r            2317                                                                                                
   ---------------------------------------------------------------------------------------------------------------------------------------------------------------------------------------------------
   RBB_5/AQ                   RBB_6L        5  [TILE 0 0, RBB 7 10]        800     r            3117     {inst24: U_uart_rx.r_Bit_Index_FDRE_Q_2 (FDRE,site=aff)}                                   
   U_uart_rx.r_Bit_Index[0]   Net          37            (fanout=7)       1618                     -                                                                                                
   RBB_20/C4                  RBB_6L       20  [TILE 0 0, RBB 13 8]          -     r            4735     {inst75: rx_LUT5_I0 (LUT,site=clut)} {inst50: U_uart_rx.r_RX_Byte_FDRE_Q_5 (FDE,site=cff)} 
   ---------------------------------------------------------------------------------------------------------------------------------------------------------------------------------------------------
   RBB_20/CLK                 RBB_6L       20  [TILE 0 0, RBB 13 8]       1310     r            6045                                                                                                
   clk                        Clock net     5          (fanout=489)      -2208                     -                                                                                                
   clk                        CLOCK-PORT    -                     -    capture     r            3837                                                                                                
   ---------------------------------------------------------------------------------------------------------------------------------------------------------------------------------------------------


Path 127:
   Slack (not met):                         -1973ps
     Path type:                               SETUP
     Group:                              <UDEF_clk>
     Launching clock:                           clk (rising edge)
     Capturing clock:                           clk (rising edge)

     Requested period:                       2000ps
   + Delay of the capturing clock:           2208ps
   - Clock uncertainty:                       150ps
   = Required time:                          4058ps
   - Propagation time:                       3714ps (56.1% logic, 43.9% route, logic stage 1)
   - Delay of the launching clock:           2317ps
   = Slack:                                 -1973ps

   Instance/Pin or Net Name   Type         ID    Location or Fanout   Delay(ps)  Edge  Arrival Time(ps)    Instance detail                                                                             
   ------------------------------------------------------------------------------------------------------------------------------------------------------------------------------------------------------
   clk                        CLOCK-PORT    -                     -     launch     r               0                                                                                                   
   clk                        Clock net     5          (fanout=489)       2317                     -                                                                                                   
   RBB_5/CLK                  RBB_6L        5  [TILE 0 0, RBB 7 10]          -     r            2317                                                                                                   
   ------------------------------------------------------------------------------------------------------------------------------------------------------------------------------------------------------
   RBB_5/AQ                   RBB_6L        5  [TILE 0 0, RBB 7 10]        800     r            3117     {inst24: U_uart_rx.r_Bit_Index_FDRE_Q_2 (FDRE,site=aff)}                                      
   U_uart_rx.r_Bit_Index[0]   Net          37            (fanout=7)       1629                     -                                                                                                   
   RBB_20/B4                  RBB_6L       20  [TILE 0 0, RBB 13 8]          -     r            4746     {inst116: rx_LUT5_I4_1 (LUT,site=blut)} {inst51: U_uart_rx.r_RX_Byte_FDRE_Q_6 (FDE,site=bff)} 
   ------------------------------------------------------------------------------------------------------------------------------------------------------------------------------------------------------
   RBB_20/CLK                 RBB_6L       20  [TILE 0 0, RBB 13 8]       1285     r            6031                                                                                                   
   clk                        Clock net     5          (fanout=489)      -2208                     -                                                                                                   
   clk                        CLOCK-PORT    -                     -    capture     r            3823                                                                                                   
   ------------------------------------------------------------------------------------------------------------------------------------------------------------------------------------------------------


Path 121:
   Slack (not met):                         -1776ps
     Path type:                               SETUP
     Group:                              <UDEF_clk>
     Launching clock:                           clk (rising edge)
     Capturing clock:                           clk (rising edge)

     Requested period:                       2000ps
   + Delay of the capturing clock:           2305ps
   - Clock uncertainty:                       150ps
   = Required time:                          4155ps
   - Propagation time:                       3616ps (61.3% logic, 38.7% route, logic stage 1)
   - Delay of the launching clock:           2315ps
   = Slack:                                 -1776ps

   Instance/Pin or Net Name   Type         ID    Location or Fanout   Delay(ps)  Edge  Arrival Time(ps)    Instance detail                                                                                                       
   --------------------------------------------------------------------------------------------------------------------------------------------------------------------------------------------------------------------------------
   clk                        CLOCK-PORT    -                     -     launch     r               0                                                                                                                             
   clk                        Clock net     5          (fanout=489)       2315                     -                                                                                                                             
   RBB_15/CLK                 RBB_6L       15  [TILE 0 0, RBB 7 14]          -     r            2315                                                                                                                             
   --------------------------------------------------------------------------------------------------------------------------------------------------------------------------------------------------------------------------------
   RBB_15/AQ                  RBB_6L       15  [TILE 0 0, RBB 7 14]        800     r            3115     {inst10: U_uart_rx.FSM_STATE_FDRE_Q (FD,site=aff)}                                                                      
   U_uart_rx.FSM_STATE[2]     Net          38            (fanout=9)       1398                     -                                                                                                                             
   RBB_14/D5                  RBB_6L       14   [TILE 0 0, RBB 7 8]          -     r            4513     {inst16: U_uart_rx.FSM_STATE_FDRE_Q_D_MUXF8_O_2 (MUXF,site=muxf8)} {inst12: U_uart_rx.FSM_STATE_FDRE_Q_2 (FD,site=bff)} 
   --------------------------------------------------------------------------------------------------------------------------------------------------------------------------------------------------------------------------------
   RBB_14/CLK                 RBB_6L       14   [TILE 0 0, RBB 7 8]       1418     r            5931                                                                                                                             
   clk                        Clock net     5          (fanout=489)      -2305                     -                                                                                                                             
   clk                        CLOCK-PORT    -                     -    capture     r            3626                                                                                                                             
   --------------------------------------------------------------------------------------------------------------------------------------------------------------------------------------------------------------------------------


Path 122:
   Slack (not met):                         -1629ps
     Path type:                               SETUP
     Group:                              <UDEF_clk>
     Launching clock:                           clk (rising edge)
     Capturing clock:                           clk (rising edge)

     Requested period:                       2000ps
   + Delay of the capturing clock:           2315ps
   - Clock uncertainty:                       150ps
   = Required time:                          4165ps
   - Propagation time:                       3489ps (50.0% logic, 50.0% route, logic stage 1)
   - Delay of the launching clock:           2305ps
   = Slack:                                 -1629ps

   Instance/Pin or Net Name   Type         ID    Location or Fanout   Delay(ps)  Edge  Arrival Time(ps)    Instance detail                                                                                                 
   --------------------------------------------------------------------------------------------------------------------------------------------------------------------------------------------------------------------------
   clk                        CLOCK-PORT    -                     -     launch     r               0                                                                                                                       
   clk                        Clock net     5          (fanout=489)       2305                     -                                                                                                                       
   RBB_14/CLK                 RBB_6L       14   [TILE 0 0, RBB 7 8]          -     r            2305                                                                                                                       
   --------------------------------------------------------------------------------------------------------------------------------------------------------------------------------------------------------------------------
   RBB_14/BQ                  RBB_6L       14   [TILE 0 0, RBB 7 8]        800     r            3105     {inst12: U_uart_rx.FSM_STATE_FDRE_Q_2 (FD,site=bff)}                                                              
   U_uart_rx.FSM_STATE[0]     Net          39            (fanout=7)       1745                     -                                                                                                                       
   RBB_15/A4                  RBB_6L       15  [TILE 0 0, RBB 7 14]          -     r            4850     {inst13: U_uart_rx.FSM_STATE_FDRE_Q_D_MUXF8_O (LUT,site=alut)} {inst10: U_uart_rx.FSM_STATE_FDRE_Q (FD,site=aff)} 
   --------------------------------------------------------------------------------------------------------------------------------------------------------------------------------------------------------------------------
   RBB_15/CLK                 RBB_6L       15  [TILE 0 0, RBB 7 14]        944     r            5794                                                                                                                       
   clk                        Clock net     5          (fanout=489)      -2315                     -                                                                                                                       
   clk                        CLOCK-PORT    -                     -    capture     r            3479                                                                                                                       
   --------------------------------------------------------------------------------------------------------------------------------------------------------------------------------------------------------------------------


Path 120:
   Slack (not met):                         -1598ps
     Path type:                               SETUP
     Group:                              <UDEF_clk>
     Launching clock:                           clk (rising edge)
     Capturing clock:                           clk (rising edge)

     Requested period:                       2000ps
   + Delay of the capturing clock:           2305ps
   - Clock uncertainty:                       150ps
   = Required time:                          4155ps
   - Propagation time:                       3438ps (59.3% logic, 40.7% route, logic stage 1)
   - Delay of the launching clock:           2315ps
   = Slack:                                 -1598ps

   Instance/Pin or Net Name   Type         ID    Location or Fanout   Delay(ps)  Edge  Arrival Time(ps)    Instance detail                                                                                                       
   --------------------------------------------------------------------------------------------------------------------------------------------------------------------------------------------------------------------------------
   clk                        CLOCK-PORT    -                     -     launch     r               0                                                                                                                             
   clk                        Clock net     5          (fanout=489)       2315                     -                                                                                                                             
   RBB_15/CLK                 RBB_6L       15  [TILE 0 0, RBB 7 14]          -     r            2315                                                                                                                             
   --------------------------------------------------------------------------------------------------------------------------------------------------------------------------------------------------------------------------------
   RBB_15/AQ                  RBB_6L       15  [TILE 0 0, RBB 7 14]        800     r            3115     {inst10: U_uart_rx.FSM_STATE_FDRE_Q (FD,site=aff)}                                                                      
   U_uart_rx.FSM_STATE[2]     Net          38            (fanout=9)       1398                     -                                                                                                                             
   RBB_14/A5                  RBB_6L       14   [TILE 0 0, RBB 7 8]          -     r            4513     {inst16: U_uart_rx.FSM_STATE_FDRE_Q_D_MUXF8_O_2 (MUXF,site=muxf8)} {inst12: U_uart_rx.FSM_STATE_FDRE_Q_2 (FD,site=bff)} 
   --------------------------------------------------------------------------------------------------------------------------------------------------------------------------------------------------------------------------------
   RBB_14/CLK                 RBB_6L       14   [TILE 0 0, RBB 7 8]       1240     r            5753                                                                                                                             
   clk                        Clock net     5          (fanout=489)      -2305                     -                                                                                                                             
   clk                        CLOCK-PORT    -                     -    capture     r            3448                                                                                                                             
   --------------------------------------------------------------------------------------------------------------------------------------------------------------------------------------------------------------------------------


Path 123:
   Slack (not met):                         -1488ps
     Path type:                               SETUP
     Group:                              <UDEF_clk>
     Launching clock:                           clk (rising edge)
     Capturing clock:                           clk (rising edge)

     Requested period:                       2000ps
   + Delay of the capturing clock:           2208ps
   - Clock uncertainty:                       150ps
   = Required time:                          4058ps
   - Propagation time:                       3198ps (66.1% logic, 33.9% route, logic stage 1)
   - Delay of the launching clock:           2348ps
   = Slack:                                 -1488ps

   Instance/Pin or Net Name   Type         ID     Location or Fanout   Delay(ps)  Edge  Arrival Time(ps)    Instance detail                                                                                             
   -----------------------------------------------------------------------------------------------------------------------------------------------------------------------------------------------------------------------
   clk                        CLOCK-PORT    -                      -     launch     r               0                                                                                                                   
   clk                        Clock net     5           (fanout=489)       2348                     -                                                                                                                   
   RBB_13/CLK                 RBB_6L       13  [TILE 0 0, RBB 10 10]          -     r            2348                                                                                                                   
   -----------------------------------------------------------------------------------------------------------------------------------------------------------------------------------------------------------------------
   RBB_13/BQ                  RBB_6L       13  [TILE 0 0, RBB 10 10]        800     r            3148     {inst11: U_uart_rx.FSM_STATE_FDRE_Q_1 (FD,site=bff)}                                                          
   U_uart_rx.FSM_STATE[1]     Net          40             (fanout=8)       1084                     -                                                                                                                   
   RBB_21/D1                  RBB_6L       21   [TILE 0 0, RBB 10 8]          -     r            4232     {inst57: U_uart_rx.r_RX_DV_FDRE_Q_D_LUT2_O (LUT,site=dlut)} {inst54: U_uart_rx.r_RX_DV_FDRE_Q (FDE,site=dff)} 
   -----------------------------------------------------------------------------------------------------------------------------------------------------------------------------------------------------------------------
   RBB_21/CLK                 RBB_6L       21   [TILE 0 0, RBB 10 8]       1314     r            5546                                                                                                                   
   clk                        Clock net     5           (fanout=489)      -2208                     -                                                                                                                   
   clk                        CLOCK-PORT    -                      -    capture     r            3338                                                                                                                   
   -----------------------------------------------------------------------------------------------------------------------------------------------------------------------------------------------------------------------


Path 124:
   Slack (not met):                         -1458ps
     Path type:                               SETUP
     Group:                              <UDEF_clk>
     Launching clock:                           clk (rising edge)
     Capturing clock:                           clk (rising edge)

     Requested period:                       2000ps
   + Delay of the capturing clock:           2208ps
   - Clock uncertainty:                       150ps
   = Required time:                          4058ps
   - Propagation time:                       3211ps (55.3% logic, 44.7% route, logic stage 1)
   - Delay of the launching clock:           2305ps
   = Slack:                                 -1458ps

   Instance/Pin or Net Name   Type         ID    Location or Fanout   Delay(ps)  Edge  Arrival Time(ps)    Instance detail                                                                                             
   ----------------------------------------------------------------------------------------------------------------------------------------------------------------------------------------------------------------------
   clk                        CLOCK-PORT    -                     -     launch     r               0                                                                                                                   
   clk                        Clock net     5          (fanout=489)       2305                     -                                                                                                                   
   RBB_14/CLK                 RBB_6L       14   [TILE 0 0, RBB 7 8]          -     r            2305                                                                                                                   
   ----------------------------------------------------------------------------------------------------------------------------------------------------------------------------------------------------------------------
   RBB_14/BQ                  RBB_6L       14   [TILE 0 0, RBB 7 8]        800     r            3105     {inst12: U_uart_rx.FSM_STATE_FDRE_Q_2 (FD,site=bff)}                                                          
   U_uart_rx.FSM_STATE[0]     Net          39            (fanout=7)       1435                     -                                                                                                                   
   RBB_21/D2                  RBB_6L       21  [TILE 0 0, RBB 10 8]          -     r            4540     {inst57: U_uart_rx.r_RX_DV_FDRE_Q_D_LUT2_O (LUT,site=dlut)} {inst54: U_uart_rx.r_RX_DV_FDRE_Q (FDE,site=dff)} 
   ----------------------------------------------------------------------------------------------------------------------------------------------------------------------------------------------------------------------
   RBB_21/CLK                 RBB_6L       21  [TILE 0 0, RBB 10 8]        976     r            5516                                                                                                                   
   clk                        Clock net     5          (fanout=489)      -2208                     -                                                                                                                   
   clk                        CLOCK-PORT    -                     -    capture     r            3308                                                                                                                   
   ----------------------------------------------------------------------------------------------------------------------------------------------------------------------------------------------------------------------


Path 125:
   Slack (not met):                         -1433ps
     Path type:                               SETUP
     Group:                              <UDEF_clk>
     Launching clock:                           clk (rising edge)
     Capturing clock:                           clk (rising edge)

     Requested period:                       2000ps
   + Delay of the capturing clock:           2305ps
   - Clock uncertainty:                       150ps
   = Required time:                          4155ps
   - Propagation time:                       3273ps (56.2% logic, 43.8% route, logic stage 1)
   - Delay of the launching clock:           2315ps
   = Slack:                                 -1433ps

   Instance/Pin or Net Name   Type         ID    Location or Fanout   Delay(ps)  Edge  Arrival Time(ps)    Instance detail                                                                                                       
   --------------------------------------------------------------------------------------------------------------------------------------------------------------------------------------------------------------------------------
   clk                        CLOCK-PORT    -                     -     launch     r               0                                                                                                                             
   clk                        Clock net     5          (fanout=489)       2315                     -                                                                                                                             
   RBB_15/CLK                 RBB_6L       15  [TILE 0 0, RBB 7 14]          -     r            2315                                                                                                                             
   --------------------------------------------------------------------------------------------------------------------------------------------------------------------------------------------------------------------------------
   RBB_15/AQ                  RBB_6L       15  [TILE 0 0, RBB 7 14]        800     r            3115     {inst10: U_uart_rx.FSM_STATE_FDRE_Q (FD,site=aff)}                                                                      
   U_uart_rx.FSM_STATE[2]     Net          38            (fanout=9)       1432                     -                                                                                                                             
   RBB_14/B6                  RBB_6L       14   [TILE 0 0, RBB 7 8]          -     r            4547     {inst16: U_uart_rx.FSM_STATE_FDRE_Q_D_MUXF8_O_2 (MUXF,site=muxf8)} {inst12: U_uart_rx.FSM_STATE_FDRE_Q_2 (FD,site=bff)} 
   --------------------------------------------------------------------------------------------------------------------------------------------------------------------------------------------------------------------------------
   RBB_14/CLK                 RBB_6L       14   [TILE 0 0, RBB 7 8]       1041     r            5588                                                                                                                             
   clk                        Clock net     5          (fanout=489)      -2305                     -                                                                                                                             
   clk                        CLOCK-PORT    -                     -    capture     r            3283                                                                                                                             
   --------------------------------------------------------------------------------------------------------------------------------------------------------------------------------------------------------------------------------


Path 136:
   Slack (not met):                         -1374ps
     Path type:                               SETUP
     Group:                              <UDEF_clk>
     Launching clock:                           clk (rising edge)
     Capturing clock:                           clk (rising edge)

     Requested period:                       2000ps
   + Delay of the capturing clock:           2317ps
   - Clock uncertainty:                       150ps
   = Required time:                          4167ps
   - Propagation time:                       3224ps (54.0% logic, 46.0% route, logic stage 1)
   - Delay of the launching clock:           2317ps
   = Slack:                                 -1374ps

   Instance/Pin or Net Name   Type         ID    Location or Fanout   Delay(ps)  Edge  Arrival Time(ps)    Instance detail                                                                                                       
   --------------------------------------------------------------------------------------------------------------------------------------------------------------------------------------------------------------------------------
   clk                        CLOCK-PORT    -                     -     launch     r               0                                                                                                                             
   clk                        Clock net     5          (fanout=489)       2317                     -                                                                                                                             
   RBB_5/CLK                  RBB_6L        5  [TILE 0 0, RBB 7 10]          -     r            2317                                                                                                                             
   --------------------------------------------------------------------------------------------------------------------------------------------------------------------------------------------------------------------------------
   RBB_5/AQ                   RBB_6L        5  [TILE 0 0, RBB 7 10]        800     r            3117     {inst24: U_uart_rx.r_Bit_Index_FDRE_Q_2 (FDRE,site=aff)}                                                                
   U_uart_rx.r_Bit_Index[0]   Net          37            (fanout=7)       1484                     -                                                                                                                             
   RBB_5/A1                   RBB_6L        5  [TILE 0 0, RBB 7 10]          -     r            4601     {inst26: U_uart_rx.r_Bit_Index_FDRE_Q_D_INV_O (LUT,site=alut)} {inst24: U_uart_rx.r_Bit_Index_FDRE_Q_2 (FDRE,site=aff)} 
   --------------------------------------------------------------------------------------------------------------------------------------------------------------------------------------------------------------------------------
   RBB_5/CLK                  RBB_6L        5  [TILE 0 0, RBB 7 10]        940     r            5541                                                                                                                             
   clk                        Clock net     5          (fanout=489)      -2317                     -                                                                                                                             
   clk                        CLOCK-PORT    -                     -    capture     r            3224                                                                                                                             
   --------------------------------------------------------------------------------------------------------------------------------------------------------------------------------------------------------------------------------


Path 139:
   Slack (not met):                         -1362ps
     Path type:                               SETUP
     Group:                              <UDEF_clk>
     Launching clock:                           clk (rising edge)
     Capturing clock:                           clk (rising edge)

     Requested period:                       2000ps
   + Delay of the capturing clock:           2208ps
   - Clock uncertainty:                       150ps
   = Required time:                          4058ps
   - Propagation time:                       3212ps (64.9% logic, 35.1% route, logic stage 1)
   - Delay of the launching clock:           2208ps
   = Slack:                                 -1362ps

   Instance/Pin or Net Name   Type         ID    Location or Fanout   Delay(ps)  Edge  Arrival Time(ps)    Instance detail                                                                             
   ------------------------------------------------------------------------------------------------------------------------------------------------------------------------------------------------------
   clk                        CLOCK-PORT    -                     -     launch     r               0                                                                                                   
   clk                        Clock net     5          (fanout=489)       2208                     -                                                                                                   
   RBB_20/CLK                 RBB_6L       20  [TILE 0 0, RBB 13 8]          -     r            2208                                                                                                   
   ------------------------------------------------------------------------------------------------------------------------------------------------------------------------------------------------------
   RBB_20/BQ                  RBB_6L       20  [TILE 0 0, RBB 13 8]        800     r            3008     {inst51: U_uart_rx.r_RX_Byte_FDRE_Q_6 (FDE,site=bff)}                                         
   U_uart_rx.r_RX_Byte[1]     Net          13            (fanout=3)       1127                     -                                                                                                   
   RBB_20/B1                  RBB_6L       20  [TILE 0 0, RBB 13 8]          -     r            4135     {inst116: rx_LUT5_I4_1 (LUT,site=blut)} {inst51: U_uart_rx.r_RX_Byte_FDRE_Q_6 (FDE,site=bff)} 
   ------------------------------------------------------------------------------------------------------------------------------------------------------------------------------------------------------
   RBB_20/CLK                 RBB_6L       20  [TILE 0 0, RBB 13 8]       1285     r            5420                                                                                                   
   clk                        Clock net     5          (fanout=489)      -2208                     -                                                                                                   
   clk                        CLOCK-PORT    -                     -    capture     r            3212                                                                                                   
   ------------------------------------------------------------------------------------------------------------------------------------------------------------------------------------------------------


Path 132:
   Slack (not met):                         -1341ps
     Path type:                               SETUP
     Group:                              <UDEF_clk>
     Launching clock:                           clk (rising edge)
     Capturing clock:                           clk (rising edge)

     Requested period:                       2000ps
   + Delay of the capturing clock:           2347ps
   - Clock uncertainty:                       150ps
   = Required time:                          4197ps
   - Propagation time:                       3221ps (47.9% logic, 52.1% route, logic stage 1)
   - Delay of the launching clock:           2317ps
   = Slack:                                 -1341ps

   Instance/Pin or Net Name   Type         ID     Location or Fanout   Delay(ps)  Edge  Arrival Time(ps)    Instance detail                                                                             
   -------------------------------------------------------------------------------------------------------------------------------------------------------------------------------------------------------
   clk                        CLOCK-PORT    -                      -     launch     r               0                                                                                                   
   clk                        Clock net     5           (fanout=489)       2317                     -                                                                                                   
   RBB_5/CLK                  RBB_6L        5   [TILE 0 0, RBB 7 10]          -     r            2317                                                                                                   
   -------------------------------------------------------------------------------------------------------------------------------------------------------------------------------------------------------
   RBB_5/AQ                   RBB_6L        5   [TILE 0 0, RBB 7 10]        800     r            3117     {inst24: U_uart_rx.r_Bit_Index_FDRE_Q_2 (FDRE,site=aff)}                                      
   U_uart_rx.r_Bit_Index[0]   Net          37             (fanout=7)       1679                     -                                                                                                   
   RBB_12/D3                  RBB_6L       12  [TILE 0 0, RBB 10 14]          -     r            4796     {inst77: rx_LUT5_I0_2 (LUT,site=dluto)} {inst48: U_uart_rx.r_RX_Byte_FDRE_Q_3 (FDE,site=dff)} 
   -------------------------------------------------------------------------------------------------------------------------------------------------------------------------------------------------------
   RBB_12/CLK                 RBB_6L       12  [TILE 0 0, RBB 10 14]        742     r            5538                                                                                                   
   clk                        Clock net     5           (fanout=489)      -2347                     -                                                                                                   
   clk                        CLOCK-PORT    -                      -    capture     r            3191                                                                                                   
   -------------------------------------------------------------------------------------------------------------------------------------------------------------------------------------------------------


Path 137:
   Slack (not met):                         -1300ps
     Path type:                               SETUP
     Group:                              <UDEF_clk>
     Launching clock:                           clk (rising edge)
     Capturing clock:                           clk (rising edge)

     Requested period:                       2000ps
   + Delay of the capturing clock:           2208ps
   - Clock uncertainty:                       150ps
   = Required time:                          4058ps
   - Propagation time:                       3150ps (66.6% logic, 33.4% route, logic stage 1)
   - Delay of the launching clock:           2208ps
   = Slack:                                 -1300ps

   Instance/Pin or Net Name   Type         ID    Location or Fanout   Delay(ps)  Edge  Arrival Time(ps)    Instance detail                                                                          
   ---------------------------------------------------------------------------------------------------------------------------------------------------------------------------------------------------
   clk                        CLOCK-PORT    -                     -     launch     r               0                                                                                                
   clk                        Clock net     5          (fanout=489)       2208                     -                                                                                                
   RBB_20/CLK                 RBB_6L       20  [TILE 0 0, RBB 13 8]          -     r            2208                                                                                                
   ---------------------------------------------------------------------------------------------------------------------------------------------------------------------------------------------------
   RBB_20/CQ                  RBB_6L       20  [TILE 0 0, RBB 13 8]        800     r            3008     {inst50: U_uart_rx.r_RX_Byte_FDRE_Q_5 (FDE,site=cff)}                                      
   U_uart_rx.r_RX_Byte[2]     Net          14            (fanout=2)       1052                     -                                                                                                
   RBB_20/C1                  RBB_6L       20  [TILE 0 0, RBB 13 8]          -     r            4060     {inst75: rx_LUT5_I0 (LUT,site=clut)} {inst50: U_uart_rx.r_RX_Byte_FDRE_Q_5 (FDE,site=cff)} 
   ---------------------------------------------------------------------------------------------------------------------------------------------------------------------------------------------------
   RBB_20/CLK                 RBB_6L       20  [TILE 0 0, RBB 13 8]       1298     r            5358                                                                                                
   clk                        Clock net     5          (fanout=489)      -2208                     -                                                                                                
   clk                        CLOCK-PORT    -                     -    capture     r            3150                                                                                                
   ---------------------------------------------------------------------------------------------------------------------------------------------------------------------------------------------------


Path 129:
   Slack (not met):                         -1289ps
     Path type:                               SETUP
     Group:                              <UDEF_clk>
     Launching clock:                           clk (rising edge)
     Capturing clock:                           clk (rising edge)

     Requested period:                       2000ps
   + Delay of the capturing clock:           2348ps
   - Clock uncertainty:                       150ps
   = Required time:                          4198ps
   - Propagation time:                       3182ps (48.1% logic, 51.9% route, logic stage 1)
   - Delay of the launching clock:           2305ps
   = Slack:                                 -1289ps

   Instance/Pin or Net Name   Type         ID     Location or Fanout   Delay(ps)  Edge  Arrival Time(ps)    Instance detail                                                                                                      
   --------------------------------------------------------------------------------------------------------------------------------------------------------------------------------------------------------------------------------
   clk                        CLOCK-PORT    -                      -     launch     r               0                                                                                                                            
   clk                        Clock net     5           (fanout=489)       2305                     -                                                                                                                            
   RBB_14/CLK                 RBB_6L       14    [TILE 0 0, RBB 7 8]          -     r            2305                                                                                                                            
   --------------------------------------------------------------------------------------------------------------------------------------------------------------------------------------------------------------------------------
   RBB_14/BQ                  RBB_6L       14    [TILE 0 0, RBB 7 8]        800     r            3105     {inst12: U_uart_rx.FSM_STATE_FDRE_Q_2 (FD,site=bff)}                                                                   
   U_uart_rx.FSM_STATE[0]     Net          39             (fanout=7)       1650                     -                                                                                                                            
   RBB_13/B5                  RBB_6L       13  [TILE 0 0, RBB 10 10]          -     r            4755     {inst14: U_uart_rx.FSM_STATE_FDRE_Q_D_MUXF8_O_1 (LUT,site=bluto)} {inst11: U_uart_rx.FSM_STATE_FDRE_Q_1 (FD,site=bff)} 
   --------------------------------------------------------------------------------------------------------------------------------------------------------------------------------------------------------------------------------
   RBB_13/CLK                 RBB_6L       13  [TILE 0 0, RBB 10 10]        732     r            5487                                                                                                                            
   clk                        Clock net     5           (fanout=489)      -2348                     -                                                                                                                            
   clk                        CLOCK-PORT    -                      -    capture     r            3139                                                                                                                            
   --------------------------------------------------------------------------------------------------------------------------------------------------------------------------------------------------------------------------------


Path 131:
   Slack (not met):                         -1230ps
     Path type:                               SETUP
     Group:                              <UDEF_clk>
     Launching clock:                           clk (rising edge)
     Capturing clock:                           clk (rising edge)

     Requested period:                       2000ps
   + Delay of the capturing clock:           2305ps
   - Clock uncertainty:                       150ps
   = Required time:                          4155ps
   - Propagation time:                       3037ps (53.0% logic, 47.0% route, logic stage 1)
   - Delay of the launching clock:           2348ps
   = Slack:                                 -1230ps

   Instance/Pin or Net Name   Type         ID     Location or Fanout   Delay(ps)  Edge  Arrival Time(ps)    Instance detail                                                                                                       
   ---------------------------------------------------------------------------------------------------------------------------------------------------------------------------------------------------------------------------------
   clk                        CLOCK-PORT    -                      -     launch     r               0                                                                                                                             
   clk                        Clock net     5           (fanout=489)       2348                     -                                                                                                                             
   RBB_13/CLK                 RBB_6L       13  [TILE 0 0, RBB 10 10]          -     r            2348                                                                                                                             
   ---------------------------------------------------------------------------------------------------------------------------------------------------------------------------------------------------------------------------------
   RBB_13/BQ                  RBB_6L       13  [TILE 0 0, RBB 10 10]        800     r            3148     {inst11: U_uart_rx.FSM_STATE_FDRE_Q_1 (FD,site=bff)}                                                                    
   U_uart_rx.FSM_STATE[1]     Net          40             (fanout=8)       1428                     -                                                                                                                             
   RBB_14/C6                  RBB_6L       14    [TILE 0 0, RBB 7 8]          -     r            4576     {inst16: U_uart_rx.FSM_STATE_FDRE_Q_D_MUXF8_O_2 (MUXF,site=muxf8)} {inst12: U_uart_rx.FSM_STATE_FDRE_Q_2 (FD,site=bff)} 
   ---------------------------------------------------------------------------------------------------------------------------------------------------------------------------------------------------------------------------------
   RBB_14/CLK                 RBB_6L       14    [TILE 0 0, RBB 7 8]        809     r            5385                                                                                                                             
   clk                        Clock net     5           (fanout=489)      -2305                     -                                                                                                                             
   clk                        CLOCK-PORT    -                      -    capture     r            3080                                                                                                                             
   ---------------------------------------------------------------------------------------------------------------------------------------------------------------------------------------------------------------------------------


Path 135:
   Slack (not met):                         -1196ps
     Path type:                               SETUP
     Group:                              <UDEF_clk>
     Launching clock:                           clk (rising edge)
     Capturing clock:                           clk (rising edge)

     Requested period:                       2000ps
   + Delay of the capturing clock:           2208ps
   - Clock uncertainty:                       150ps
   = Required time:                          4058ps
   - Propagation time:                       3046ps (61.7% logic, 38.3% route, logic stage 1)
   - Delay of the launching clock:           2208ps
   = Slack:                                 -1196ps

   Instance/Pin or Net Name   Type         ID    Location or Fanout   Delay(ps)  Edge  Arrival Time(ps)    Instance detail                                                                          
   ---------------------------------------------------------------------------------------------------------------------------------------------------------------------------------------------------
   clk                        CLOCK-PORT    -                     -     launch     r               0                                                                                                
   clk                        Clock net     5          (fanout=489)       2208                     -                                                                                                
   RBB_20/CLK                 RBB_6L       20  [TILE 0 0, RBB 13 8]          -     r            2208                                                                                                
   ---------------------------------------------------------------------------------------------------------------------------------------------------------------------------------------------------
   RBB_20/AQ                  RBB_6L       20  [TILE 0 0, RBB 13 8]        800     r            3008     {inst52: U_uart_rx.r_RX_Byte_FDRE_Q_7 (FDE,site=aff)}                                      
   U_uart_rx.r_RX_Byte[0]     Net          12            (fanout=3)       1168                     -                                                                                                
   RBB_20/A1                  RBB_6L       20  [TILE 0 0, RBB 13 8]          -     r            4176     {inst67: rx_LUT3_I0 (LUT,site=alut)} {inst52: U_uart_rx.r_RX_Byte_FDRE_Q_7 (FDE,site=aff)} 
   ---------------------------------------------------------------------------------------------------------------------------------------------------------------------------------------------------
   RBB_20/CLK                 RBB_6L       20  [TILE 0 0, RBB 13 8]       1078     r            5254                                                                                                
   clk                        Clock net     5          (fanout=489)      -2208                     -                                                                                                
   clk                        CLOCK-PORT    -                     -    capture     r            3046                                                                                                
   ---------------------------------------------------------------------------------------------------------------------------------------------------------------------------------------------------


Path 144:
   Slack (not met):                         -1111ps
     Path type:                               SETUP
     Group:                              <UDEF_clk>
     Launching clock:                           clk (rising edge)
     Capturing clock:                           clk (rising edge)

     Requested period:                       2000ps
   + Delay of the capturing clock:           2347ps
   - Clock uncertainty:                       150ps
   = Required time:                          4197ps
   - Propagation time:                       2961ps (52.1% logic, 47.9% route, logic stage 1)
   - Delay of the launching clock:           2347ps
   = Slack:                                 -1111ps

   Instance/Pin or Net Name   Type         ID     Location or Fanout   Delay(ps)  Edge  Arrival Time(ps)    Instance detail                                                                             
   -------------------------------------------------------------------------------------------------------------------------------------------------------------------------------------------------------
   clk                        CLOCK-PORT    -                      -     launch     r               0                                                                                                   
   clk                        Clock net     5           (fanout=489)       2347                     -                                                                                                   
   RBB_12/CLK                 RBB_6L       12  [TILE 0 0, RBB 10 14]          -     r            2347                                                                                                   
   -------------------------------------------------------------------------------------------------------------------------------------------------------------------------------------------------------
   RBB_12/DQ                  RBB_6L       12  [TILE 0 0, RBB 10 14]        800     r            3147     {inst48: U_uart_rx.r_RX_Byte_FDRE_Q_3 (FDE,site=dff)}                                         
   U_uart_rx.r_RX_Byte[4]     Net           8             (fanout=2)       1419                     -                                                                                                   
   RBB_12/D2                  RBB_6L       12  [TILE 0 0, RBB 10 14]          -     r            4566     {inst77: rx_LUT5_I0_2 (LUT,site=dluto)} {inst48: U_uart_rx.r_RX_Byte_FDRE_Q_3 (FDE,site=dff)} 
   -------------------------------------------------------------------------------------------------------------------------------------------------------------------------------------------------------
   RBB_12/CLK                 RBB_6L       12  [TILE 0 0, RBB 10 14]        742     r            5308                                                                                                   
   clk                        Clock net     5           (fanout=489)      -2347                     -                                                                                                   
   clk                        CLOCK-PORT    -                      -    capture     r            2961                                                                                                   
   -------------------------------------------------------------------------------------------------------------------------------------------------------------------------------------------------------


Path 138:
   Slack (not met):                          -970ps
     Path type:                               SETUP
     Group:                              <UDEF_clk>
     Launching clock:                           clk (rising edge)
     Capturing clock:                           clk (rising edge)

     Requested period:                       2000ps
   + Delay of the capturing clock:           2305ps
   - Clock uncertainty:                       150ps
   = Required time:                          4155ps
   - Propagation time:                       2820ps (61.0% logic, 39.0% route, logic stage 1)
   - Delay of the launching clock:           2305ps
   = Slack:                                  -970ps

   Instance/Pin or Net Name   Type         ID   Location or Fanout   Delay(ps)  Edge  Arrival Time(ps)    Instance detail                                                                                                       
   -------------------------------------------------------------------------------------------------------------------------------------------------------------------------------------------------------------------------------
   clk                        CLOCK-PORT    -                    -     launch     r               0                                                                                                                             
   clk                        Clock net     5         (fanout=489)       2305                     -                                                                                                                             
   RBB_14/CLK                 RBB_6L       14  [TILE 0 0, RBB 7 8]          -     r            2305                                                                                                                             
   -------------------------------------------------------------------------------------------------------------------------------------------------------------------------------------------------------------------------------
   RBB_14/BQ                  RBB_6L       14  [TILE 0 0, RBB 7 8]        800     r            3105     {inst12: U_uart_rx.FSM_STATE_FDRE_Q_2 (FD,site=bff)}                                                                    
   U_uart_rx.FSM_STATE[0]     Net          39           (fanout=7)       1099                     -                                                                                                                             
   RBB_14/A6                  RBB_6L       14  [TILE 0 0, RBB 7 8]          -     r            4204     {inst16: U_uart_rx.FSM_STATE_FDRE_Q_D_MUXF8_O_2 (MUXF,site=muxf8)} {inst12: U_uart_rx.FSM_STATE_FDRE_Q_2 (FD,site=bff)} 
   -------------------------------------------------------------------------------------------------------------------------------------------------------------------------------------------------------------------------------
   RBB_14/CLK                 RBB_6L       14  [TILE 0 0, RBB 7 8]        921     r            5125                                                                                                                             
   clk                        Clock net     5         (fanout=489)      -2305                     -                                                                                                                             
   clk                        CLOCK-PORT    -                    -    capture     r            2820                                                                                                                             
   -------------------------------------------------------------------------------------------------------------------------------------------------------------------------------------------------------------------------------


Path 142:
   Slack (not met):                          -778ps
     Path type:                               SETUP
     Group:                              <UDEF_clk>
     Launching clock:                           clk (rising edge)
     Capturing clock:                           clk (rising edge)

     Requested period:                       2000ps
   + Delay of the capturing clock:           2324ps
   - Clock uncertainty:                       150ps
   = Required time:                          4174ps
   - Propagation time:                       2628ps (56.2% logic, 43.8% route, logic stage 1)
   - Delay of the launching clock:           2324ps
   = Slack:                                  -778ps

   Instance/Pin or Net Name    Type         ID     Location or Fanout   Delay(ps)  Edge  Arrival Time(ps)    Instance detail                                                                                                                   
   ----------------------------------------------------------------------------------------------------------------------------------------------------------------------------------------------------------------------------------------------
   clk                         CLOCK-PORT    -                      -     launch     r               0                                                                                                                                         
   clk                         Clock net     5           (fanout=489)       2324                     -                                                                                                                                         
   RBB_18/CLK                  RBB_6L       18  [TILE 0 0, RBB 13 16]          -     r            2324                                                                                                                                         
   ----------------------------------------------------------------------------------------------------------------------------------------------------------------------------------------------------------------------------------------------
   RBB_18/CQ                   RBB_6L       18  [TILE 0 0, RBB 13 16]        800     r            3124     {inst36: U_uart_rx.r_Clock_Count_FDRE_Q_17 (FDE,site=cff)}                                                                          
   U_uart_rx.r_Clock_Count[0]  Net          23             (fanout=4)       1151                     -                                                                                                                                         
   RBB_18/C6                   RBB_6L       18  [TILE 0 0, RBB 13 16]          -     r            4275     {inst103: rx_LUT5_I0_3_I2_CARRY4_O_O_LUT2_I1_O_LUT4_O_3 (LUT,site=clut)} {inst36: U_uart_rx.r_Clock_Count_FDRE_Q_17 (FDE,site=cff)} 
   ----------------------------------------------------------------------------------------------------------------------------------------------------------------------------------------------------------------------------------------------
   RBB_18/CLK                  RBB_6L       18  [TILE 0 0, RBB 13 16]        677     r            4952                                                                                                                                         
   clk                         Clock net     5           (fanout=489)      -2324                     -                                                                                                                                         
   clk                         CLOCK-PORT    -                      -    capture     r            2628                                                                                                                                         
   ----------------------------------------------------------------------------------------------------------------------------------------------------------------------------------------------------------------------------------------------


Path 141:
   Slack (not met):                          -698ps
     Path type:                               SETUP
     Group:                              <UDEF_clk>
     Launching clock:                           clk (rising edge)
     Capturing clock:                           clk (rising edge)

     Requested period:                       2000ps
   + Delay of the capturing clock:           2272ps
   - Clock uncertainty:                       150ps
   = Required time:                          4122ps
   - Propagation time:                       2548ps (58.2% logic, 41.8% route, logic stage 1)
   - Delay of the launching clock:           2272ps
   = Slack:                                  -698ps

   Instance/Pin or Net Name   Type         ID     Location or Fanout   Delay(ps)  Edge  Arrival Time(ps)    Instance detail                                                                            
   ------------------------------------------------------------------------------------------------------------------------------------------------------------------------------------------------------
   clk                        CLOCK-PORT    -                      -     launch     r               0                                                                                                  
   clk                        Clock net     5           (fanout=489)       2272                     -                                                                                                  
   RBB_11/CLK                 RBB_6L       11  [TILE 0 0, RBB 25 12]          -     r            2272                                                                                                  
   ------------------------------------------------------------------------------------------------------------------------------------------------------------------------------------------------------
   RBB_11/CQ                  RBB_6L       11  [TILE 0 0, RBB 25 12]        800     r            3072     {inst47: U_uart_rx.r_RX_Byte_FDRE_Q_2 (FDE,site=cff)}                                        
   U_uart_rx.r_RX_Byte[5]     Net           9             (fanout=3)       1065                     -                                                                                                  
   RBB_11/C1                  RBB_6L       11  [TILE 0 0, RBB 25 12]          -     r            4137     {inst115: rx_LUT5_I4 (LUT,site=cluto)} {inst47: U_uart_rx.r_RX_Byte_FDRE_Q_2 (FDE,site=cff)} 
   ------------------------------------------------------------------------------------------------------------------------------------------------------------------------------------------------------
   RBB_11/CLK                 RBB_6L       11  [TILE 0 0, RBB 25 12]        683     r            4820                                                                                                  
   clk                        Clock net     5           (fanout=489)      -2272                     -                                                                                                  
   clk                        CLOCK-PORT    -                      -    capture     r            2548                                                                                                  
   ------------------------------------------------------------------------------------------------------------------------------------------------------------------------------------------------------


Path 140:
   Slack (not met):                          -698ps
     Path type:                               SETUP
     Group:                              <UDEF_clk>
     Launching clock:                           clk (rising edge)
     Capturing clock:                           clk (rising edge)

     Requested period:                       2000ps
   + Delay of the capturing clock:           2321ps
   - Clock uncertainty:                       150ps
   = Required time:                          4171ps
   - Propagation time:                       2548ps (58.2% logic, 41.8% route, logic stage 1)
   - Delay of the launching clock:           2321ps
   = Slack:                                  -698ps

   Instance/Pin or Net Name   Type         ID     Location or Fanout   Delay(ps)  Edge  Arrival Time(ps)    Instance detail                                                                                    
   --------------------------------------------------------------------------------------------------------------------------------------------------------------------------------------------------------------
   clk                        CLOCK-PORT    -                      -     launch     r               0                                                                                                          
   clk                        Clock net     5           (fanout=489)       2321                     -                                                                                                          
   RBB_7/CLK                  RBB_6L        7  [TILE 0 0, RBB 13 12]          -     r            2321                                                                                                          
   --------------------------------------------------------------------------------------------------------------------------------------------------------------------------------------------------------------
   RBB_7/CQ                   RBB_6L        7  [TILE 0 0, RBB 13 12]        800     r            3121     {inst49: U_uart_rx.r_RX_Byte_FDRE_Q_4 (FDE,site=cff)}                                                
   U_uart_rx.r_RX_Byte[3]     Net          15             (fanout=2)       1065                     -                                                                                                          
   RBB_7/C2                   RBB_6L        7  [TILE 0 0, RBB 13 12]          -     r            4186     {inst72: rx_LUT3_I0_O_LUT4_O (LUT,site=cluto)} {inst49: U_uart_rx.r_RX_Byte_FDRE_Q_4 (FDE,site=cff)} 
   --------------------------------------------------------------------------------------------------------------------------------------------------------------------------------------------------------------
   RBB_7/CLK                  RBB_6L        7  [TILE 0 0, RBB 13 12]        683     r            4869                                                                                                          
   clk                        Clock net     5           (fanout=489)      -2321                     -                                                                                                          
   clk                        CLOCK-PORT    -                      -    capture     r            2548                                                                                                          
   --------------------------------------------------------------------------------------------------------------------------------------------------------------------------------------------------------------


Path 143:
   Slack (not met):                          -578ps
     Path type:                               SETUP
     Group:                              <UDEF_clk>
     Launching clock:                           clk (rising edge)
     Capturing clock:                           clk (rising edge)

     Requested period:                       2000ps
   + Delay of the capturing clock:           2272ps
   - Clock uncertainty:                       150ps
   = Required time:                          4122ps
   - Propagation time:                       2428ps (54.2% logic, 45.8% route, logic stage 1)
   - Delay of the launching clock:           2272ps
   = Slack:                                  -578ps

   Instance/Pin or Net Name   Type         ID     Location or Fanout   Delay(ps)  Edge  Arrival Time(ps)    Instance detail                                                                             
   -------------------------------------------------------------------------------------------------------------------------------------------------------------------------------------------------------
   clk                        CLOCK-PORT    -                      -     launch     r               0                                                                                                   
   clk                        Clock net     5           (fanout=489)       2272                     -                                                                                                   
   RBB_11/CLK                 RBB_6L       11  [TILE 0 0, RBB 25 12]          -     r            2272                                                                                                   
   -------------------------------------------------------------------------------------------------------------------------------------------------------------------------------------------------------
   RBB_11/DQ                  RBB_6L       11  [TILE 0 0, RBB 25 12]        800     r            3072     {inst46: U_uart_rx.r_RX_Byte_FDRE_Q_1 (FDE,site=dff)}                                         
   U_uart_rx.r_RX_Byte[6]     Net          10             (fanout=2)       1111                     -                                                                                                   
   RBB_11/D1                  RBB_6L       11  [TILE 0 0, RBB 25 12]          -     r            4183     {inst76: rx_LUT5_I0_1 (LUT,site=dluto)} {inst46: U_uart_rx.r_RX_Byte_FDRE_Q_1 (FDE,site=dff)} 
   -------------------------------------------------------------------------------------------------------------------------------------------------------------------------------------------------------
   RBB_11/CLK                 RBB_6L       11  [TILE 0 0, RBB 25 12]        517     r            4700                                                                                                   
   clk                        Clock net     5           (fanout=489)      -2272                     -                                                                                                   
   clk                        CLOCK-PORT    -                      -    capture     r            2428                                                                                                   
   -------------------------------------------------------------------------------------------------------------------------------------------------------------------------------------------------------


Path 145:
   Slack (not met):                          -577ps
     Path type:                               SETUP
     Group:                              <UDEF_clk>
     Launching clock:                           clk (rising edge)
     Capturing clock:                           clk (rising edge)

     Requested period:                       2000ps
   + Delay of the capturing clock:           2321ps
   - Clock uncertainty:                       150ps
   = Required time:                          4171ps
   - Propagation time:                       2427ps (54.3% logic, 45.7% route, logic stage 1)
   - Delay of the launching clock:           2321ps
   = Slack:                                  -577ps

   Instance/Pin or Net Name   Type         ID     Location or Fanout   Delay(ps)  Edge  Arrival Time(ps)    Instance detail                                                                                  
   ------------------------------------------------------------------------------------------------------------------------------------------------------------------------------------------------------------
   clk                        CLOCK-PORT    -                      -     launch     r               0                                                                                                        
   clk                        Clock net     5           (fanout=489)       2321                     -                                                                                                        
   RBB_7/CLK                  RBB_6L        7  [TILE 0 0, RBB 13 12]          -     r            2321                                                                                                        
   ------------------------------------------------------------------------------------------------------------------------------------------------------------------------------------------------------------
   RBB_7/DQ                   RBB_6L        7  [TILE 0 0, RBB 13 12]        800     r            3121     {inst45: U_uart_rx.r_RX_Byte_FDRE_Q (FDE,site=dff)}                                                
   U_uart_rx.r_RX_Byte[7]     Net          11             (fanout=3)       1110                     -                                                                                                        
   RBB_7/D2                   RBB_6L        7  [TILE 0 0, RBB 13 12]          -     r            4231     {inst71: rx_LUT3_I0_O_LUT3_O (LUT,site=dluto)} {inst45: U_uart_rx.r_RX_Byte_FDRE_Q (FDE,site=dff)} 
   ------------------------------------------------------------------------------------------------------------------------------------------------------------------------------------------------------------
   RBB_7/CLK                  RBB_6L        7  [TILE 0 0, RBB 13 12]        517     r            4748                                                                                                        
   clk                        Clock net     5           (fanout=489)      -2321                     -                                                                                                        
   clk                        CLOCK-PORT    -                      -    capture     r            2427                                                                                                        
   ------------------------------------------------------------------------------------------------------------------------------------------------------------------------------------------------------------













